date,district,rainfall,wind_speed,temperature,humidity,soil_moisture,region,pop_density,slope,coastal,vulnerability_index,river_level,disaster_type,hazard_score,risk_level
20250625,Gondia,20.65,6.1,27.12,83.6,0.78,Vidarbha,253,5,0,0.7,-1.01,Normal,0.0936,Low
20250603,Gondia,0.05,12.4,31.09,53.65,0.55,Vidarbha,253,5,0,0.7,-1.67,Normal,0.0664,Low
20250718,Thane,2.04,9.6,26.79,88.48,0.95,Konkan,1157,5,1,0.75,-1.18,Normal,0.083,Low
20250321,Nanded,3.34,6.7,31.52,32.74,0.21,Marathwada,319,3,0,0.72,-1.27,Normal,0.0532,Low
20250608,Palghar,0.67,13.3,29.52,79.96,0.66,Konkan,362,8,1,0.7,-1.45,Normal,0.0706,Low
20250627,Sindhudurg,16.85,18.9,26.59,90.14,0.97,Konkan,167,20,1,0.75,-1.23,Normal,0.0986,Low
20250521,Gondia,13.63,5.9,33.51,50.14,0.56,Vidarbha,253,5,0,0.7,-1.17,Normal,0.0835,Low
20250314,Satara,0.0,5.9,29.77,40.27,0.13,Pune Division,287,15,0,0.7,-1.46,Normal,0.0437,Low
20250807,Beed,3.45,6.1,26.79,78.09,0.67,Marathwada,242,2,0,0.8,-1.12,Normal,0.0704,Low
20250925,Gadchiroli,38.0,8.3,25.17,95.15,0.98,Vidarbha,74,8,0,0.85,-0.99,Normal,0.1185,Low
20251025,Aurangabad,6.28,7.9,23.76,85.94,0.78,Marathwada,366,3,0,0.72,-1.29,Normal,0.075,Low
20250819,Parbhani,12.49,12.2,24.68,89.09,0.9,Marathwada,295,2,0,0.7,-1.15,Normal,0.0883,Low
20250828,Amravati,13.25,8.4,26.58,89.55,0.91,Vidarbha,237,4,0,0.68,-1.15,Normal,0.092,Low
20250524,Nanded,13.03,13.5,27.59,79.25,0.75,Marathwada,319,3,0,0.72,-1.13,Normal,0.085,Low
20250713,Chandrapur,0.03,10.3,27.82,81.6,0.87,Vidarbha,193,3,0,0.75,-1.7,Normal,0.0783,Low
20250828,Jalgaon,7.26,9.2,27.1,84.36,0.78,Nashik Division,360,3,0,0.65,-1.21,Normal,0.0801,Low
20250620,Parbhani,0.39,18.9,29.06,67.16,0.64,Marathwada,295,2,0,0.7,-1.65,Normal,0.0687,Low
20250403,Mumbai City,1.56,6.6,30.55,57.68,0.23,Konkan,19652,2,1,0.85,-1.68,Normal,0.0512,Low
20250926,Sindhudurg,16.83,8.7,25.0,90.99,0.9,Konkan,167,20,1,0.75,-0.95,Normal,0.0931,Low
20250619,Mumbai Suburban,55.21,18.1,27.38,90.74,0.98,Konkan,20980,3,1,0.8,-0.18,Normal,0.1384,Low
20250414,Washim,0.0,10.0,32.7,18.81,0.2,Vidarbha,244,3,0,0.65,-1.44,Normal,0.0509,Low
20250519,Raigad,13.45,7.8,28.4,82.51,0.69,Konkan,368,12,1,0.75,-1.24,Normal,0.0834,Low
20250520,Nanded,21.53,7.3,31.8,61.0,0.64,Marathwada,319,3,0,0.72,-1.35,Normal,0.0933,Low
20250928,Palghar,121.76,28.2,27.49,88.56,0.97,Konkan,362,8,1,0.7,0.09,Normal,0.2046,Low
20251018,Akola,0.14,4.9,24.32,83.53,0.82,Vidarbha,320,2,0,0.65,-1.36,Normal,0.0715,Low
20250501,Gondia,1.89,11.3,32.32,42.26,0.37,Vidarbha,253,5,0,0.7,-1.6,Normal,0.0608,Low
20250831,Ratnagiri,6.17,18.7,26.81,89.0,0.92,Konkan,197,18,1,0.8,-1.33,Normal,0.0857,Low
20250316,Nagpur,0.0,8.3,31.98,23.26,0.15,Vidarbha,470,3,0,0.7,-1.6,Normal,0.0475,Low
20250617,Amravati,5.99,15.9,30.14,62.68,0.66,Vidarbha,237,4,0,0.68,-1.18,Normal,0.0767,Low
20251001,Buldhana,0.17,4.3,25.18,79.41,0.86,Vidarbha,268,3,0,0.68,-1.48,Normal,0.0746,Low
20250807,Bhandara,7.38,4.1,28.16,80.27,0.92,Vidarbha,294,2,0,0.68,-1.52,Normal,0.0886,Low
20250512,Jalna,2.97,8.2,32.06,42.26,0.35,Marathwada,254,2,0,0.7,-1.57,Normal,0.0605,Low
20250716,Thane,9.19,10.8,26.83,90.72,0.96,Konkan,1157,5,1,0.75,-1.04,Normal,0.0907,Low
20250804,Gadchiroli,0.72,2.9,28.54,82.4,0.92,Vidarbha,74,8,0,0.85,-1.43,Normal,0.0824,Low
20250721,Dhule,1.92,8.1,29.31,71.37,0.62,Nashik Division,285,4,0,0.62,-1.5,Normal,0.0696,Low
20250729,Washim,3.21,20.6,24.47,85.13,0.82,Vidarbha,244,3,0,0.65,-1.29,Normal,0.0748,Low
20250930,Nagpur,6.7,5.2,26.26,87.83,0.95,Vidarbha,470,3,0,0.7,-1.4,Normal,0.087,Low
20250824,Nashik,9.97,20.6,22.76,92.41,0.95,Nashik Division,393,8,0,0.7,-1.18,Normal,0.0859,Low
20250401,Kolhapur,0.71,4.9,30.48,42.02,0.23,Pune Division,504,12,0,0.75,-1.46,Normal,0.0503,Low
20250620,Sindhudurg,26.37,16.6,26.76,90.61,0.96,Konkan,167,20,1,0.75,-0.72,Normal,0.1078,Low
20250816,Wardha,35.0,4.4,26.46,91.15,0.95,Vidarbha,206,2,0,0.65,-1.15,Normal,0.1156,Low
20250814,Yavatmal,15.63,5.8,26.37,87.27,0.9,Vidarbha,204,4,0,0.72,-0.52,Normal,0.0936,Low
20250709,Latur,3.18,16.2,25.86,76.21,0.74,Marathwada,343,2,0,0.75,-1.5,Normal,0.0725,Low
20250711,Chandrapur,0.2,10.1,27.13,81.5,0.89,Vidarbha,193,3,0,0.75,-1.4,Normal,0.0786,Low
20251007,Mumbai Suburban,4.27,5.3,25.81,87.87,0.93,Konkan,20980,3,1,0.8,-1.47,Normal,0.083,Low
20250321,Bhandara,0.15,9.5,30.29,29.77,0.13,Vidarbha,294,2,0,0.68,-1.58,Normal,0.0445,Low
20250728,Satara,15.77,22.7,23.22,93.08,0.97,Pune Division,287,15,0,0.7,-0.83,Normal,0.0933,Low
20251015,Thane,0.77,6.9,25.68,77.42,0.89,Konkan,1157,5,1,0.75,-1.55,Normal,0.0774,Low
20250927,Yavatmal,39.15,5.8,26.12,90.57,0.97,Vidarbha,204,4,0,0.72,-0.98,Normal,0.1203,Low
20250829,Bhandara,3.55,5.2,27.15,86.59,0.95,Vidarbha,294,2,0,0.68,-0.93,Normal,0.085,Low
20250428,Pune,0.01,7.6,30.61,41.94,0.17,Pune Division,603,10,0,0.75,-1.46,Normal,0.0468,Low
20250924,Gondia,11.65,7.9,26.08,88.05,0.94,Vidarbha,253,5,0,0.7,-1.26,Normal,0.0912,Low
20251023,Dhule,0.2,8.0,27.13,75.54,0.63,Nashik Division,285,4,0,0.62,-1.38,Normal,0.0656,Low
20251018,Chandrapur,0.0,5.4,23.84,85.37,0.89,Vidarbha,193,3,0,0.75,-1.51,Normal,0.0743,Low
20250319,Sindhudurg,0.0,8.6,29.9,52.21,0.12,Konkan,167,20,1,0.75,-1.81,Normal,0.0434,Low
20250807,Satara,1.75,6.7,23.84,93.02,0.92,Pune Division,287,15,0,0.7,-1.43,Normal,0.0776,Low
20251023,Solapur,1.12,11.4,24.95,78.55,0.8,Pune Division,290,2,0,0.7,-1.41,Normal,0.0723,Low
20251017,Hingoli,0.12,6.0,24.03,84.47,0.86,Marathwada,244,3,0,0.68,-1.41,Normal,0.0732,Low
20250926,Satara,17.73,7.1,22.98,92.47,0.93,Pune Division,287,15,0,0.7,-0.85,Normal,0.093,Low
20250927,Ahmednagar,20.96,13.8,24.01,89.72,0.91,Nashik Division,266,4,0,0.68,-1.21,Normal,0.0965,Low
20250621,Nanded,4.63,17.4,28.83,68.39,0.67,Marathwada,319,3,0,0.72,-1.6,Normal,0.0742,Low
20250316,Aurangabad,0.0,6.7,30.52,21.27,0.14,Marathwada,366,3,0,0.72,-1.44,Normal,0.0452,Low
20250918,Bhandara,7.01,4.4,26.93,88.24,0.95,Vidarbha,294,2,0,0.68,-1.78,Normal,0.0882,Low
20250515,Mumbai Suburban,3.36,5.7,30.49,69.38,0.53,Konkan,20980,3,1,0.8,-1.37,Normal,0.068,Low
20250525,Latur,2.48,15.5,27.09,77.32,0.73,Marathwada,343,2,0,0.75,-1.42,Normal,0.0728,Low
20250403,Washim,4.84,7.5,30.58,38.5,0.32,Vidarbha,244,3,0,0.65,-1.49,Normal,0.0591,Low
20250530,Raigad,3.96,13.5,28.83,82.38,0.84,Konkan,368,12,1,0.75,-1.29,Normal,0.082,Low
20250316,Yavatmal,0.0,7.7,32.08,20.15,0.14,Vidarbha,204,4,0,0.72,-1.21,Normal,0.0471,Low
20250620,Raigad,15.09,18.4,27.61,88.57,0.96,Konkan,368,12,1,0.75,-0.77,Normal,0.0976,Low
20250729,Raigad,15.29,20.4,25.62,90.33,0.98,Konkan,368,12,1,0.75,-1.05,Normal,0.0963,Low
20251011,Kolhapur,0.32,7.0,23.4,80.17,0.87,Pune Division,504,12,0,0.75,-1.53,Normal,0.0731,Low
20250617,Chandrapur,3.11,11.7,30.12,68.23,0.67,Vidarbha,193,3,0,0.75,-1.5,Normal,0.0743,Low
20250711,Parbhani,0.5,11.4,27.02,76.16,0.75,Marathwada,295,2,0,0.7,-1.6,Normal,0.0718,Low
20250308,Akola,0.0,7.4,28.18,14.21,0.16,Vidarbha,320,2,0,0.65,-1.49,Normal,0.0432,Low
20251022,Sangli,3.29,12.6,24.04,84.71,0.82,Pune Division,329,5,0,0.65,-1.35,Normal,0.0743,Low
20250807,Latur,15.17,3.6,26.0,84.79,0.87,Marathwada,343,2,0,0.75,-1.2,Normal,0.0912,Low
20251005,Sangli,0.35,8.0,22.96,87.55,0.88,Pune Division,329,5,0,0.65,-1.37,Normal,0.073,Low
20250607,Satara,13.41,7.5,25.11,88.55,0.89,Pune Division,287,15,0,0.7,-1.13,Normal,0.0893,Low
20250530,Parbhani,4.91,13.3,29.23,71.07,0.71,Marathwada,295,2,0,0.7,-1.44,Normal,0.0769,Low
20250809,Parbhani,5.98,7.3,24.83,86.55,0.81,Marathwada,295,2,0,0.7,-1.08,Normal,0.0775,Low
20250403,Aurangabad,2.7,6.3,30.45,34.73,0.24,Marathwada,366,3,0,0.72,-2.06,Normal,0.0528,Low
20250413,Sangli,0.0,9.1,30.12,29.84,0.2,Pune Division,329,5,0,0.65,-1.21,Normal,0.0477,Low
20250713,Nanded,0.02,14.0,27.58,73.52,0.72,Marathwada,319,3,0,0.72,-1.48,Normal,0.0705,Low
20250406,Jalna,0.0,7.6,31.12,17.88,0.24,Marathwada,254,2,0,0.7,-1.68,Normal,0.0509,Low
20250909,Palghar,0.18,11.4,27.37,80.37,0.94,Konkan,362,8,1,0.7,-1.41,Normal,0.0814,Low
20250831,Satara,11.63,13.1,23.88,92.61,0.95,Pune Division,287,15,0,0.7,-1.08,Normal,0.089,Low
20250609,Thane,0.19,10.0,28.45,81.76,0.8,Konkan,1157,5,1,0.75,-1.47,Normal,0.0758,Low
20250624,Buldhana,6.99,17.6,26.8,75.41,0.69,Vidarbha,268,3,0,0.68,-1.38,Normal,0.075,Low
20250318,Nandurbar,0.0,6.0,28.81,18.65,0.13,Nashik Division,277,10,0,0.72,-1.77,Normal,0.0425,Low
20250905,Ahmednagar,2.05,15.8,24.57,81.9,0.72,Nashik Division,266,4,0,0.68,-1.1,Normal,0.0688,Low
20250601,Akola,0.33,13.3,28.84,67.32,0.65,Vidarbha,320,2,0,0.65,-1.52,Normal,0.0689,Low
20250908,Ratnagiri,0.95,11.4,26.24,88.15,0.88,Konkan,197,18,1,0.8,-1.46,Normal,0.0778,Low
20250307,Solapur,0.0,6.3,27.11,8.52,0.16,Pune Division,290,2,0,0.7,-1.28,Normal,0.0419,Low
20250726,Akola,26.25,19.1,25.13,89.67,0.91,Vidarbha,320,2,0,0.65,-1.13,Normal,0.1032,Low
20250321,Nashik,0.0,8.3,25.62,37.7,0.13,Nashik Division,393,8,0,0.7,-1.66,Normal,0.0385,Low
20250906,Chandrapur,2.69,5.6,26.15,89.86,0.95,Vidarbha,193,3,0,0.75,-1.42,Normal,0.0829,Low
20250527,Gondia,3.44,5.1,31.63,61.72,0.57,Vidarbha,253,5,0,0.7,-1.21,Normal,0.0715,Low
20251028,Mumbai City,5.44,9.3,26.73,85.59,0.9,Konkan,19652,2,1,0.85,-1.27,Normal,0.0839,Low
20250326,Hingoli,0.0,4.4,30.97,14.29,0.16,Marathwada,244,3,0,0.68,-1.6,Normal,0.0467,Low
20250924,Chandrapur,10.84,9.2,26.45,89.21,0.95,Vidarbha,193,3,0,0.75,-0.96,Normal,0.0914,Low
20250411,Satara,0.03,7.7,28.21,55.12,0.23,Pune Division,287,15,0,0.7,-1.53,Normal,0.0468,Low
20250318,Mumbai City,0.02,7.0,29.41,43.21,0.21,Konkan,19652,2,1,0.85,-1.43,Normal,0.0473,Low
20250526,Osmanabad,8.67,14.0,26.84,79.23,0.78,Marathwada,219,3,0,0.75,-1.02,Normal,0.0812,Low
20250710,Jalna,0.88,10.2,25.76,77.77,0.73,Marathwada,254,2,0,0.7,-1.04,Normal,0.0696,Low
20250323,Parbhani,0.21,5.6,29.97,17.43,0.17,Marathwada,295,2,0,0.7,-1.27,Normal,0.0462,Low
20250314,Yavatmal,0.0,8.1,31.84,14.93,0.14,Vidarbha,204,4,0,0.72,-1.64,Normal,0.0468,Low
20250309,Mumbai City,0.0,8.1,30.18,39.44,0.21,Konkan,19652,2,1,0.85,-1.59,Normal,0.0482,Low
20251001,Mumbai City,7.33,12.4,25.72,90.8,0.97,Konkan,19652,2,1,0.85,-1.31,Normal,0.088,Low
20251025,Nandurbar,1.85,8.7,25.6,81.15,0.66,Nashik Division,277,10,0,0.72,-1.3,Normal,0.0668,Low
20250923,Kolhapur,2.0,10.2,22.62,89.14,0.88,Pune Division,504,12,0,0.75,-1.14,Normal,0.0743,Low
20250819,Buldhana,9.44,13.4,25.08,86.82,0.86,Vidarbha,268,3,0,0.68,-1.25,Normal,0.0838,Low
20251028,Dhule,5.2,6.9,26.29,81.25,0.71,Nashik Division,285,4,0,0.62,-1.35,Normal,0.0736,Low
20250529,Parbhani,7.75,14.6,29.31,70.84,0.72,Marathwada,295,2,0,0.7,-0.67,Normal,0.0804,Low
20250908,Nandurbar,0.73,9.3,25.21,85.97,0.85,Nashik Division,277,10,0,0.72,-1.58,Normal,0.0747,Low
20250618,Satara,31.56,21.6,25.26,92.17,0.96,Pune Division,287,15,0,0.7,-0.38,Normal,0.1111,Low
20250330,Palghar,0.38,11.7,28.67,62.53,0.23,Konkan,362,8,1,0.7,-1.26,Normal,0.0477,Low
20251012,Ratnagiri,0.1,11.6,27.55,78.64,0.81,Konkan,197,18,1,0.8,-1.44,Normal,0.075,Low
20250829,Beed,12.73,12.4,25.48,80.96,0.81,Marathwada,242,2,0,0.8,-1.36,Normal,0.0851,Low
20250923,Bhandara,0.6,5.7,26.81,84.07,0.93,Vidarbha,294,2,0,0.68,-0.86,Normal,0.0806,Low
20250505,Jalna,0.05,11.2,31.76,32.26,0.13,Marathwada,254,2,0,0.7,-1.39,Normal,0.0463,Low
20251020,Osmanabad,1.15,9.5,22.92,84.98,0.85,Marathwada,219,3,0,0.75,-1.66,Normal,0.0723,Low
20250622,Latur,0.04,20.1,27.57,68.25,0.67,Marathwada,343,2,0,0.75,-1.49,Normal,0.068,Low
20250715,Dhule,5.69,11.5,28.35,75.73,0.7,Nashik Division,285,4,0,0.62,-1.27,Normal,0.0761,Low
20250910,Akola,3.73,8.9,25.52,85.39,0.87,Vidarbha,320,2,0,0.65,-1.23,Normal,0.0791,Low
20250314,Parbhani,0.0,5.4,31.78,17.9,0.13,Marathwada,295,2,0,0.7,-1.67,Normal,0.0462,Low
20250719,Wardha,0.01,5.6,27.82,79.58,0.79,Vidarbha,206,2,0,0.65,-1.17,Normal,0.0743,Low
20250721,Ahmednagar,3.7,12.5,26.72,75.77,0.67,Nashik Division,266,4,0,0.68,-1.55,Normal,0.0706,Low
20250420,Gondia,0.0,7.5,35.05,16.94,0.2,Vidarbha,253,5,0,0.7,-1.92,Normal,0.0538,Low
20251016,Osmanabad,0.02,7.5,24.14,82.65,0.87,Marathwada,219,3,0,0.75,-1.64,Normal,0.0737,Low
20250309,Washim,0.0,7.3,27.71,17.89,0.15,Vidarbha,244,3,0,0.65,-1.6,Normal,0.0421,Low
20250714,Solapur,1.0,19.8,27.19,72.07,0.66,Pune Division,290,2,0,0.7,-1.82,Normal,0.068,Low
20250930,Bhandara,12.4,4.1,26.34,87.62,0.95,Vidarbha,294,2,0,0.68,-1.4,Normal,0.0928,Low
20250313,Washim,0.0,6.8,30.51,18.79,0.14,Vidarbha,244,3,0,0.65,-1.27,Normal,0.0451,Low
20250902,Gadchiroli,32.89,4.4,26.31,90.09,0.97,Vidarbha,74,8,0,0.85,-0.91,Normal,0.1143,Low
20250522,Raigad,23.5,4.4,27.88,85.87,0.8,Konkan,368,12,1,0.75,-0.85,Normal,0.0983,Low
20250614,Osmanabad,0.76,10.2,27.56,77.0,0.73,Marathwada,219,3,0,0.75,-1.55,Normal,0.0717,Low
20250915,Osmanabad,11.6,8.9,24.51,90.7,0.93,Marathwada,219,3,0,0.75,-1.53,Normal,0.0887,Low
20250404,Palghar,0.72,10.4,28.5,71.57,0.31,Konkan,362,8,1,0.7,-1.1,Normal,0.0518,Low
20250909,Gadchiroli,16.51,4.5,26.37,90.55,0.96,Vidarbha,74,8,0,0.85,-0.86,Normal,0.0975,Low
20250313,Sangli,0.0,6.2,29.42,32.22,0.15,Pune Division,329,5,0,0.65,-1.4,Normal,0.0443,Low
20250330,Nashik,0.0,7.7,30.64,16.25,0.12,Nashik Division,393,8,0,0.7,-1.45,Normal,0.0443,Low
20250630,Gondia,27.65,18.6,25.61,88.23,0.89,Vidarbha,253,5,0,0.7,-0.42,Normal,0.1042,Low
20250920,Jalgaon,3.91,7.6,26.22,87.78,0.81,Nashik Division,360,3,0,0.65,-1.21,Normal,0.0772,Low
20250624,Chandrapur,13.28,13.6,28.53,75.84,0.76,Vidarbha,193,3,0,0.75,-0.8,Normal,0.0869,Low
20250414,Chandrapur,0.01,4.9,34.37,19.91,0.23,Vidarbha,193,3,0,0.75,-1.65,Normal,0.0545,Low
20250926,Nashik,6.54,6.8,23.28,91.53,0.95,Nashik Division,393,8,0,0.7,-1.37,Normal,0.0831,Low
20250723,Ratnagiri,18.54,21.7,27.33,87.45,0.89,Konkan,197,18,1,0.8,-1.11,Normal,0.0972,Low
20250613,Amravati,0.3,9.0,32.0,62.59,0.57,Vidarbha,237,4,0,0.68,-1.2,Normal,0.0688,Low
20250401,Chandrapur,0.84,7.9,32.36,31.97,0.16,Vidarbha,193,3,0,0.75,-1.59,Normal,0.0493,Low
20250310,Osmanabad,0.0,10.7,28.51,32.28,0.15,Marathwada,219,3,0,0.75,-1.57,Normal,0.0431,Low
20250825,Latur,0.03,14.9,24.95,79.67,0.84,Marathwada,343,2,0,0.75,-1.19,Normal,0.0732,Low
20251013,Amravati,0.0,4.8,23.24,80.54,0.84,Vidarbha,237,4,0,0.68,-1.33,Normal,0.071,Low
20250326,Thane,0.07,7.7,29.33,51.77,0.21,Konkan,1157,5,1,0.75,-1.34,Normal,0.0472,Low
20250905,Gadchiroli,0.92,6.4,26.38,87.38,0.95,Vidarbha,74,8,0,0.85,-1.56,Normal,0.0814,Low
20250716,Sindhudurg,10.04,16.8,26.15,90.17,0.96,Konkan,167,20,1,0.75,-0.7,Normal,0.0907,Low
20250901,Akola,7.37,8.6,25.58,87.6,0.88,Vidarbha,320,2,0,0.65,-1.99,Normal,0.0833,Low
20250406,Jalgaon,0.0,7.7,32.62,14.77,0.2,Nashik Division,360,3,0,0.65,-1.58,Normal,0.0508,Low
20250608,Mumbai City,0.57,6.9,28.34,81.89,0.81,Konkan,19652,2,1,0.85,-1.39,Normal,0.0765,Low
20250305,Beed,0.0,10.7,25.51,15.02,0.15,Marathwada,242,2,0,0.8,-1.78,Normal,0.0394,Low
20250621,Gondia,5.28,11.8,29.24,69.33,0.62,Vidarbha,253,5,0,0.7,-0.96,Normal,0.0728,Low
20250410,Gadchiroli,0.76,7.1,33.48,34.48,0.2,Vidarbha,74,8,0,0.85,-1.23,Normal,0.0526,Low
20250702,Kolhapur,15.95,19.5,24.03,91.3,0.91,Pune Division,504,12,0,0.75,-0.95,Normal,0.0915,Low
20250511,Nagpur,0.43,4.3,34.79,40.11,0.37,Vidarbha,470,3,0,0.7,-1.77,Normal,0.0624,Low
20250915,Sindhudurg,11.52,10.7,25.05,91.15,0.91,Konkan,167,20,1,0.75,-1.15,Normal,0.0883,Low
20250523,Yavatmal,1.46,8.0,29.84,63.58,0.6,Vidarbha,204,4,0,0.72,-1.42,Normal,0.0688,Low
20250722,Amravati,7.6,9.6,27.15,83.48,0.8,Vidarbha,237,4,0,0.68,-1.23,Normal,0.0815,Low
20251014,Ratnagiri,0.0,13.1,27.2,78.2,0.8,Konkan,197,18,1,0.8,-1.41,Normal,0.074,Low
20250810,Hingoli,1.67,6.9,25.17,82.17,0.79,Marathwada,244,3,0,0.68,-1.49,Normal,0.0726,Low
20251023,Palghar,1.51,12.6,28.64,82.09,0.84,Konkan,362,8,1,0.7,-1.58,Normal,0.0793,Low
20250307,Satara,0.0,6.8,27.8,14.28,0.14,Pune Division,287,15,0,0.7,-1.54,Normal,0.0418,Low
20250423,Sangli,1.7,8.4,31.59,44.28,0.38,Pune Division,329,5,0,0.65,-1.53,Normal,0.0602,Low
20250815,Nagpur,5.06,4.8,26.67,87.61,0.91,Vidarbha,470,3,0,0.7,-1.02,Normal,0.0839,Low
20251007,Latur,1.22,6.7,23.78,86.18,0.93,Marathwada,343,2,0,0.75,-1.65,Normal,0.0774,Low
20250607,Beed,0.27,11.7,28.92,66.75,0.66,Marathwada,242,2,0,0.8,-1.62,Normal,0.0694,Low
20250506,Buldhana,0.63,13.3,31.49,30.2,0.18,Vidarbha,268,3,0,0.68,-1.27,Normal,0.049,Low
20250625,Pune,7.5,22.8,24.58,89.3,0.91,Pune Division,603,10,0,0.75,-1.11,Normal,0.0837,Low
20250520,Osmanabad,12.52,6.9,29.97,66.88,0.7,Marathwada,219,3,0,0.75,-1.22,Normal,0.085,Low
20250430,Pune,0.0,10.9,30.17,41.74,0.16,Pune Division,603,10,0,0.75,-1.76,Normal,0.0457,Low
20250412,Pune,0.0,10.0,27.05,49.49,0.24,Pune Division,603,10,0,0.75,-1.31,Normal,0.0458,Low
20250809,Nandurbar,0.3,9.7,25.86,82.47,0.69,Nashik Division,277,10,0,0.72,-1.63,Normal,0.0671,Low
20250829,Ratnagiri,21.9,18.6,26.68,90.24,0.93,Konkan,197,18,1,0.8,-1.34,Normal,0.1018,Low
20250817,Jalna,12.39,7.6,24.31,88.02,0.85,Marathwada,254,2,0,0.7,-0.84,Normal,0.0853,Low
20250601,Parbhani,1.73,13.3,28.55,67.88,0.65,Marathwada,295,2,0,0.7,-1.69,Normal,0.0699,Low
20251018,Ahmednagar,0.0,6.7,23.79,77.73,0.76,Nashik Division,266,4,0,0.68,-1.33,Normal,0.0677,Low
20250818,Parbhani,17.46,11.2,24.86,90.22,0.91,Marathwada,295,2,0,0.7,-1.06,Normal,0.094,Low
20250524,Sindhudurg,17.57,18.0,26.77,89.87,0.87,Konkan,167,20,1,0.75,-0.43,Normal,0.0945,Low
20250626,Raigad,11.65,18.7,27.18,88.24,0.95,Konkan,368,12,1,0.75,-1.54,Normal,0.0931,Low
20250707,Nashik,20.52,20.2,23.77,92.25,0.97,Nashik Division,393,8,0,0.7,-0.71,Normal,0.0987,Low
20250715,Yavatmal,1.13,6.5,28.18,78.66,0.8,Vidarbha,204,4,0,0.72,-1.55,Normal,0.0764,Low
20250721,Buldhana,6.89,7.1,27.68,76.16,0.76,Vidarbha,268,3,0,0.68,-1.54,Normal,0.0795,Low
20251017,Washim,0.17,5.9,23.81,84.45,0.84,Vidarbha,244,3,0,0.65,-1.34,Normal,0.0719,Low
20250517,Ratnagiri,3.41,9.0,29.23,78.72,0.42,Konkan,197,18,1,0.8,-1.45,Normal,0.0609,Low
20250709,Sangli,3.58,19.9,23.81,89.07,0.89,Pune Division,329,5,0,0.65,-1.31,Normal,0.0778,Low
20250304,Osmanabad,0.0,11.1,29.0,20.38,0.16,Marathwada,219,3,0,0.75,-1.8,Normal,0.0442,Low
20251022,Mumbai City,1.13,7.5,27.43,81.0,0.87,Konkan,19652,2,1,0.85,-1.22,Normal,0.0789,Low
20250709,Solapur,2.06,18.5,26.32,75.77,0.7,Pune Division,290,2,0,0.7,-1.06,Normal,0.07,Low
20250528,Washim,64.3,15.0,27.61,77.91,0.79,Vidarbha,244,3,0,0.65,-0.83,Normal,0.1383,Low
20250409,Amravati,0.04,5.2,34.06,22.41,0.26,Vidarbha,237,4,0,0.68,-1.1,Normal,0.0556,Low
20250409,Chandrapur,0.64,9.5,33.83,33.45,0.23,Vidarbha,193,3,0,0.75,-1.42,Normal,0.0544,Low
20250706,Palghar,27.87,28.3,28.18,84.83,0.95,Konkan,362,8,1,0.7,-0.48,Normal,0.1106,Low
20250520,Gadchiroli,0.09,7.9,35.38,43.28,0.33,Vidarbha,74,8,0,0.85,-1.26,Normal,0.0608,Low
20250306,Nanded,0.0,8.5,24.48,6.55,0.14,Marathwada,319,3,0,0.72,-1.04,Normal,0.0376,Low
20250417,Thane,0.0,7.6,30.89,58.98,0.18,Konkan,1157,5,1,0.75,-1.58,Normal,0.0476,Low
20250923,Aurangabad,5.09,10.5,24.69,87.62,0.86,Marathwada,366,3,0,0.72,-1.45,Normal,0.079,Low
20250915,Palghar,35.9,18.0,27.55,86.53,0.94,Konkan,362,8,1,0.7,-1.43,Normal,0.1173,Low
20250907,Dhule,1.44,10.3,26.54,82.41,0.75,Nashik Division,285,4,0,0.62,-1.57,Normal,0.0721,Low
20250506,Nanded,3.9,7.3,32.12,29.92,0.33,Marathwada,319,3,0,0.72,-1.67,Normal,0.0606,Low
20250614,Raigad,33.98,10.8,27.75,91.67,0.93,Konkan,368,12,1,0.75,-0.18,Normal,0.1152,Low
20251009,Sindhudurg,4.74,6.7,26.57,85.58,0.89,Konkan,167,20,1,0.75,-1.09,Normal,0.0825,Low
20250704,Gadchiroli,17.49,8.7,26.15,90.0,0.87,Vidarbha,74,8,0,0.85,-0.81,Normal,0.0937,Low
20251024,Pune,6.63,10.0,23.81,88.14,0.88,Pune Division,603,10,0,0.75,-1.48,Normal,0.0804,Low
20250609,Osmanabad,6.6,16.6,28.5,68.95,0.74,Marathwada,219,3,0,0.75,-1.53,Normal,0.0792,Low
20250724,Gadchiroli,61.9,10.9,25.59,93.85,0.99,Vidarbha,74,8,0,0.85,-0.23,Normal,0.1434,Low
20250904,Nashik,9.72,13.6,22.89,92.91,0.94,Nashik Division,393,8,0,0.7,-0.83,Normal,0.0853,Low
20250913,Akola,15.1,7.3,25.4,88.44,0.93,Vidarbha,320,2,0,0.65,-1.42,Normal,0.0934,Low
20250403,Kolhapur,1.13,6.2,29.21,52.85,0.28,Pune Division,504,12,0,0.75,-1.56,Normal,0.0516,Low
20250327,Nagpur,0.0,4.5,32.75,13.38,0.14,Vidarbha,470,3,0,0.7,-1.68,Normal,0.0479,Low
20250522,Bhandara,1.25,7.4,31.29,59.97,0.59,Vidarbha,294,2,0,0.68,-1.05,Normal,0.0699,Low
20250510,Raigad,2.92,7.2,29.16,69.76,0.63,Konkan,368,12,1,0.75,-1.48,Normal,0.0709,Low
20250418,Sangli,0.01,10.2,30.4,50.48,0.17,Pune Division,329,5,0,0.65,-1.34,Normal,0.0465,Low
20250702,Parbhani,8.16,16.1,25.6,82.65,0.8,Marathwada,295,2,0,0.7,-1.37,Normal,0.0802,Low
20250708,Aurangabad,4.95,15.4,24.45,84.39,0.77,Marathwada,366,3,0,0.72,-1.07,Normal,0.074,Low
20251017,Parbhani,0.12,6.0,24.03,84.47,0.86,Marathwada,295,2,0,0.7,-1.59,Normal,0.0732,Low
20250902,Beed,1.54,13.8,25.98,78.82,0.74,Marathwada,242,2,0,0.8,-1.84,Normal,0.071,Low
20250922,Jalgaon,8.92,7.4,26.07,89.69,0.85,Nashik Division,360,3,0,0.65,-1.27,Normal,0.084,Low
20250430,Kolhapur,0.0,9.0,31.29,42.38,0.33,Pune Division,504,12,0,0.75,-1.26,Normal,0.0556,Low
20250708,Latur,1.78,18.1,25.04,79.51,0.73,Marathwada,343,2,0,0.75,-1.38,Normal,0.0696,Low
20250810,Akola,1.6,8.7,25.92,81.08,0.79,Vidarbha,320,2,0,0.65,-1.42,Normal,0.0735,Low
20250912,Yavatmal,36.58,8.3,24.9,92.01,0.96,Vidarbha,204,4,0,0.72,-0.96,Normal,0.1157,Low
20250404,Chandrapur,0.3,4.4,31.96,35.2,0.34,Vidarbha,193,3,0,0.75,-1.21,Normal,0.0573,Low
20250511,Gadchiroli,0.07,2.2,35.07,35.93,0.36,Vidarbha,74,8,0,0.85,-1.49,Normal,0.0619,Low
20251013,Thane,0.0,8.4,24.91,73.02,0.89,Konkan,1157,5,1,0.75,-1.48,Normal,0.0756,Low
20250622,Nagpur,1.56,13.2,29.44,66.67,0.61,Vidarbha,470,3,0,0.7,-1.54,Normal,0.0689,Low
20250907,Buldhana,1.15,9.8,25.7,84.15,0.85,Vidarbha,268,3,0,0.68,-1.5,Normal,0.0758,Low
20250605,Amravati,4.0,4.9,30.96,54.66,0.63,Vidarbha,237,4,0,0.68,-1.58,Normal,0.0742,Low
20251010,Mumbai City,0.0,6.9,25.57,78.47,0.91,Konkan,19652,2,1,0.85,-1.82,Normal,0.0775,Low
20250830,Washim,3.67,12.2,25.45,87.35,0.89,Vidarbha,244,3,0,0.65,-1.5,Normal,0.08,Low
20250805,Jalgaon,0.63,7.5,28.73,70.18,0.66,Nashik Division,360,3,0,0.65,-1.65,Normal,0.0695,Low
20250627,Ratnagiri,8.96,25.4,28.43,84.24,0.81,Konkan,197,18,1,0.8,-1.05,Normal,0.085,Low
20250316,Palghar,0.0,16.6,27.84,68.83,0.33,Konkan,362,8,1,0.7,-1.67,Normal,0.0513,Low
20250712,Jalgaon,1.57,14.4,28.01,73.59,0.7,Nashik Division,360,3,0,0.65,-1.14,Normal,0.0716,Low
20250826,Beed,4.49,14.0,25.26,80.43,0.73,Marathwada,242,2,0,0.8,-1.36,Normal,0.0726,Low
20250323,Amravati,0.0,7.1,29.96,16.17,0.13,Vidarbha,237,4,0,0.68,-1.2,Normal,0.044,Low
20250309,Akola,0.0,7.3,28.0,17.55,0.15,Vidarbha,320,2,0,0.65,-1.63,Normal,0.0425,Low
20250320,Aurangabad,0.0,8.2,29.23,18.22,0.13,Marathwada,366,3,0,0.72,-1.6,Normal,0.043,Low
20250324,Mumbai City,0.1,6.5,30.72,46.84,0.2,Konkan,19652,2,1,0.85,-1.78,Normal,0.0485,Low
20250326,Nashik,0.0,6.5,29.35,29.49,0.13,Nashik Division,393,8,0,0.7,-1.55,Normal,0.0432,Low
20251012,Aurangabad,0.0,7.0,20.65,72.32,0.78,Marathwada,366,3,0,0.72,-1.4,Normal,0.0648,Low
20250416,Jalna,0.0,9.7,32.71,22.83,0.17,Marathwada,254,2,0,0.7,-1.73,Normal,0.0494,Low
20250928,Buldhana,15.61,9.8,25.5,88.84,0.92,Vidarbha,268,3,0,0.68,-1.28,Normal,0.0935,Low
20251031,Latur,0.12,8.2,23.67,81.96,0.87,Marathwada,343,2,0,0.75,-1.38,Normal,0.0732,Low
20251010,Nagpur,2.36,7.9,23.36,86.91,0.92,Vidarbha,470,3,0,0.7,-1.67,Normal,0.0776,Low
20250614,Sangli,14.59,14.7,24.69,91.47,0.88,Pune Division,329,5,0,0.65,-0.86,Normal,0.0895,Low
20250905,Mumbai Suburban,35.41,12.0,26.01,91.07,0.97,Konkan,20980,3,1,0.8,-0.61,Normal,0.1164,Low
20250713,Jalna,2.61,17.4,26.22,76.29,0.72,Marathwada,254,2,0,0.7,-1.36,Normal,0.0714,Low
20250619,Chandrapur,4.22,15.6,28.5,75.39,0.67,Vidarbha,193,3,0,0.75,-1.33,Normal,0.0733,Low
20250514,Aurangabad,0.85,6.4,30.35,58.89,0.53,Marathwada,366,3,0,0.72,-1.44,Normal,0.0653,Low
20250315,Bhandara,0.0,4.6,32.09,18.91,0.13,Vidarbha,294,2,0,0.68,-1.41,Normal,0.0466,Low
20250316,Satara,0.0,7.7,30.68,33.3,0.12,Pune Division,287,15,0,0.7,-1.58,Normal,0.0444,Low
20250506,Amravati,0.69,9.7,32.22,33.95,0.32,Vidarbha,237,4,0,0.68,-1.41,Normal,0.057,Low
20250312,Dhule,0.0,6.4,31.67,19.32,0.14,Nashik Division,285,4,0,0.62,-1.0,Normal,0.0466,Low
20250529,Wardha,9.98,11.8,31.41,65.22,0.65,Vidarbha,206,2,0,0.65,-1.24,Normal,0.0817,Low
20250321,Beed,0.03,5.5,28.98,20.09,0.13,Marathwada,242,2,0,0.8,-1.6,Normal,0.0428,Low
20250508,Solapur,0.0,12.1,30.04,43.39,0.19,Pune Division,290,2,0,0.7,-1.63,Normal,0.047,Low
20250313,Hingoli,0.0,5.9,31.24,18.49,0.13,Marathwada,244,3,0,0.68,-1.33,Normal,0.0456,Low
20251015,Ratnagiri,3.9,11.0,27.66,82.44,0.8,Konkan,197,18,1,0.8,-0.94,Normal,0.0785,Low
20250325,Amravati,0.0,6.4,30.63,10.74,0.13,Vidarbha,237,4,0,0.68,-1.42,Normal,0.0448,Low
20250917,Aurangabad,5.78,4.5,25.2,86.0,0.82,Marathwada,366,3,0,0.72,-0.94,Normal,0.0783,Low
20250711,Solapur,0.52,15.1,27.14,71.75,0.69,Pune Division,290,2,0,0.7,-1.45,Normal,0.0689,Low
20250526,Nandurbar,1.64,9.3,30.35,68.01,0.61,Nashik Division,277,10,0,0.72,-1.96,Normal,0.0701,Low
20250613,Akola,0.36,9.0,30.51,67.54,0.63,Vidarbha,320,2,0,0.65,-1.23,Normal,0.07,Low
20250821,Sindhudurg,10.97,13.1,25.18,91.85,0.97,Konkan,167,20,1,0.75,-1.01,Normal,0.0909,Low
20250325,Yavatmal,0.0,6.7,29.76,12.06,0.15,Vidarbha,204,4,0,0.72,-1.43,Normal,0.0447,Low
20250320,Palghar,0.0,18.4,27.75,63.96,0.3,Konkan,362,8,1,0.7,-1.69,Normal,0.0497,Low
20250509,Washim,0.16,6.0,31.62,38.72,0.25,Vidarbha,244,3,0,0.65,-1.31,Normal,0.0522,Low
20250622,Beed,0.23,21.5,27.3,70.95,0.65,Marathwada,242,2,0,0.8,-1.76,Normal,0.0669,Low
20250827,Yavatmal,11.62,6.1,27.18,86.45,0.89,Vidarbha,204,4,0,0.72,-1.24,Normal,0.0901,Low
20250610,Latur,11.39,16.7,28.68,69.33,0.78,Marathwada,343,2,0,0.75,-1.16,Normal,0.0862,Low
20250629,Gadchiroli,17.16,10.9,26.65,82.84,0.77,Vidarbha,74,8,0,0.85,-0.53,Normal,0.089,Low
20250929,Mumbai Suburban,40.49,18.0,24.78,92.72,0.99,Konkan,20980,3,1,0.8,-0.17,Normal,0.121,Low
20250304,Solapur,0.0,10.3,29.64,20.1,0.17,Pune Division,290,2,0,0.7,-1.38,Normal,0.0456,Low
20250712,Amravati,0.56,13.7,26.97,79.48,0.82,Vidarbha,237,4,0,0.68,-1.41,Normal,0.0753,Low
20250719,Amravati,0.01,6.3,27.28,74.19,0.78,Vidarbha,237,4,0,0.68,-1.81,Normal,0.0731,Low
20250517,Kolhapur,2.49,7.5,27.8,70.6,0.53,Pune Division,504,12,0,0.75,-1.12,Normal,0.0637,Low
20250626,Mumbai Suburban,16.88,17.7,27.23,89.04,0.95,Konkan,20980,3,1,0.8,-1.07,Normal,0.0984,Low
20250512,Mumbai Suburban,1.69,7.0,30.54,64.26,0.5,Konkan,20980,3,1,0.8,-1.45,Normal,0.0649,Low
20250721,Wardha,8.12,5.0,29.28,75.05,0.82,Vidarbha,206,2,0,0.65,-1.38,Normal,0.0857,Low
20250301,Solapur,0.0,9.3,28.93,33.11,0.18,Pune Division,290,2,0,0.7,-1.21,Normal,0.0452,Low
20250811,Buldhana,0.58,9.0,25.22,82.31,0.76,Vidarbha,268,3,0,0.68,-1.56,Normal,0.0701,Low
20250822,Amravati,3.9,14.1,25.71,86.35,0.9,Vidarbha,237,4,0,0.68,-1.06,Normal,0.081,Low
20250622,Satara,11.39,18.6,24.94,91.84,0.95,Pune Division,287,15,0,0.7,-0.92,Normal,0.0901,Low
20250418,Mumbai Suburban,0.0,7.7,31.07,58.49,0.18,Konkan,20980,3,1,0.8,-1.33,Normal,0.0478,Low
20250308,Palghar,0.0,10.3,26.42,70.2,0.37,Konkan,362,8,1,0.7,-1.62,Normal,0.0515,Low
20250606,Beed,0.93,8.4,28.99,66.0,0.67,Marathwada,242,2,0,0.8,-1.38,Normal,0.0707,Low
20250724,Buldhana,6.38,11.8,26.56,80.6,0.78,Vidarbha,268,3,0,0.68,-1.4,Normal,0.0786,Low
20250602,Mumbai City,5.06,13.9,28.41,84.43,0.81,Konkan,19652,2,1,0.85,-1.33,Normal,0.0811,Low
20250325,Gondia,0.0,6.4,28.95,14.49,0.13,Vidarbha,253,5,0,0.7,-1.46,Normal,0.0427,Low
20250515,Nanded,2.76,4.8,33.62,45.68,0.45,Marathwada,319,3,0,0.72,-1.04,Normal,0.0673,Low
20251015,Satara,4.02,7.6,24.17,83.82,0.88,Pune Division,287,15,0,0.7,-1.54,Normal,0.0782,Low
20250825,Ahmednagar,0.7,18.8,24.77,78.58,0.7,Nashik Division,266,4,0,0.68,-1.84,Normal,0.0667,Low
20250302,Thane,0.0,9.4,29.43,34.91,0.24,Konkan,1157,5,1,0.75,-1.2,Normal,0.0488,Low
20250629,Sangli,8.87,22.3,24.26,87.98,0.9,Pune Division,329,5,0,0.65,-1.22,Normal,0.0842,Low
20250512,Nanded,1.63,7.2,35.06,35.6,0.36,Marathwada,319,3,0,0.72,-1.55,Normal,0.0635,Low
20250803,Chandrapur,1.31,5.1,28.16,80.19,0.9,Vidarbha,193,3,0,0.75,-1.06,Normal,0.0815,Low
20250401,Yavatmal,3.09,6.0,33.03,25.63,0.18,Vidarbha,204,4,0,0.72,-1.74,Normal,0.0534,Low
20250626,Latur,6.87,17.4,25.99,77.93,0.77,Marathwada,343,2,0,0.75,-0.93,Normal,0.0779,Low
20250507,Gadchiroli,0.0,5.5,32.02,43.23,0.48,Vidarbha,74,8,0,0.85,-1.67,Normal,0.064,Low
20250706,Solapur,0.6,23.6,26.29,74.55,0.69,Pune Division,290,2,0,0.7,-1.48,Normal,0.068,Low
20251027,Nandurbar,19.5,6.8,25.4,85.34,0.81,Nashik Division,277,10,0,0.72,-0.85,Normal,0.0918,Low
20250711,Beed,1.21,14.1,26.73,73.21,0.65,Marathwada,242,2,0,0.8,-1.32,Normal,0.0671,Low
20250321,Mumbai Suburban,0.0,8.5,27.68,48.31,0.2,Konkan,20980,3,1,0.8,-1.75,Normal,0.0446,Low
20251003,Thane,2.62,7.1,26.17,89.77,0.95,Konkan,1157,5,1,0.75,-1.61,Normal,0.0828,Low
20250718,Beed,2.16,10.9,27.57,71.07,0.63,Marathwada,242,2,0,0.8,-1.49,Normal,0.0681,Low
20250904,Mumbai City,6.64,9.6,25.41,92.12,0.95,Konkan,19652,2,1,0.85,-1.04,Normal,0.0859,Low
20250903,Nandurbar,9.11,11.9,25.66,86.24,0.8,Nashik Division,277,10,0,0.72,-1.18,Normal,0.0812,Low
20250616,Nagpur,2.43,12.0,30.6,66.34,0.55,Vidarbha,470,3,0,0.7,-1.46,Normal,0.0682,Low
20250601,Ratnagiri,7.27,17.4,29.31,82.63,0.69,Konkan,197,18,1,0.8,-1.39,Normal,0.0784,Low
20250702,Nashik,14.14,19.0,24.24,91.54,0.95,Nashik Division,393,8,0,0.7,-1.13,Normal,0.0919,Low
20250407,Osmanabad,0.0,7.0,32.15,18.58,0.26,Marathwada,219,3,0,0.75,-1.86,Normal,0.0532,Low
20250605,Nanded,7.94,6.3,29.12,67.14,0.69,Marathwada,319,3,0,0.72,-1.59,Normal,0.0788,Low
20250628,Aurangabad,0.77,20.1,26.46,72.2,0.69,Marathwada,366,3,0,0.72,-1.63,Normal,0.0683,Low
20250511,Nashik,1.56,6.7,28.02,61.83,0.58,Nashik Division,393,8,0,0.7,-1.12,Normal,0.0656,Low
20250524,Satara,48.94,14.3,24.85,87.19,0.88,Pune Division,287,15,0,0.7,-0.25,Normal,0.124,Low
20250608,Sangli,3.24,12.2,25.26,84.65,0.81,Pune Division,329,5,0,0.65,-0.94,Normal,0.0753,Low
20250505,Sindhudurg,0.0,9.7,29.96,61.88,0.22,Konkan,167,20,1,0.75,-1.82,Normal,0.0485,Low
20250716,Chandrapur,0.49,3.9,28.65,81.04,0.87,Vidarbha,193,3,0,0.75,-1.58,Normal,0.0798,Low
20250410,Beed,0.0,8.0,32.76,19.62,0.17,Marathwada,242,2,0,0.8,-1.63,Normal,0.0494,Low
20250809,Thane,9.14,5.9,26.35,87.62,0.93,Konkan,1157,5,1,0.75,-1.05,Normal,0.0886,Low
20250710,Jalgaon,0.3,8.0,26.89,77.35,0.72,Nashik Division,360,3,0,0.65,-1.62,Normal,0.0699,Low
20250611,Nashik,1.74,14.5,26.81,77.93,0.72,Nashik Division,393,8,0,0.7,-1.47,Normal,0.0713,Low
20250503,Amravati,0.0,9.9,35.36,20.52,0.15,Vidarbha,237,4,0,0.68,-1.34,Normal,0.0517,Low
20250305,Amravati,0.0,13.4,24.58,11.57,0.15,Vidarbha,237,4,0,0.68,-1.45,Normal,0.0382,Low
20250321,Raigad,0.0,9.4,27.37,50.07,0.27,Konkan,368,12,1,0.75,-1.22,Normal,0.0477,Low
20250505,Kolhapur,0.0,11.1,28.91,50.51,0.23,Pune Division,504,12,0,0.75,-1.43,Normal,0.0476,Low
20250521,Wardha,17.96,6.4,34.6,49.77,0.5,Vidarbha,206,2,0,0.65,-1.08,Normal,0.0862,Low
20251027,Hingoli,1.18,7.8,25.06,85.51,0.83,Marathwada,244,3,0,0.68,-1.53,Normal,0.074,Low
20250603,Amravati,0.56,15.6,29.82,60.37,0.61,Vidarbha,237,4,0,0.68,-1.53,Normal,0.0683,Low
20250708,Bhandara,126.47,18.9,24.67,94.52,1.0,Vidarbha,294,2,0,0.68,0.57,Normal,0.2073,Low
20250819,Solapur,6.22,21.1,24.69,84.12,0.85,Pune Division,290,2,0,0.7,-1.49,Normal,0.0796,Low
20250515,Chandrapur,2.92,7.3,36.16,38.89,0.4,Vidarbha,193,3,0,0.75,-1.37,Normal,0.0681,Low
20250728,Latur,0.6,22.1,26.02,74.14,0.78,Marathwada,343,2,0,0.75,-1.46,Normal,0.0721,Low
20250906,Bhandara,0.12,5.6,25.9,90.05,0.93,Vidarbha,294,2,0,0.68,-1.64,Normal,0.079,Low
20251021,Raigad,5.9,8.9,26.79,78.57,0.89,Konkan,368,12,1,0.75,-1.49,Normal,0.0839,Low
20251023,Raigad,6.88,9.9,27.22,79.87,0.89,Konkan,368,12,1,0.75,-1.51,Normal,0.0854,Low
20250610,Buldhana,0.88,20.4,31.57,53.42,0.6,Vidarbha,268,3,0,0.68,-1.49,Normal,0.0703,Low
20250610,Nagpur,2.96,14.5,36.44,35.19,0.46,Vidarbha,470,3,0,0.7,-1.69,Normal,0.0715,Low
20251012,Wardha,0.0,6.9,23.72,87.37,0.88,Vidarbha,206,2,0,0.65,-1.23,Normal,0.0737,Low
20250921,Jalgaon,7.17,6.2,26.24,89.5,0.83,Nashik Division,360,3,0,0.65,-1.23,Normal,0.0815,Low
20250525,Gondia,6.35,8.5,27.5,76.7,0.62,Vidarbha,253,5,0,0.7,-1.18,Normal,0.0717,Low
20250515,Latur,3.05,3.9,31.69,52.43,0.58,Marathwada,343,2,0,0.75,-1.31,Normal,0.0717,Low
20250427,Ratnagiri,0.11,12.8,29.62,69.57,0.29,Konkan,197,18,1,0.8,-1.36,Normal,0.0516,Low
20250405,Ahmednagar,0.05,7.3,30.98,22.09,0.16,Nashik Division,266,4,0,0.68,-1.71,Normal,0.0468,Low
20250819,Ratnagiri,34.76,28.6,26.31,89.86,0.94,Konkan,197,18,1,0.8,-0.97,Normal,0.1146,Low
20250911,Yavatmal,16.84,9.4,25.54,87.75,0.92,Vidarbha,204,4,0,0.72,-0.72,Normal,0.0948,Low
20251001,Nagpur,0.24,6.3,26.57,86.61,0.93,Vidarbha,470,3,0,0.7,-1.44,Normal,0.08,Low
20250419,Kolhapur,0.01,10.5,30.36,50.56,0.19,Pune Division,504,12,0,0.75,-1.75,Normal,0.0475,Low
20250729,Palghar,13.24,31.6,27.59,84.39,0.94,Konkan,362,8,1,0.7,-0.86,Normal,0.0947,Low
20250531,Sangli,0.24,17.9,25.29,84.69,0.8,Pune Division,329,5,0,0.65,-1.73,Normal,0.0719,Low
20250930,Yavatmal,0.41,7.4,25.5,84.88,0.9,Vidarbha,204,4,0,0.72,-1.36,Normal,0.0773,Low
20250503,Nandurbar,0.0,15.8,32.91,33.56,0.1,Nashik Division,277,10,0,0.72,-1.72,Normal,0.0461,Low
20250409,Solapur,1.05,6.4,32.79,28.78,0.21,Pune Division,290,2,0,0.7,-1.09,Normal,0.0525,Low
20250912,Dhule,0.37,7.5,25.84,79.28,0.69,Nashik Division,285,4,0,0.62,-1.72,Normal,0.0672,Low
20250311,Jalgaon,0.0,6.8,30.03,22.32,0.16,Nashik Division,360,3,0,0.65,-1.47,Normal,0.0455,Low
20250404,Kolhapur,0.21,6.9,29.69,47.05,0.27,Pune Division,504,12,0,0.75,-1.35,Normal,0.0508,Low
20250806,Nandurbar,0.02,8.6,27.12,76.97,0.7,Nashik Division,277,10,0,0.72,-1.57,Normal,0.0689,Low
20250905,Hingoli,3.52,13.0,24.91,86.95,0.88,Marathwada,244,3,0,0.68,-1.36,Normal,0.0787,Low
20250526,Wardha,6.46,6.4,29.78,70.08,0.64,Vidarbha,206,2,0,0.65,-1.56,Normal,0.0757,Low
20250416,Sangli,0.0,10.8,30.71,39.41,0.18,Pune Division,329,5,0,0.65,-1.56,Normal,0.0474,Low
20250528,Gadchiroli,3.39,6.6,29.99,73.27,0.63,Vidarbha,74,8,0,0.85,-1.65,Normal,0.0724,Low
20250920,Wardha,0.3,5.5,27.03,89.17,0.93,Vidarbha,206,2,0,0.65,-1.52,Normal,0.0806,Low
20250812,Kolhapur,3.44,11.3,22.66,89.59,0.89,Pune Division,504,12,0,0.75,-1.08,Normal,0.0763,Low
20250610,Mumbai City,0.41,9.1,28.51,79.95,0.78,Konkan,19652,2,1,0.85,-1.55,Normal,0.075,Low
20251011,Mumbai City,0.0,7.2,25.47,76.56,0.91,Konkan,19652,2,1,0.85,-1.59,Normal,0.0773,Low
20250911,Pune,0.41,7.2,23.09,89.19,0.91,Pune Division,603,10,0,0.75,-1.41,Normal,0.0748,Low
20250623,Jalgaon,7.91,18.1,27.6,75.85,0.68,Nashik Division,360,3,0,0.65,-1.1,Normal,0.0764,Low
20251023,Nanded,1.42,6.6,24.62,86.22,0.85,Marathwada,319,3,0,0.72,-1.57,Normal,0.0747,Low
20251025,Nanded,4.56,5.4,24.39,87.37,0.86,Marathwada,319,3,0,0.72,-1.08,Normal,0.078,Low
20250719,Sindhudurg,23.75,14.1,25.81,91.56,0.96,Konkan,167,20,1,0.75,-0.94,Normal,0.104,Low
20250914,Jalna,5.32,9.0,24.45,88.31,0.81,Marathwada,254,2,0,0.7,-1.02,Normal,0.0764,Low
20250607,Hingoli,0.38,11.0,30.94,58.18,0.59,Marathwada,244,3,0,0.68,-1.31,Normal,0.0686,Low
20250715,Ahmednagar,4.06,16.0,26.35,77.79,0.7,Nashik Division,266,4,0,0.68,-1.63,Normal,0.072,Low
20251002,Ratnagiri,4.76,15.5,27.31,84.94,0.86,Konkan,197,18,1,0.8,-1.23,Normal,0.0819,Low
20250823,Osmanabad,0.01,18.1,24.88,78.17,0.82,Marathwada,219,3,0,0.75,-1.2,Normal,0.0721,Low
20250814,Amravati,11.56,5.7,26.17,85.42,0.9,Vidarbha,237,4,0,0.68,-0.66,Normal,0.0893,Low
20250803,Kolhapur,0.68,10.7,23.91,88.29,0.89,Pune Division,504,12,0,0.75,-1.65,Normal,0.0751,Low
20250406,Sindhudurg,0.39,6.0,30.94,60.68,0.29,Konkan,167,20,1,0.75,-1.35,Normal,0.0536,Low
20251022,Parbhani,1.31,6.7,24.67,86.82,0.85,Marathwada,295,2,0,0.7,-1.62,Normal,0.0746,Low
20251023,Ratnagiri,1.26,14.6,28.06,81.62,0.75,Konkan,197,18,1,0.8,-1.61,Normal,0.0738,Low
20250831,Gadchiroli,9.44,4.5,27.21,88.84,0.95,Vidarbha,74,8,0,0.85,-1.05,Normal,0.091,Low
20250802,Latur,0.0,9.3,27.1,73.16,0.73,Marathwada,343,2,0,0.75,-1.44,Normal,0.0704,Low
20250420,Nashik,0.0,10.9,29.22,38.67,0.15,Nashik Division,393,8,0,0.7,-1.2,Normal,0.044,Low
20250503,Gadchiroli,7.69,9.5,33.55,44.1,0.42,Vidarbha,74,8,0,0.85,-1.32,Normal,0.0706,Low
20250922,Satara,11.8,8.5,23.64,92.22,0.93,Pune Division,287,15,0,0.7,-1.51,Normal,0.0879,Low
20250925,Buldhana,1.31,10.5,24.01,87.65,0.86,Vidarbha,268,3,0,0.68,-1.34,Normal,0.0743,Low
20250416,Washim,0.0,9.5,33.66,21.61,0.19,Vidarbha,244,3,0,0.65,-1.38,Normal,0.0516,Low
20250919,Satara,6.46,6.8,23.38,93.05,0.94,Pune Division,287,15,0,0.7,-1.08,Normal,0.0827,Low
20251025,Gondia,8.16,5.8,23.14,88.33,0.89,Vidarbha,253,5,0,0.7,-1.47,Normal,0.0816,Low
20250717,Dhule,0.04,9.4,28.26,73.81,0.65,Nashik Division,285,4,0,0.62,-1.47,Normal,0.0679,Low
20250409,Osmanabad,1.58,7.1,31.7,31.6,0.29,Marathwada,219,3,0,0.75,-1.69,Normal,0.0557,Low
20250608,Nagpur,2.05,10.4,34.8,42.96,0.42,Vidarbha,470,3,0,0.7,-1.38,Normal,0.0666,Low
20250520,Ahmednagar,13.05,8.5,28.37,73.72,0.71,Nashik Division,266,4,0,0.68,-0.73,Normal,0.084,Low
20251007,Amravati,0.08,7.3,24.44,84.47,0.88,Vidarbha,237,4,0,0.68,-1.46,Normal,0.0746,Low
20250414,Wardha,0.01,4.9,34.51,20.56,0.26,Vidarbha,206,2,0,0.65,-1.43,Normal,0.0561,Low
20250706,Kolhapur,10.81,24.6,23.64,90.29,0.92,Pune Division,504,12,0,0.75,-1.49,Normal,0.0864,Low
20250731,Kolhapur,4.24,19.0,23.43,89.65,0.91,Pune Division,504,12,0,0.75,-1.35,Normal,0.079,Low
20250506,Sindhudurg,0.03,9.7,29.15,61.83,0.22,Konkan,167,20,1,0.75,-1.4,Normal,0.0475,Low
20250514,Ahmednagar,1.72,5.3,29.82,59.79,0.58,Nashik Division,266,4,0,0.68,-1.11,Normal,0.068,Low
20250725,Jalgaon,6.65,12.3,27.39,79.49,0.72,Nashik Division,360,3,0,0.65,-1.36,Normal,0.0769,Low
20250503,Sangli,0.0,11.7,30.92,35.76,0.23,Pune Division,329,5,0,0.65,-1.55,Normal,0.0502,Low
20250930,Gadchiroli,11.0,4.6,26.15,88.62,0.96,Vidarbha,74,8,0,0.85,-1.21,Normal,0.0917,Low
20250916,Sangli,3.76,7.7,23.22,90.82,0.89,Pune Division,329,5,0,0.65,-1.11,Normal,0.0773,Low
20250510,Ahmednagar,1.23,8.6,30.04,50.25,0.33,Nashik Division,266,4,0,0.68,-1.43,Normal,0.0553,Low
20250607,Pune,12.15,7.5,24.34,87.91,0.82,Pune Division,603,10,0,0.75,-1.08,Normal,0.0836,Low
20250810,Gadchiroli,0.31,4.1,26.87,85.73,0.91,Vidarbha,74,8,0,0.85,-1.4,Normal,0.0794,Low
20250306,Washim,0.0,8.0,23.85,7.07,0.15,Vidarbha,244,3,0,0.65,-1.71,Normal,0.0373,Low
20250909,Thane,0.12,6.3,25.47,89.19,0.95,Konkan,1157,5,1,0.75,-1.58,Normal,0.0795,Low
20251006,Beed,5.43,8.4,24.3,82.03,0.86,Marathwada,242,2,0,0.8,-1.31,Normal,0.0788,Low
20250413,Raigad,0.0,9.6,30.59,55.19,0.27,Konkan,368,12,1,0.75,-1.07,Normal,0.0517,Low
20250819,Amravati,28.24,11.1,26.13,87.48,0.94,Vidarbha,237,4,0,0.68,-0.42,Normal,0.1079,Low
20250615,Mumbai Suburban,47.35,10.1,27.63,93.16,0.91,Konkan,20980,3,1,0.8,0.38,Normal,0.1274,Low
20250823,Wardha,5.41,13.8,26.39,85.99,0.91,Vidarbha,206,2,0,0.65,-1.45,Normal,0.0839,Low
20250302,Palghar,0.0,18.0,26.33,74.36,0.38,Konkan,362,8,1,0.7,-1.44,Normal,0.0519,Low
20250713,Beed,0.21,18.3,26.91,71.3,0.63,Marathwada,242,2,0,0.8,-1.66,Normal,0.0653,Low
20250510,Aurangabad,0.36,8.9,31.51,43.03,0.28,Marathwada,366,3,0,0.72,-1.72,Normal,0.0537,Low
20251030,Amravati,13.91,9.1,25.44,88.83,0.88,Vidarbha,237,4,0,0.68,-1.24,Normal,0.0897,Low
20250424,Thane,0.03,6.6,32.0,49.69,0.17,Konkan,1157,5,1,0.75,-1.99,Normal,0.0485,Low
20250708,Sangli,6.45,22.1,23.64,89.46,0.9,Pune Division,329,5,0,0.65,-0.97,Normal,0.081,Low
20250514,Solapur,0.69,5.8,30.67,57.53,0.61,Pune Division,290,2,0,0.7,-1.27,Normal,0.0695,Low
20251010,Nashik,0.0,5.7,21.86,78.37,0.91,Nashik Division,393,8,0,0.7,-1.64,Normal,0.0728,Low
20250615,Pune,27.97,15.4,24.81,89.99,0.89,Pune Division,603,10,0,0.75,-0.46,Normal,0.1035,Low
20250810,Pune,7.22,7.0,23.16,89.01,0.92,Pune Division,603,10,0,0.75,-1.33,Normal,0.0822,Low
20250923,Satara,4.62,7.3,22.67,90.86,0.93,Pune Division,287,15,0,0.7,-1.48,Normal,0.0795,Low
20250523,Solapur,14.29,11.6,26.92,79.56,0.78,Pune Division,290,2,0,0.7,-1.14,Normal,0.0869,Low
20250505,Aurangabad,0.05,11.2,31.76,32.26,0.13,Marathwada,366,3,0,0.72,-1.81,Normal,0.0463,Low
20250311,Beed,0.0,8.6,28.58,26.51,0.14,Marathwada,242,2,0,0.8,-1.74,Normal,0.0427,Low
20250905,Aurangabad,8.64,14.1,24.26,87.35,0.82,Marathwada,366,3,0,0.72,-1.66,Normal,0.08,Low
20250516,Mumbai Suburban,2.52,7.0,30.02,72.07,0.52,Konkan,20980,3,1,0.8,-1.28,Normal,0.066,Low
20250610,Wardha,11.71,15.8,34.33,47.02,0.63,Vidarbha,206,2,0,0.65,-1.4,Normal,0.0861,Low
20251006,Akola,7.43,7.7,24.7,86.07,0.9,Vidarbha,320,2,0,0.65,-1.6,Normal,0.0833,Low
20250722,Pune,22.44,14.8,23.99,91.14,0.95,Pune Division,603,10,0,0.75,-0.67,Normal,0.0999,Low
20251001,Aurangabad,0.22,5.8,24.31,83.49,0.83,Marathwada,366,3,0,0.72,-1.64,Normal,0.0721,Low
20250925,Hingoli,6.52,11.7,24.2,88.79,0.93,Marathwada,244,3,0,0.68,-1.4,Normal,0.0833,Low
20250901,Osmanabad,4.5,14.2,24.39,85.24,0.88,Marathwada,219,3,0,0.75,-1.33,Normal,0.079,Low
20250316,Wardha,0.0,8.2,32.25,22.62,0.15,Vidarbha,206,2,0,0.65,-1.25,Normal,0.0478,Low
20251012,Nagpur,0.0,6.6,23.84,87.65,0.91,Vidarbha,470,3,0,0.7,-0.91,Normal,0.0753,Low
20250621,Ahmednagar,0.8,20.7,26.48,76.97,0.73,Nashik Division,266,4,0,0.68,-1.67,Normal,0.0704,Low
20250307,Ratnagiri,0.0,13.8,29.7,45.4,0.15,Konkan,197,18,1,0.8,-1.77,Normal,0.0446,Low
20250605,Buldhana,2.83,8.2,29.26,62.65,0.65,Vidarbha,268,3,0,0.68,-1.29,Normal,0.0719,Low
20250312,Bhandara,0.0,5.1,30.42,17.71,0.14,Vidarbha,294,2,0,0.68,-1.43,Normal,0.045,Low
20250322,Nagpur,0.01,3.9,30.63,19.88,0.14,Vidarbha,470,3,0,0.7,-1.49,Normal,0.0453,Low
20250817,Yavatmal,4.39,9.4,27.13,88.38,0.87,Vidarbha,204,4,0,0.72,-0.46,Normal,0.0818,Low
20250819,Nagpur,55.13,4.9,27.25,87.82,0.97,Vidarbha,470,3,0,0.7,-0.69,Normal,0.1377,Low
20250411,Ahmednagar,0.0,13.3,30.7,33.44,0.14,Nashik Division,266,4,0,0.68,-1.67,Normal,0.0454,Low
20250521,Raigad,9.95,6.9,29.24,82.3,0.74,Konkan,368,12,1,0.75,-1.57,Normal,0.0835,Low
20250415,Osmanabad,0.0,6.8,32.89,20.13,0.26,Marathwada,219,3,0,0.75,-1.67,Normal,0.0541,Low
20251014,Jalna,0.0,4.3,22.21,74.34,0.77,Marathwada,254,2,0,0.7,-1.74,Normal,0.0663,Low
20250601,Satara,5.94,12.9,25.61,88.65,0.88,Pune Division,287,15,0,0.7,-1.49,Normal,0.082,Low
20250909,Sindhudurg,0.62,7.5,25.26,88.61,0.91,Konkan,167,20,1,0.75,-1.89,Normal,0.0777,Low
20251027,Raigad,13.44,11.4,25.84,89.31,0.92,Konkan,368,12,1,0.75,-1.32,Normal,0.0917,Low
20250826,Jalna,1.58,12.4,25.31,83.09,0.77,Marathwada,254,2,0,0.7,-1.52,Normal,0.0717,Low
20251005,Beed,13.93,6.8,24.67,85.84,0.88,Marathwada,242,2,0,0.8,-1.12,Normal,0.0888,Low
20250528,Buldhana,56.22,14.0,27.17,79.15,0.83,Vidarbha,268,3,0,0.68,-0.75,Normal,0.1317,Low
20250911,Nagpur,17.52,7.8,26.48,89.27,0.95,Vidarbha,470,3,0,0.7,-0.87,Normal,0.0981,Low
20250424,Nashik,0.0,9.1,30.79,34.65,0.15,Nashik Division,393,8,0,0.7,-1.69,Normal,0.046,Low
20250912,Solapur,6.59,8.6,24.56,83.36,0.86,Pune Division,290,2,0,0.7,-0.93,Normal,0.0803,Low
20250620,Wardha,4.01,15.6,29.13,69.37,0.63,Vidarbha,206,2,0,0.65,-1.74,Normal,0.0719,Low
20250824,Nagpur,2.97,15.0,25.57,88.52,0.94,Vidarbha,470,3,0,0.7,-1.7,Normal,0.0819,Low
20250413,Gadchiroli,0.03,3.6,34.12,18.78,0.19,Vidarbha,74,8,0,0.85,-1.57,Normal,0.0522,Low
20250408,Ahmednagar,0.0,7.6,32.09,14.65,0.15,Nashik Division,266,4,0,0.68,-1.36,Normal,0.0476,Low
20250407,Palghar,0.02,14.5,29.73,72.18,0.28,Konkan,362,8,1,0.7,-1.36,Normal,0.0512,Low
20250508,Pune,8.88,10.6,24.34,77.84,0.49,Pune Division,603,10,0,0.75,-1.15,Normal,0.0638,Low
20250523,Raigad,10.83,7.7,28.81,78.34,0.78,Konkan,368,12,1,0.75,-1.01,Normal,0.0858,Low
20250927,Parbhani,37.09,11.2,24.36,93.54,0.98,Marathwada,295,2,0,0.7,-1.11,Normal,0.1165,Low
20250805,Sindhudurg,18.43,12.9,25.87,90.05,0.93,Konkan,167,20,1,0.75,-0.89,Normal,0.0973,Low
20250304,Akola,0.0,9.6,27.64,22.89,0.17,Vidarbha,320,2,0,0.65,-1.58,Normal,0.0431,Low
20251004,Raigad,2.36,6.5,25.89,89.42,0.95,Konkan,368,12,1,0.75,-1.31,Normal,0.0822,Low
20250324,Raigad,0.05,7.1,30.14,49.81,0.27,Konkan,368,12,1,0.75,-1.62,Normal,0.0512,Low
20250503,Nagpur,0.43,9.5,35.44,34.22,0.26,Vidarbha,470,3,0,0.7,-1.42,Normal,0.0577,Low
20250320,Mumbai City,0.0,10.3,29.23,40.1,0.2,Konkan,19652,2,1,0.85,-1.78,Normal,0.0465,Low
20251031,Ahmednagar,0.35,7.8,24.18,81.1,0.77,Nashik Division,266,4,0,0.68,-1.26,Normal,0.0691,Low
20250726,Ratnagiri,10.66,27.0,26.91,88.05,0.9,Konkan,197,18,1,0.8,-1.32,Normal,0.0893,Low
20250708,Hingoli,9.65,15.6,24.85,84.6,0.81,Marathwada,244,3,0,0.68,-1.16,Normal,0.0812,Low
20250926,Gondia,4.63,8.1,26.78,89.62,0.94,Vidarbha,253,5,0,0.7,-1.44,Normal,0.0851,Low
20250815,Gadchiroli,10.22,4.9,26.68,89.73,0.94,Vidarbha,74,8,0,0.85,-0.98,Normal,0.0906,Low
20250609,Ahmednagar,0.09,17.3,28.05,71.18,0.7,Nashik Division,266,4,0,0.68,-1.2,Normal,0.0702,Low
20250620,Kolhapur,17.74,20.2,24.51,89.68,0.9,Pune Division,504,12,0,0.75,-0.94,Normal,0.0934,Low
20250826,Amravati,1.74,8.6,26.1,85.35,0.87,Vidarbha,237,4,0,0.68,-1.35,Normal,0.0779,Low
20250820,Ahmednagar,3.61,21.1,24.45,82.1,0.76,Nashik Division,266,4,0,0.68,-1.82,Normal,0.0722,Low
20251025,Beed,2.74,8.3,24.08,82.3,0.79,Marathwada,242,2,0,0.8,-1.55,Normal,0.0723,Low
20250305,Buldhana,0.0,10.5,23.36,13.88,0.17,Vidarbha,268,3,0,0.68,-1.29,Normal,0.0377,Low
20250924,Yavatmal,1.17,11.5,26.23,86.81,0.9,Vidarbha,204,4,0,0.72,-1.18,Normal,0.079,Low
20250912,Nashik,1.16,5.8,23.3,88.46,0.92,Nashik Division,393,8,0,0.7,-1.16,Normal,0.0763,Low
20250311,Solapur,0.0,9.0,28.76,30.66,0.16,Pune Division,290,2,0,0.7,-1.29,Normal,0.044,Low
20250826,Raigad,14.07,12.9,25.6,91.35,0.97,Konkan,368,12,1,0.75,-0.76,Normal,0.0946,Low
20250328,Gadchiroli,0.0,5.3,32.83,17.27,0.16,Vidarbha,74,8,0,0.85,-1.38,Normal,0.049,Low
20250505,Palghar,0.14,13.7,29.03,81.76,0.2,Konkan,362,8,1,0.7,-1.28,Normal,0.0464,Low
20250428,Satara,0.24,6.7,31.3,46.55,0.2,Pune Division,287,15,0,0.7,-1.37,Normal,0.0494,Low
20250428,Nashik,0.0,8.4,30.83,32.56,0.14,Nashik Division,393,8,0,0.7,-1.43,Normal,0.0455,Low
20251005,Aurangabad,5.7,7.3,24.46,85.95,0.83,Marathwada,366,3,0,0.72,-1.35,Normal,0.0778,Low
20251006,Mumbai City,2.11,5.7,25.44,88.65,0.93,Konkan,19652,2,1,0.85,-1.4,Normal,0.0804,Low
20250402,Satara,2.56,6.4,30.51,44.2,0.21,Pune Division,287,15,0,0.7,-1.17,Normal,0.0512,Low
20250902,Nagpur,21.38,5.1,26.8,87.33,0.97,Vidarbha,470,3,0,0.7,-0.98,Normal,0.1034,Low
20250903,Nagpur,9.37,4.2,26.54,88.16,0.95,Vidarbha,470,3,0,0.7,-0.94,Normal,0.09,Low
20250925,Washim,4.05,12.5,23.88,89.58,0.92,Vidarbha,244,3,0,0.65,-0.84,Normal,0.0799,Low
20250727,Dhule,3.63,22.1,27.81,73.95,0.68,Nashik Division,285,4,0,0.62,-1.29,Normal,0.0724,Low
20251015,Akola,0.0,7.2,24.42,87.27,0.83,Vidarbha,320,2,0,0.65,-1.48,Normal,0.072,Low
20251005,Nanded,6.7,6.1,24.8,87.9,0.93,Marathwada,319,3,0,0.72,-1.47,Normal,0.0842,Low
20250925,Bhandara,23.19,8.0,25.13,93.6,0.97,Vidarbha,294,2,0,0.68,-0.93,Normal,0.1031,Low
20250412,Yavatmal,0.0,12.3,32.99,20.59,0.26,Vidarbha,204,4,0,0.72,-1.35,Normal,0.0542,Low
20250324,Kolhapur,0.03,6.1,30.14,38.55,0.13,Pune Division,504,12,0,0.75,-1.86,Normal,0.0442,Low
20250320,Parbhani,0.04,5.0,32.29,19.24,0.12,Marathwada,295,2,0,0.7,-1.33,Normal,0.0464,Low
20251003,Mumbai Suburban,2.62,7.1,26.17,89.77,0.95,Konkan,20980,3,1,0.8,-1.35,Normal,0.0828,Low
20250601,Buldhana,0.29,13.6,28.35,68.25,0.66,Vidarbha,268,3,0,0.68,-1.61,Normal,0.0687,Low
20250325,Mumbai Suburban,0.48,7.6,30.67,39.7,0.21,Konkan,20980,3,1,0.8,-1.47,Normal,0.0493,Low
20250519,Chandrapur,0.19,9.1,35.16,44.47,0.34,Vidarbha,193,3,0,0.75,-1.48,Normal,0.0611,Low
20250917,Kolhapur,1.41,7.0,24.02,88.46,0.88,Pune Division,504,12,0,0.75,-0.99,Normal,0.0754,Low
20250629,Ratnagiri,9.03,24.8,28.41,83.05,0.81,Konkan,197,18,1,0.8,-1.52,Normal,0.085,Low
20250603,Jalgaon,5.27,14.4,29.61,63.98,0.64,Nashik Division,360,3,0,0.65,-1.54,Normal,0.0743,Low
20250802,Jalgaon,0.07,10.6,28.05,71.75,0.68,Nashik Division,360,3,0,0.65,-1.48,Normal,0.0691,Low
20250621,Nandurbar,5.49,19.9,27.08,80.68,0.67,Nashik Division,277,10,0,0.72,-1.62,Normal,0.0728,Low
20250630,Akola,5.9,16.7,25.76,82.28,0.77,Vidarbha,320,2,0,0.65,-1.02,Normal,0.0766,Low
20251019,Washim,0.0,7.0,23.14,85.46,0.84,Vidarbha,244,3,0,0.65,-1.33,Normal,0.0709,Low
20250702,Nandurbar,3.23,17.4,27.14,80.13,0.69,Nashik Division,277,10,0,0.72,-1.37,Normal,0.0717,Low
20250515,Aurangabad,0.86,7.1,30.72,55.39,0.46,Marathwada,366,3,0,0.72,-1.82,Normal,0.0623,Low
20250930,Hingoli,0.05,7.7,23.82,86.12,0.93,Marathwada,244,3,0,0.68,-1.78,Normal,0.0763,Low
20250524,Gondia,2.87,6.0,28.45,71.32,0.57,Vidarbha,253,5,0,0.7,-1.77,Normal,0.0669,Low
20250718,Kolhapur,11.81,13.9,23.25,92.3,0.92,Pune Division,504,12,0,0.75,-1.71,Normal,0.0869,Low
20250505,Mumbai City,0.04,7.2,30.58,61.88,0.15,Konkan,19652,2,1,0.85,-1.21,Normal,0.0458,Low
20250901,Yavatmal,6.72,9.0,26.16,86.64,0.88,Vidarbha,204,4,0,0.72,-0.96,Normal,0.0834,Low
20250401,Raigad,0.32,5.2,32.13,36.95,0.27,Konkan,368,12,1,0.75,-1.44,Normal,0.054,Low
20250502,Sindhudurg,0.0,9.8,31.34,59.54,0.25,Konkan,167,20,1,0.75,-1.44,Normal,0.0517,Low
20250725,Nandurbar,1.92,13.5,27.05,82.96,0.75,Nashik Division,277,10,0,0.72,-1.36,Normal,0.0732,Low
20250710,Beed,1.15,12.4,26.37,73.84,0.66,Marathwada,242,2,0,0.8,-1.59,Normal,0.0671,Low
20250728,Parbhani,2.1,21.4,26.84,74.54,0.8,Marathwada,295,2,0,0.7,-1.39,Normal,0.0757,Low
20250522,Buldhana,0.36,9.5,29.91,64.22,0.68,Vidarbha,268,3,0,0.68,-1.3,Normal,0.0717,Low
20251021,Yavatmal,2.77,7.1,24.73,87.56,0.82,Vidarbha,204,4,0,0.72,-1.32,Normal,0.0747,Low
20250908,Jalna,0.03,6.9,25.25,79.54,0.77,Marathwada,254,2,0,0.7,-1.31,Normal,0.0701,Low
20251018,Mumbai Suburban,0.32,7.3,27.0,77.9,0.88,Konkan,20980,3,1,0.8,-1.38,Normal,0.0781,Low
20250318,Gondia,0.0,6.9,30.5,21.9,0.13,Vidarbha,253,5,0,0.7,-1.65,Normal,0.0446,Low
20250807,Sindhudurg,3.71,11.2,25.45,91.64,0.92,Konkan,167,20,1,0.75,-1.08,Normal,0.0815,Low
20250509,Nashik,12.7,8.4,25.97,73.93,0.66,Nashik Division,393,8,0,0.7,-1.35,Normal,0.0782,Low
20250914,Pune,30.63,6.8,23.95,90.95,0.96,Pune Division,603,10,0,0.75,-0.34,Normal,0.1086,Low
20251028,Nagpur,0.24,11.6,25.16,87.4,0.86,Vidarbha,470,3,0,0.7,-1.41,Normal,0.0747,Low
20250621,Buldhana,1.7,18.8,27.52,71.95,0.66,Vidarbha,268,3,0,0.68,-1.51,Normal,0.0691,Low
20251006,Solapur,0.48,8.7,25.17,77.67,0.86,Pune Division,290,2,0,0.7,-1.33,Normal,0.0749,Low
20250315,Amravati,0.0,6.0,31.51,15.25,0.14,Vidarbha,237,4,0,0.68,-1.51,Normal,0.0464,Low
20250329,Bhandara,0.0,9.0,31.69,16.71,0.12,Vidarbha,294,2,0,0.68,-1.63,Normal,0.0456,Low
20250430,Gondia,1.11,8.0,33.1,34.58,0.38,Vidarbha,253,5,0,0.7,-1.41,Normal,0.0615,Low
20250505,Sangli,0.0,11.2,29.28,46.08,0.21,Pune Division,329,5,0,0.65,-1.43,Normal,0.0471,Low
20250922,Dhule,6.93,7.4,26.29,87.27,0.75,Nashik Division,285,4,0,0.62,-1.31,Normal,0.0773,Low
20250430,Palghar,0.16,12.1,29.21,77.51,0.2,Konkan,362,8,1,0.7,-1.29,Normal,0.0467,Low
20250324,Dhule,0.0,5.5,30.84,14.8,0.12,Nashik Division,285,4,0,0.62,-1.31,Normal,0.0446,Low
20250603,Ratnagiri,5.1,16.3,29.07,81.81,0.68,Konkan,197,18,1,0.8,-1.39,Normal,0.0754,Low
20250828,Yavatmal,26.7,8.0,26.84,89.99,0.94,Vidarbha,204,4,0,0.72,-0.77,Normal,0.1073,Low
20251029,Beed,18.63,5.4,24.31,87.54,0.87,Marathwada,242,2,0,0.8,-1.19,Normal,0.0925,Low
20251002,Akola,0.17,5.6,25.5,83.86,0.89,Vidarbha,320,2,0,0.65,-1.4,Normal,0.0765,Low
20250328,Amravati,0.0,10.7,32.03,22.62,0.12,Vidarbha,237,4,0,0.68,-1.66,Normal,0.046,Low
20250708,Ahmednagar,2.42,18.2,24.44,83.62,0.72,Nashik Division,266,4,0,0.68,-1.48,Normal,0.069,Low
20250402,Thane,0.16,8.3,33.0,39.44,0.2,Konkan,1157,5,1,0.75,-1.62,Normal,0.0514,Low
20250717,Jalna,0.51,9.2,26.56,77.23,0.71,Marathwada,254,2,0,0.7,-1.39,Normal,0.0692,Low
20250527,Jalna,20.53,11.8,27.53,78.88,0.78,Marathwada,254,2,0,0.7,-0.94,Normal,0.0939,Low
20251026,Akola,11.56,5.2,24.91,84.66,0.86,Vidarbha,320,2,0,0.65,-1.06,Normal,0.0857,Low
20250625,Amravati,15.58,11.4,27.3,77.41,0.7,Vidarbha,237,4,0,0.68,-1.4,Normal,0.0847,Low
20250722,Ratnagiri,20.65,19.6,27.38,87.23,0.89,Konkan,197,18,1,0.8,-0.98,Normal,0.0994,Low
20250808,Akola,6.68,4.7,26.1,82.94,0.8,Vidarbha,320,2,0,0.65,-1.3,Normal,0.0793,Low
20250605,Kolhapur,12.06,9.5,24.28,83.49,0.81,Pune Division,504,12,0,0.75,-1.47,Normal,0.0829,Low
20250728,Jalna,1.15,24.2,26.05,75.79,0.75,Marathwada,254,2,0,0.7,-1.3,Normal,0.0712,Low
20250518,Sangli,3.02,7.2,27.39,73.95,0.55,Pune Division,329,5,0,0.65,-0.88,Normal,0.0648,Low
20250412,Gondia,0.0,9.2,32.69,20.11,0.24,Vidarbha,253,5,0,0.7,-1.41,Normal,0.0529,Low
20251004,Gadchiroli,1.09,6.0,25.39,93.49,0.94,Vidarbha,74,8,0,0.85,-1.53,Normal,0.0798,Low
20250405,Akola,0.0,4.6,32.55,19.77,0.33,Vidarbha,320,2,0,0.65,-1.57,Normal,0.0572,Low
20250527,Gadchiroli,6.93,3.9,30.92,68.6,0.63,Vidarbha,74,8,0,0.85,-1.4,Normal,0.0771,Low
20250707,Hingoli,14.79,16.2,24.98,84.95,0.84,Marathwada,244,3,0,0.68,-0.9,Normal,0.088,Low
20250626,Nandurbar,9.14,11.9,27.58,81.28,0.74,Nashik Division,277,10,0,0.72,-1.35,Normal,0.0806,Low
20250713,Gondia,5.07,11.2,26.76,87.27,0.93,Vidarbha,253,5,0,0.7,-1.49,Normal,0.085,Low
20250305,Palghar,0.0,22.4,26.91,53.99,0.37,Konkan,362,8,1,0.7,-1.3,Normal,0.0521,Low
20250901,Chandrapur,36.35,7.4,26.5,90.2,0.98,Vidarbha,193,3,0,0.75,-0.68,Normal,0.1185,Low
20250826,Satara,15.69,13.6,23.46,93.54,0.95,Pune Division,287,15,0,0.7,-1.2,Normal,0.0925,Low
20250528,Bhandara,4.91,6.6,30.7,68.08,0.6,Vidarbha,294,2,0,0.68,-1.62,Normal,0.0733,Low
20250329,Raigad,0.0,8.1,31.06,31.36,0.26,Konkan,368,12,1,0.75,-1.29,Normal,0.0518,Low
20250623,Buldhana,2.81,19.5,26.87,75.25,0.66,Vidarbha,268,3,0,0.68,-1.36,Normal,0.0694,Low
20250702,Sindhudurg,49.9,15.4,26.16,92.6,0.98,Konkan,167,20,1,0.75,-0.22,Normal,0.1316,Low
20250310,Nanded,0.0,8.3,28.72,32.42,0.13,Marathwada,319,3,0,0.72,-1.67,Normal,0.0424,Low
20250724,Washim,9.55,12.0,25.57,84.69,0.82,Vidarbha,244,3,0,0.65,-1.19,Normal,0.0825,Low
20251002,Ahmednagar,0.41,7.7,24.06,82.73,0.83,Nashik Division,266,4,0,0.68,-1.36,Normal,0.072,Low
20250914,Chandrapur,7.0,2.2,27.76,87.0,0.97,Vidarbha,193,3,0,0.75,-1.36,Normal,0.0902,Low
20250306,Sindhudurg,0.0,9.0,30.75,34.86,0.13,Konkan,167,20,1,0.75,-1.37,Normal,0.0449,Low
20250716,Gadchiroli,0.29,2.8,28.61,80.66,0.88,Vidarbha,74,8,0,0.85,-1.23,Normal,0.0801,Low
20250703,Hingoli,4.81,17.1,27.1,75.21,0.76,Marathwada,244,3,0,0.68,-0.87,Normal,0.0767,Low
20250518,Ratnagiri,1.42,11.9,29.84,76.5,0.39,Konkan,197,18,1,0.8,-1.32,Normal,0.0582,Low
20250716,Osmanabad,0.75,12.0,27.19,72.68,0.64,Marathwada,219,3,0,0.75,-1.44,Normal,0.0667,Low
20250330,Ratnagiri,0.02,10.5,28.96,65.62,0.27,Konkan,197,18,1,0.8,-1.24,Normal,0.0497,Low
20250803,Amravati,0.0,8.6,27.54,76.9,0.81,Vidarbha,237,4,0,0.68,-1.5,Normal,0.0749,Low
20250711,Mumbai City,12.23,11.3,26.77,90.09,0.96,Konkan,19652,2,1,0.85,-1.39,Normal,0.0937,Low
20250608,Washim,0.52,16.3,30.64,57.27,0.58,Vidarbha,244,3,0,0.65,-1.46,Normal,0.0678,Low
20250829,Jalgaon,19.31,12.4,26.44,90.27,0.86,Nashik Division,360,3,0,0.65,-1.11,Normal,0.0954,Low
20250627,Hingoli,2.39,15.9,27.93,72.59,0.74,Marathwada,244,3,0,0.68,-1.25,Normal,0.0743,Low
20250904,Sangli,2.93,16.2,23.34,88.71,0.9,Pune Division,329,5,0,0.65,-1.19,Normal,0.0771,Low
20250331,Akola,0.0,7.0,32.78,16.19,0.12,Vidarbha,320,2,0,0.65,-1.16,Normal,0.047,Low
20250623,Dhule,8.13,19.2,27.93,75.14,0.66,Nashik Division,285,4,0,0.62,-1.13,Normal,0.076,Low
20250314,Nanded,0.0,4.4,31.91,17.38,0.13,Marathwada,319,3,0,0.72,-1.54,Normal,0.0464,Low
20250815,Kolhapur,18.78,17.1,23.13,91.47,0.92,Pune Division,504,12,0,0.75,-1.06,Normal,0.0937,Low
20250603,Sindhudurg,9.91,10.7,27.31,87.5,0.91,Konkan,167,20,1,0.75,-1.1,Normal,0.0895,Low
20250406,Akola,0.0,6.8,32.47,17.95,0.3,Vidarbha,320,2,0,0.65,-1.62,Normal,0.0556,Low
20250526,Nanded,1.4,8.4,28.15,76.48,0.65,Marathwada,319,3,0,0.72,-1.14,Normal,0.0691,Low
20250625,Buldhana,21.14,12.9,26.32,81.69,0.8,Vidarbha,268,3,0,0.68,-0.78,Normal,0.094,Low
20250716,Palghar,3.65,17.6,28.15,86.07,0.92,Konkan,362,8,1,0.7,-1.55,Normal,0.0848,Low
20250527,Parbhani,14.93,10.5,28.94,74.04,0.68,Marathwada,295,2,0,0.7,-0.94,Normal,0.0851,Low
20250310,Buldhana,0.0,8.5,27.76,21.07,0.16,Vidarbha,268,3,0,0.68,-1.53,Normal,0.0427,Low
20250306,Buldhana,0.0,6.4,23.75,7.63,0.17,Vidarbha,268,3,0,0.68,-1.42,Normal,0.0382,Low
20250720,Amravati,2.29,7.3,28.33,71.71,0.78,Vidarbha,237,4,0,0.68,-0.91,Normal,0.0767,Low
20250715,Raigad,34.51,15.0,26.73,91.03,0.99,Konkan,368,12,1,0.75,-0.3,Normal,0.1174,Low
20250928,Wardha,1.66,9.9,25.88,91.01,0.94,Vidarbha,206,2,0,0.65,-1.1,Normal,0.081,Low
20250613,Raigad,25.56,13.0,27.58,89.3,0.91,Konkan,368,12,1,0.75,-0.71,Normal,0.1055,Low
20250820,Ratnagiri,12.65,24.9,26.48,86.92,0.93,Konkan,197,18,1,0.8,-1.22,Normal,0.0923,Low
20250805,Mumbai City,3.74,7.1,26.35,89.21,0.93,Konkan,19652,2,1,0.85,-1.31,Normal,0.0832,Low
20250306,Latur,0.0,8.9,24.02,6.65,0.15,Marathwada,343,2,0,0.75,-1.34,Normal,0.0375,Low
20250607,Akola,0.31,12.6,30.41,58.85,0.6,Vidarbha,320,2,0,0.65,-1.2,Normal,0.0683,Low
20250325,Akola,0.0,6.0,30.61,11.2,0.13,Vidarbha,320,2,0,0.65,-1.59,Normal,0.0448,Low
20250315,Ahmednagar,0.0,5.1,30.21,20.29,0.14,Nashik Division,266,4,0,0.68,-1.41,Normal,0.0448,Low
20250422,Buldhana,0.0,8.5,33.82,14.75,0.16,Vidarbha,268,3,0,0.68,-1.48,Normal,0.0503,Low
20250829,Raigad,18.5,7.6,25.98,91.75,0.98,Konkan,368,12,1,0.75,-0.61,Normal,0.1,Low
20250926,Beed,38.46,11.6,23.78,90.62,0.92,Marathwada,242,2,0,0.8,-0.73,Normal,0.1142,Low
20250727,Gondia,4.9,17.5,25.83,90.1,0.97,Vidarbha,253,5,0,0.7,-0.95,Normal,0.0857,Low
20250712,Osmanabad,1.06,16.1,26.97,71.03,0.68,Marathwada,219,3,0,0.75,-1.26,Normal,0.0688,Low
20250727,Akola,8.34,18.8,26.46,80.35,0.86,Vidarbha,320,2,0,0.65,-1.08,Normal,0.0844,Low
20250407,Mumbai City,0.01,8.9,32.6,40.05,0.28,Konkan,19652,2,1,0.85,-1.89,Normal,0.0548,Low
20250801,Solapur,0.49,15.3,26.78,72.37,0.7,Pune Division,290,2,0,0.7,-1.61,Normal,0.069,Low
20250616,Akola,6.6,18.5,29.54,67.96,0.68,Vidarbha,320,2,0,0.65,-1.13,Normal,0.0775,Low
20250607,Parbhani,0.38,11.0,30.94,58.18,0.59,Marathwada,295,2,0,0.7,-1.55,Normal,0.0686,Low
20251014,Nashik,0.0,5.9,21.0,72.13,0.88,Nashik Division,393,8,0,0.7,-1.47,Normal,0.0703,Low
20250327,Aurangabad,0.0,7.5,30.35,23.15,0.12,Marathwada,366,3,0,0.72,-1.45,Normal,0.0439,Low
20250713,Nashik,8.35,15.8,24.15,90.36,0.94,Nashik Division,393,8,0,0.7,-1.29,Normal,0.0855,Low
20250902,Parbhani,7.1,10.9,25.82,85.02,0.89,Marathwada,295,2,0,0.7,-1.45,Normal,0.0839,Low
20251002,Buldhana,0.49,5.2,25.38,82.42,0.86,Vidarbha,268,3,0,0.68,-1.11,Normal,0.0752,Low
20250709,Aurangabad,3.02,13.5,25.5,80.36,0.75,Marathwada,366,3,0,0.72,-1.72,Normal,0.0724,Low
20250518,Nagpur,5.01,5.9,35.08,45.02,0.44,Vidarbha,470,3,0,0.7,-1.07,Normal,0.0709,Low
20250704,Solapur,0.82,23.3,26.94,73.27,0.69,Pune Division,290,2,0,0.7,-1.53,Normal,0.069,Low
20250604,Mumbai City,6.15,9.7,27.98,83.16,0.82,Konkan,19652,2,1,0.85,-1.59,Normal,0.0821,Low
20250411,Pune,0.0,9.5,27.46,52.05,0.24,Pune Division,603,10,0,0.75,-1.53,Normal,0.0463,Low
20251030,Gondia,7.83,10.6,24.79,93.58,0.89,Vidarbha,253,5,0,0.7,-1.4,Normal,0.0833,Low
20250619,Beed,3.47,23.1,26.05,81.07,0.69,Marathwada,242,2,0,0.8,-1.31,Normal,0.0705,Low
20250623,Akola,1.88,18.6,27.81,71.76,0.64,Vidarbha,320,2,0,0.65,-1.1,Normal,0.0686,Low
20250818,Nandurbar,1.27,6.9,27.48,79.74,0.71,Nashik Division,277,10,0,0.72,-1.62,Normal,0.0711,Low
20250808,Jalna,6.28,5.9,26.29,77.42,0.71,Marathwada,254,2,0,0.7,-1.45,Normal,0.0746,Low
20250902,Kolhapur,12.65,15.8,22.65,92.97,0.93,Pune Division,504,12,0,0.75,-1.63,Normal,0.0875,Low
20251018,Aurangabad,0.0,5.2,23.7,80.75,0.75,Marathwada,366,3,0,0.72,-1.68,Normal,0.0671,Low
20250707,Sangli,8.96,23.1,23.6,89.24,0.91,Pune Division,329,5,0,0.65,-1.22,Normal,0.084,Low
20251029,Parbhani,24.18,9.1,24.78,89.68,0.92,Marathwada,295,2,0,0.7,-1.34,Normal,0.1012,Low
20250621,Latur,1.22,19.5,27.97,69.18,0.68,Marathwada,343,2,0,0.75,-1.45,Normal,0.0702,Low
20251023,Sindhudurg,8.89,13.4,25.99,86.59,0.86,Konkan,167,20,1,0.75,-0.93,Normal,0.0844,Low
20250604,Ratnagiri,3.81,13.4,28.75,80.88,0.68,Konkan,197,18,1,0.8,-1.36,Normal,0.0737,Low
20250309,Mumbai Suburban,0.0,8.1,30.18,39.44,0.21,Konkan,20980,3,1,0.8,-1.29,Normal,0.0482,Low
20250726,Sangli,16.91,26.4,22.83,92.55,0.93,Pune Division,329,5,0,0.65,-0.93,Normal,0.0919,Low
20250531,Mumbai Suburban,2.77,12.9,28.78,81.77,0.8,Konkan,20980,3,1,0.8,-1.55,Normal,0.0787,Low
20251027,Kolhapur,9.77,9.2,22.91,93.1,0.87,Pune Division,504,12,0,0.75,-1.13,Normal,0.0819,Low
20250321,Pune,0.0,8.6,25.6,33.97,0.27,Pune Division,603,10,0,0.75,-1.82,Normal,0.0455,Low
20250303,Washim,0.0,10.7,27.96,24.5,0.16,Vidarbha,244,3,0,0.65,-1.55,Normal,0.043,Low
20250424,Sindhudurg,3.53,5.7,29.33,67.58,0.45,Konkan,167,20,1,0.75,-1.48,Normal,0.0627,Low
20251001,Nanded,0.0,7.4,25.05,84.14,0.93,Marathwada,319,3,0,0.72,-1.55,Normal,0.0778,Low
20250618,Latur,0.16,22.4,27.97,70.09,0.69,Marathwada,343,2,0,0.75,-1.82,Normal,0.0696,Low
20250704,Yavatmal,5.65,12.7,26.54,83.78,0.77,Vidarbha,204,4,0,0.72,-0.9,Normal,0.0773,Low
20250808,Yavatmal,8.75,4.8,26.35,86.13,0.84,Vidarbha,204,4,0,0.72,-1.42,Normal,0.0837,Low
20250531,Sindhudurg,1.84,11.5,27.36,88.53,0.91,Konkan,167,20,1,0.75,-1.55,Normal,0.0815,Low
20250516,Hingoli,3.65,3.9,31.27,55.43,0.48,Marathwada,244,3,0,0.68,-1.12,Normal,0.0667,Low
20250915,Amravati,8.25,4.2,26.54,88.93,0.9,Vidarbha,237,4,0,0.68,-1.28,Normal,0.0864,Low
20250331,Bhandara,0.0,6.9,32.09,12.89,0.12,Vidarbha,294,2,0,0.68,-1.14,Normal,0.0461,Low
20250915,Wardha,4.46,3.3,26.67,90.29,0.94,Vidarbha,206,2,0,0.65,-1.2,Normal,0.0848,Low
20250519,Pune,13.8,7.0,26.3,82.44,0.63,Pune Division,603,10,0,0.75,-0.99,Normal,0.0782,Low
20251008,Beed,0.03,6.5,24.1,82.32,0.83,Marathwada,242,2,0,0.8,-1.14,Normal,0.0717,Low
20250315,Nandurbar,0.0,6.8,29.42,29.47,0.14,Nashik Division,277,10,0,0.72,-1.49,Normal,0.0438,Low
20250612,Yavatmal,6.22,7.2,30.81,68.14,0.64,Vidarbha,204,4,0,0.72,-1.33,Normal,0.0767,Low
20250317,Nandurbar,0.0,8.0,28.44,20.75,0.13,Nashik Division,277,10,0,0.72,-1.25,Normal,0.0421,Low
20250614,Yavatmal,7.46,6.7,31.11,67.32,0.65,Vidarbha,204,4,0,0.72,-1.59,Normal,0.0788,Low
20250829,Nashik,16.06,9.9,23.85,92.14,0.96,Nashik Division,393,8,0,0.7,-1.37,Normal,0.0939,Low
20251016,Pune,1.02,7.2,24.14,85.82,0.88,Pune Division,603,10,0,0.75,-1.34,Normal,0.0752,Low
20250306,Satara,0.0,8.9,28.23,12.1,0.14,Pune Division,287,15,0,0.7,-1.48,Normal,0.0423,Low
20250520,Mumbai City,28.04,6.0,29.61,81.77,0.66,Konkan,19652,2,1,0.85,-1.08,Normal,0.0981,Low
20250525,Washim,8.98,12.5,28.51,72.97,0.66,Vidarbha,244,3,0,0.65,-1.44,Normal,0.0776,Low
20251011,Mumbai Suburban,0.0,7.2,25.47,76.56,0.91,Konkan,20980,3,1,0.8,-1.62,Normal,0.0773,Low
20250820,Buldhana,9.89,12.2,25.33,85.77,0.86,Vidarbha,268,3,0,0.68,-0.88,Normal,0.0846,Low
20251012,Buldhana,0.0,5.8,20.41,75.29,0.81,Vidarbha,268,3,0,0.68,-1.46,Normal,0.066,Low
20250801,Satara,7.09,13.4,23.81,91.65,0.95,Pune Division,287,15,0,0.7,-1.49,Normal,0.0844,Low
20250509,Chandrapur,0.41,6.0,33.69,42.39,0.36,Vidarbha,193,3,0,0.75,-1.21,Normal,0.0605,Low
20250929,Ahmednagar,0.49,17.5,23.44,83.21,0.85,Nashik Division,266,4,0,0.68,-1.01,Normal,0.0723,Low
20250906,Sindhudurg,1.38,8.3,25.05,90.55,0.93,Konkan,167,20,1,0.75,-1.22,Normal,0.0792,Low
20250924,Satara,2.52,7.6,23.02,90.79,0.92,Pune Division,287,15,0,0.7,-1.66,Normal,0.0773,Low
20250814,Nandurbar,2.66,6.2,26.7,80.41,0.7,Nashik Division,277,10,0,0.72,-1.23,Normal,0.071,Low
20251011,Jalgaon,0.0,5.7,21.99,68.31,0.72,Nashik Division,360,3,0,0.65,-1.47,Normal,0.0635,Low
20250423,Raigad,0.2,7.1,31.61,53.65,0.22,Konkan,368,12,1,0.75,-1.37,Normal,0.0507,Low
20250311,Ahmednagar,0.0,8.5,28.57,26.62,0.15,Nashik Division,266,4,0,0.68,-1.88,Normal,0.0432,Low
20250413,Chandrapur,0.0,4.6,33.85,20.48,0.25,Vidarbha,193,3,0,0.75,-1.23,Normal,0.0548,Low
20250406,Yavatmal,0.0,4.9,32.92,21.13,0.31,Vidarbha,204,4,0,0.72,-1.38,Normal,0.0567,Low
20250805,Kolhapur,17.97,9.6,24.22,88.92,0.91,Pune Division,504,12,0,0.75,-1.48,Normal,0.0937,Low
20250318,Thane,0.02,7.0,29.41,43.21,0.21,Konkan,1157,5,1,0.75,-1.67,Normal,0.0473,Low
20250523,Hingoli,2.78,8.2,28.14,69.42,0.63,Marathwada,244,3,0,0.68,-1.31,Normal,0.0695,Low
20250412,Buldhana,0.0,12.8,31.52,22.57,0.21,Vidarbha,268,3,0,0.68,-1.45,Normal,0.0499,Low
20250518,Mumbai Suburban,3.56,6.6,30.03,72.92,0.54,Konkan,20980,3,1,0.8,-0.91,Normal,0.0681,Low
20251006,Aurangabad,4.49,8.4,24.1,82.64,0.84,Marathwada,366,3,0,0.72,-1.52,Normal,0.0766,Low
20250313,Wardha,0.0,6.4,31.56,18.93,0.15,Vidarbha,206,2,0,0.65,-1.6,Normal,0.047,Low
20250917,Ratnagiri,0.71,11.6,26.47,88.65,0.85,Konkan,197,18,1,0.8,-1.8,Normal,0.0763,Low
20250311,Thane,0.0,8.4,31.97,35.49,0.2,Konkan,1157,5,1,0.75,-1.31,Normal,0.05,Low
20250722,Nagpur,11.4,6.4,28.25,85.85,0.88,Vidarbha,470,3,0,0.7,-0.59,Normal,0.0907,Low
20250321,Dhule,0.0,8.2,28.93,24.67,0.13,Nashik Division,285,4,0,0.62,-1.56,Normal,0.0427,Low
20250319,Wardha,0.0,7.9,32.06,22.49,0.14,Vidarbha,206,2,0,0.65,-1.33,Normal,0.0471,Low
20250309,Jalgaon,0.0,5.4,29.22,17.41,0.16,Nashik Division,360,3,0,0.65,-1.76,Normal,0.0445,Low
20251027,Wardha,0.58,6.6,25.45,86.25,0.84,Vidarbha,206,2,0,0.65,-1.31,Normal,0.0744,Low
20250512,Osmanabad,4.38,9.1,33.7,35.08,0.26,Marathwada,219,3,0,0.75,-1.46,Normal,0.0595,Low
20250916,Thane,8.89,5.5,25.87,92.09,0.97,Konkan,1157,5,1,0.75,-0.57,Normal,0.0897,Low
20250610,Chandrapur,21.53,14.3,32.93,55.73,0.72,Vidarbha,193,3,0,0.75,-1.13,Normal,0.0987,Low
20250321,Sindhudurg,0.0,11.6,29.9,47.46,0.12,Konkan,167,20,1,0.75,-1.61,Normal,0.0434,Low
20251006,Latur,20.51,6.6,22.91,93.29,0.96,Marathwada,343,2,0,0.75,-1.45,Normal,0.0971,Low
20250406,Raigad,0.49,8.7,31.06,47.97,0.42,Konkan,368,12,1,0.75,-1.61,Normal,0.0603,Low
20250510,Osmanabad,0.01,8.0,31.89,36.97,0.22,Marathwada,219,3,0,0.75,-1.47,Normal,0.0509,Low
20250615,Wardha,2.11,9.3,31.25,64.67,0.59,Vidarbha,206,2,0,0.65,-1.21,Normal,0.0707,Low
20251026,Solapur,3.69,7.7,25.25,76.31,0.82,Pune Division,290,2,0,0.7,-1.27,Normal,0.0763,Low
20250714,Osmanabad,0.08,18.8,27.07,71.19,0.65,Marathwada,219,3,0,0.75,-1.67,Normal,0.0664,Low
20250713,Nandurbar,6.85,16.3,26.38,84.23,0.78,Nashik Division,277,10,0,0.72,-1.49,Normal,0.0788,Low
20250528,Pune,9.42,14.5,24.91,87.38,0.83,Pune Division,603,10,0,0.75,-1.32,Normal,0.0821,Low
20251018,Sindhudurg,1.71,8.2,26.66,79.81,0.86,Konkan,167,20,1,0.75,-1.37,Normal,0.078,Low
20250305,Wardha,0.0,12.5,25.94,13.39,0.18,Vidarbha,206,2,0,0.65,-1.53,Normal,0.0414,Low
20250405,Raigad,1.15,9.1,30.7,49.34,0.46,Konkan,368,12,1,0.75,-1.42,Normal,0.0625,Low
20250906,Kolhapur,1.06,11.6,22.79,90.16,0.9,Pune Division,504,12,0,0.75,-1.48,Normal,0.0745,Low
20250519,Ahmednagar,11.18,6.4,27.2,78.91,0.73,Nashik Division,266,4,0,0.68,-1.02,Normal,0.0817,Low
20250627,Thane,20.06,18.5,27.11,89.33,0.96,Konkan,1157,5,1,0.75,-1.39,Normal,0.1019,Low
20251024,Sindhudurg,28.81,11.2,26.09,91.23,0.9,Konkan,167,20,1,0.75,-0.35,Normal,0.1064,Low
20250418,Washim,0.0,7.4,34.84,20.31,0.18,Vidarbha,244,3,0,0.65,-1.13,Normal,0.0526,Low
20251011,Ratnagiri,0.18,9.9,27.69,78.65,0.82,Konkan,197,18,1,0.8,-1.48,Normal,0.0758,Low
20250628,Latur,0.01,18.6,26.84,70.73,0.7,Marathwada,343,2,0,0.75,-1.53,Normal,0.0686,Low
20250418,Raigad,0.0,7.8,30.39,61.33,0.24,Konkan,368,12,1,0.75,-1.38,Normal,0.05,Low
20250406,Buldhana,0.0,7.3,31.74,17.85,0.29,Vidarbha,268,3,0,0.68,-1.39,Normal,0.0542,Low
20250701,Sangli,7.93,20.2,23.8,90.95,0.9,Pune Division,329,5,0,0.65,-1.24,Normal,0.0827,Low
20250802,Gondia,1.63,7.0,26.94,85.62,0.93,Vidarbha,253,5,0,0.7,-1.5,Normal,0.0818,Low
20250819,Hingoli,12.49,12.2,24.68,89.09,0.9,Marathwada,244,3,0,0.68,-1.21,Normal,0.0883,Low
20250722,Nanded,6.45,11.6,27.67,80.12,0.76,Marathwada,319,3,0,0.72,-1.27,Normal,0.079,Low
20250924,Bhandara,20.09,7.6,26.49,88.56,0.95,Vidarbha,294,2,0,0.68,-1.26,Normal,0.1007,Low
20250809,Buldhana,12.87,6.1,24.54,86.28,0.82,Vidarbha,268,3,0,0.68,-1.45,Normal,0.0845,Low
20250709,Nagpur,26.92,14.8,25.29,89.98,0.95,Vidarbha,470,3,0,0.7,-0.61,Normal,0.106,Low
20250827,Akola,6.65,11.2,26.22,87.0,0.86,Vidarbha,320,2,0,0.65,-0.94,Normal,0.0824,Low
20250605,Satara,10.3,7.0,24.67,86.36,0.87,Pune Division,287,15,0,0.7,-1.29,Normal,0.0846,Low
20250403,Sindhudurg,1.48,6.1,29.7,67.23,0.37,Konkan,167,20,1,0.75,-1.47,Normal,0.0571,Low
20250315,Nashik,0.0,6.8,28.33,29.73,0.14,Nashik Division,393,8,0,0.7,-1.69,Normal,0.0424,Low
20250405,Gondia,0.0,6.4,31.64,23.01,0.21,Vidarbha,253,5,0,0.7,-1.6,Normal,0.0501,Low
20250803,Osmanabad,1.18,7.7,27.01,72.44,0.7,Marathwada,219,3,0,0.75,-1.44,Normal,0.0699,Low
20250623,Latur,0.18,22.5,27.3,70.44,0.66,Marathwada,343,2,0,0.75,-1.68,Normal,0.0673,Low
20250323,Ratnagiri,0.01,11.3,28.17,66.21,0.13,Konkan,197,18,1,0.8,-1.65,Normal,0.0417,Low
20250602,Nanded,0.22,14.2,28.82,67.14,0.66,Marathwada,319,3,0,0.72,-1.46,Normal,0.0692,Low
20250508,Thane,16.0,9.8,27.9,78.09,0.61,Konkan,1157,5,1,0.75,-1.07,Normal,0.0814,Low
20250511,Sangli,0.16,10.8,28.88,55.57,0.27,Pune Division,329,5,0,0.65,-0.85,Normal,0.0498,Low
20250718,Palghar,1.27,15.1,27.95,84.58,0.92,Konkan,362,8,1,0.7,-1.45,Normal,0.0822,Low
20251007,Gondia,2.94,4.3,25.52,85.5,0.94,Vidarbha,253,5,0,0.7,-1.22,Normal,0.0818,Low
20250905,Pune,19.42,14.5,23.14,91.6,0.95,Pune Division,603,10,0,0.75,-1.05,Normal,0.0958,Low
20250403,Gadchiroli,0.46,4.5,32.69,28.37,0.19,Vidarbha,74,8,0,0.85,-1.64,Normal,0.0508,Low
20250731,Nandurbar,0.74,15.8,26.54,80.84,0.76,Nashik Division,277,10,0,0.72,-1.8,Normal,0.0719,Low
20251029,Mumbai Suburban,8.72,6.8,26.18,89.67,0.9,Konkan,20980,3,1,0.8,-1.46,Normal,0.0864,Low
20250327,Nandurbar,0.0,10.9,29.62,38.18,0.12,Nashik Division,277,10,0,0.72,-1.39,Normal,0.043,Low
20250325,Pune,0.0,6.0,28.5,28.12,0.24,Pune Division,603,10,0,0.75,-1.16,Normal,0.0476,Low
20250718,Jalgaon,0.02,10.2,27.24,77.15,0.7,Nashik Division,360,3,0,0.65,-1.32,Normal,0.0691,Low
20251003,Sangli,0.57,8.5,23.47,88.53,0.88,Pune Division,329,5,0,0.65,-1.29,Normal,0.0739,Low
20251022,Ahmednagar,3.42,8.3,24.59,81.72,0.78,Nashik Division,266,4,0,0.68,-1.48,Normal,0.0732,Low
20250526,Akola,2.41,7.8,29.58,70.6,0.68,Vidarbha,320,2,0,0.65,-1.23,Normal,0.0734,Low
20250520,Latur,24.29,6.7,30.16,67.37,0.74,Marathwada,343,2,0,0.75,-1.09,Normal,0.099,Low
20250918,Hingoli,3.02,4.2,26.15,87.06,0.91,Marathwada,244,3,0,0.68,-1.27,Normal,0.0812,Low
20250805,Akola,0.22,5.9,27.4,78.34,0.76,Vidarbha,320,2,0,0.65,-1.66,Normal,0.0725,Low
20250422,Jalna,0.0,8.7,33.33,15.89,0.15,Marathwada,254,2,0,0.7,-1.33,Normal,0.0492,Low
20250509,Solapur,0.0,8.3,31.2,37.64,0.19,Pune Division,290,2,0,0.7,-1.45,Normal,0.0485,Low
20250522,Palghar,9.32,6.4,29.83,78.93,0.51,Konkan,362,8,1,0.7,-1.13,Normal,0.0721,Low
20250418,Mumbai City,0.0,7.7,31.07,58.49,0.18,Konkan,19652,2,1,0.85,-1.43,Normal,0.0478,Low
20250709,Hingoli,11.25,14.2,26.0,80.9,0.82,Marathwada,244,3,0,0.68,-1.53,Normal,0.0848,Low
20250429,Solapur,0.0,6.2,33.59,28.24,0.28,Pune Division,290,2,0,0.7,-1.51,Normal,0.056,Low
20250804,Gondia,1.11,4.1,27.87,82.43,0.92,Vidarbha,253,5,0,0.7,-1.47,Normal,0.0819,Low
20250520,Dhule,2.41,6.2,31.88,63.84,0.6,Nashik Division,285,4,0,0.62,-1.74,Normal,0.0723,Low
20250314,Palghar,0.07,12.2,28.41,72.55,0.35,Konkan,362,8,1,0.7,-1.62,Normal,0.0531,Low
20250711,Gadchiroli,0.45,7.4,26.56,84.9,0.9,Vidarbha,74,8,0,0.85,-1.59,Normal,0.0786,Low
20250929,Yavatmal,0.03,6.4,25.97,86.43,0.91,Vidarbha,204,4,0,0.72,-1.54,Normal,0.078,Low
20251001,Akola,0.15,5.0,25.51,80.19,0.89,Vidarbha,320,2,0,0.65,-1.6,Normal,0.0765,Low
20250317,Gadchiroli,0.0,5.0,31.91,24.34,0.13,Vidarbha,74,8,0,0.85,-1.15,Normal,0.0464,Low
20250405,Aurangabad,0.0,4.8,31.32,18.42,0.26,Marathwada,366,3,0,0.72,-1.45,Normal,0.0522,Low
20250614,Buldhana,4.66,5.2,30.09,69.19,0.67,Vidarbha,268,3,0,0.68,-1.35,Normal,0.0758,Low
20250326,Washim,0.0,3.8,31.12,12.93,0.14,Vidarbha,244,3,0,0.65,-1.69,Normal,0.0459,Low
20250915,Parbhani,12.85,7.1,25.59,92.01,0.94,Marathwada,295,2,0,0.7,-1.19,Normal,0.0918,Low
20250910,Satara,0.1,6.0,23.69,89.13,0.92,Pune Division,287,15,0,0.7,-1.45,Normal,0.0757,Low
20250729,Mumbai Suburban,14.29,19.8,25.77,90.45,0.97,Konkan,20980,3,1,0.8,-1.21,Normal,0.095,Low
20250606,Gondia,0.0,5.3,33.07,40.96,0.48,Vidarbha,253,5,0,0.7,-1.12,Normal,0.0653,Low
20251019,Mumbai City,0.11,7.8,27.04,77.34,0.87,Konkan,19652,2,1,0.85,-1.49,Normal,0.0774,Low
20250701,Nanded,17.82,16.1,25.79,84.02,0.81,Marathwada,319,3,0,0.72,-1.3,Normal,0.0906,Low
20250822,Nagpur,9.58,12.0,26.5,88.4,0.95,Vidarbha,470,3,0,0.7,-1.38,Normal,0.0902,Low
20250818,Nashik,36.21,17.4,23.74,95.44,0.96,Nashik Division,393,8,0,0.7,-0.62,Normal,0.1139,Low
20251027,Chandrapur,0.75,5.8,25.9,84.93,0.86,Vidarbha,193,3,0,0.75,-1.65,Normal,0.0761,Low
20250701,Wardha,7.11,16.7,26.52,84.05,0.76,Vidarbha,206,2,0,0.65,-0.95,Normal,0.0783,Low
20251013,Kolhapur,0.0,8.6,22.15,78.96,0.85,Pune Division,504,12,0,0.75,-1.7,Normal,0.0702,Low
20250313,Nanded,0.0,6.7,31.61,19.91,0.13,Marathwada,319,3,0,0.72,-0.92,Normal,0.046,Low
20250325,Osmanabad,0.0,7.8,30.06,23.27,0.22,Marathwada,219,3,0,0.75,-1.68,Normal,0.0486,Low
20250814,Nashik,4.48,8.2,23.9,90.31,0.91,Nashik Division,393,8,0,0.7,-1.43,Normal,0.0799,Low
20250630,Ratnagiri,12.65,25.1,28.27,83.9,0.82,Konkan,197,18,1,0.8,-1.69,Normal,0.089,Low
20250325,Bhandara,0.0,6.0,29.64,13.94,0.13,Vidarbha,294,2,0,0.68,-1.51,Normal,0.0436,Low
20251022,Solapur,0.77,10.3,25.21,81.1,0.8,Pune Division,290,2,0,0.7,-1.3,Normal,0.0723,Low
20250705,Gondia,11.47,16.7,25.88,89.32,0.88,Vidarbha,253,5,0,0.7,-1.17,Normal,0.0878,Low
20250717,Aurangabad,0.51,9.2,26.56,77.23,0.71,Marathwada,366,3,0,0.72,-1.34,Normal,0.0692,Low
20250502,Pune,0.0,11.1,30.31,39.84,0.16,Pune Division,603,10,0,0.75,-1.51,Normal,0.0459,Low
20250429,Ratnagiri,0.07,11.1,29.34,72.86,0.26,Konkan,197,18,1,0.8,-1.65,Normal,0.0497,Low
20250713,Parbhani,0.03,15.4,27.37,74.0,0.73,Marathwada,295,2,0,0.7,-1.53,Normal,0.0707,Low
20250324,Nagpur,0.0,7.1,28.86,14.63,0.14,Vidarbha,470,3,0,0.7,-1.8,Normal,0.0431,Low
20250501,Mumbai City,0.04,9.3,32.02,54.24,0.16,Konkan,19652,2,1,0.85,-1.54,Normal,0.0481,Low
20250505,Parbhani,0.07,10.8,33.78,27.07,0.15,Marathwada,295,2,0,0.7,-1.29,Normal,0.0498,Low
20250527,Jalgaon,26.4,12.8,29.72,71.9,0.73,Nashik Division,360,3,0,0.65,-1.05,Normal,0.1,Low
20250521,Nanded,14.66,6.4,30.76,67.01,0.7,Marathwada,319,3,0,0.72,-1.02,Normal,0.0881,Low
20250929,Parbhani,0.04,9.6,24.61,87.28,0.93,Marathwada,295,2,0,0.7,-1.37,Normal,0.0773,Low
20250807,Mumbai Suburban,4.13,6.6,26.54,88.8,0.93,Konkan,20980,3,1,0.8,-1.47,Normal,0.0838,Low
20250529,Mumbai Suburban,10.94,11.3,28.33,88.6,0.85,Konkan,20980,3,1,0.8,-1.06,Normal,0.0889,Low
20250425,Gondia,0.0,7.3,35.77,14.1,0.16,Vidarbha,253,5,0,0.7,-1.76,Normal,0.0527,Low
20250324,Aurangabad,0.0,7.1,29.1,15.63,0.13,Marathwada,366,3,0,0.72,-1.58,Normal,0.0429,Low
20250323,Pune,0.0,5.7,27.46,37.03,0.26,Pune Division,603,10,0,0.75,-1.71,Normal,0.0473,Low
20250326,Yavatmal,0.0,4.7,31.35,11.97,0.14,Vidarbha,204,4,0,0.72,-1.58,Normal,0.0462,Low
20250921,Bhandara,3.44,4.5,27.5,85.19,0.94,Vidarbha,294,2,0,0.68,-1.48,Normal,0.0848,Low
20250331,Aurangabad,0.0,5.5,32.54,18.82,0.12,Marathwada,366,3,0,0.72,-1.6,Normal,0.0467,Low
20250723,Bhandara,54.82,10.7,26.67,93.62,0.98,Vidarbha,294,2,0,0.68,-0.43,Normal,0.1372,Low
20251029,Raigad,11.9,8.4,26.1,91.27,0.93,Konkan,368,12,1,0.75,-1.06,Normal,0.091,Low
20250303,Mumbai Suburban,0.49,11.1,29.92,31.6,0.25,Konkan,20980,3,1,0.8,-1.63,Normal,0.0504,Low
20251009,Satara,6.2,5.7,23.16,90.64,0.91,Pune Division,287,15,0,0.7,-1.43,Normal,0.0807,Low
20250819,Washim,17.98,12.6,24.8,88.35,0.91,Vidarbha,244,3,0,0.65,-0.86,Normal,0.0945,Low
20250325,Chandrapur,0.0,5.1,30.5,12.99,0.19,Vidarbha,193,3,0,0.75,-1.24,Normal,0.0476,Low
20250925,Jalgaon,1.68,9.0,25.2,84.29,0.79,Nashik Division,360,3,0,0.65,-1.49,Normal,0.0727,Low
20250319,Washim,0.0,5.3,31.54,16.91,0.13,Vidarbha,244,3,0,0.65,-1.87,Normal,0.0459,Low
20250422,Pune,0.01,7.2,31.28,33.66,0.19,Pune Division,603,10,0,0.75,-1.53,Normal,0.0486,Low
20250324,Jalgaon,0.0,6.1,30.23,14.87,0.14,Nashik Division,360,3,0,0.65,-1.61,Normal,0.0448,Low
20250311,Akola,0.0,7.1,28.73,22.89,0.15,Vidarbha,320,2,0,0.65,-1.1,Normal,0.0434,Low
20250812,Nashik,3.75,10.2,23.64,89.05,0.91,Nashik Division,393,8,0,0.7,-1.44,Normal,0.0788,Low
20250827,Aurangabad,3.24,11.4,25.44,83.99,0.77,Marathwada,366,3,0,0.72,-1.52,Normal,0.0735,Low
20250512,Dhule,2.79,9.1,32.54,46.58,0.43,Nashik Division,285,4,0,0.62,-1.24,Normal,0.065,Low
20251010,Latur,0.0,6.8,21.52,78.93,0.92,Marathwada,343,2,0,0.75,-1.56,Normal,0.0729,Low
20250514,Gondia,3.1,5.7,34.97,36.86,0.41,Vidarbha,253,5,0,0.7,-1.23,Normal,0.0673,Low
20250702,Chandrapur,6.83,12.2,26.46,84.36,0.84,Vidarbha,193,3,0,0.75,-1.19,Normal,0.0819,Low
20250614,Washim,2.84,6.1,29.68,69.97,0.64,Vidarbha,244,3,0,0.65,-1.32,Normal,0.0719,Low
20251009,Thane,0.22,6.4,25.77,80.73,0.92,Konkan,1157,5,1,0.75,-1.59,Normal,0.0784,Low
20250827,Palghar,11.23,12.6,27.24,87.33,0.94,Konkan,362,8,1,0.7,-1.21,Normal,0.0923,Low
20250806,Raigad,3.28,7.3,26.26,88.76,0.94,Konkan,368,12,1,0.75,-1.29,Normal,0.0831,Low
20250603,Sangli,1.77,15.0,25.03,83.8,0.79,Pune Division,329,5,0,0.65,-0.96,Normal,0.0726,Low
20250609,Jalgaon,0.0,18.8,32.53,52.19,0.54,Nashik Division,360,3,0,0.65,-1.2,Normal,0.0677,Low
20250422,Thane,0.03,8.7,32.04,50.28,0.17,Konkan,1157,5,1,0.75,-1.39,Normal,0.0486,Low
20250309,Raigad,0.0,8.7,29.88,40.32,0.27,Konkan,368,12,1,0.75,-1.54,Normal,0.0509,Low
20250407,Beed,0.0,8.4,32.37,15.33,0.18,Marathwada,242,2,0,0.8,-1.5,Normal,0.0495,Low
20250929,Thane,40.49,18.0,24.78,92.72,0.99,Konkan,1157,5,1,0.75,-0.1,Normal,0.121,Low
20250519,Mumbai City,9.43,7.2,28.93,80.02,0.58,Konkan,19652,2,1,0.85,-1.51,Normal,0.0746,Low
20250719,Washim,0.29,7.2,26.59,75.63,0.75,Vidarbha,244,3,0,0.65,-1.57,Normal,0.071,Low
20250715,Mumbai Suburban,39.11,13.9,26.94,90.66,0.98,Konkan,20980,3,1,0.8,-0.86,Normal,0.1218,Low
20250417,Gadchiroli,0.0,8.9,33.76,38.42,0.19,Vidarbha,74,8,0,0.85,-1.47,Normal,0.0517,Low
20250804,Amravati,0.04,6.2,27.86,77.92,0.8,Vidarbha,237,4,0,0.68,-1.44,Normal,0.0749,Low
20251005,Amravati,7.82,7.5,24.64,87.79,0.9,Vidarbha,237,4,0,0.68,-1.49,Normal,0.0836,Low
20250923,Chandrapur,5.14,6.0,26.9,86.78,0.95,Vidarbha,193,3,0,0.75,-1.43,Normal,0.0863,Low
20250420,Mumbai City,0.0,8.6,31.14,53.89,0.17,Konkan,19652,2,1,0.85,-1.43,Normal,0.0474,Low
20250526,Washim,2.75,7.4,28.21,75.03,0.66,Vidarbha,244,3,0,0.65,-0.95,Normal,0.071,Low
20250909,Pune,0.12,6.3,23.12,89.56,0.92,Pune Division,603,10,0,0.75,-1.7,Normal,0.075,Low
20250918,Parbhani,3.02,4.2,26.15,87.06,0.91,Marathwada,295,2,0,0.7,-1.2,Normal,0.0812,Low
20250325,Dhule,0.0,4.1,31.49,12.87,0.12,Nashik Division,285,4,0,0.62,-1.54,Normal,0.0454,Low
20250717,Mumbai Suburban,2.21,9.2,26.68,89.74,0.96,Konkan,20980,3,1,0.8,-1.48,Normal,0.0836,Low
20250408,Hingoli,0.0,5.4,33.12,17.7,0.26,Marathwada,244,3,0,0.68,-1.3,Normal,0.0544,Low
20250315,Palghar,0.04,14.6,27.99,73.66,0.34,Konkan,362,8,1,0.7,-1.78,Normal,0.052,Low
20251011,Raigad,0.0,7.0,25.8,77.21,0.91,Konkan,368,12,1,0.75,-1.49,Normal,0.0778,Low
20251017,Sangli,0.11,11.2,23.47,81.22,0.83,Pune Division,329,5,0,0.65,-1.36,Normal,0.0709,Low
20250320,Ahmednagar,0.0,7.1,29.61,20.05,0.13,Nashik Division,266,4,0,0.68,-1.69,Normal,0.0435,Low
20251007,Bhandara,1.97,4.3,25.83,85.48,0.94,Vidarbha,294,2,0,0.68,-1.6,Normal,0.0813,Low
20250404,Aurangabad,0.05,5.8,30.49,31.32,0.27,Marathwada,366,3,0,0.72,-1.36,Normal,0.0517,Low
20250629,Pune,10.78,20.8,23.56,92.38,0.92,Pune Division,603,10,0,0.75,-1.11,Normal,0.0862,Low
20250317,Kolhapur,0.0,6.5,29.43,44.89,0.14,Pune Division,504,12,0,0.75,-1.63,Normal,0.0438,Low
20251005,Ratnagiri,0.72,8.2,26.48,84.16,0.84,Konkan,197,18,1,0.8,-1.74,Normal,0.0758,Low
20250728,Mumbai City,16.23,20.0,26.02,89.98,0.98,Konkan,19652,2,1,0.85,-0.89,Normal,0.0978,Low
20251006,Satara,1.97,6.0,22.65,91.04,0.91,Pune Division,287,15,0,0.7,-1.42,Normal,0.0758,Low
20250921,Mumbai Suburban,10.63,6.4,26.25,90.97,0.97,Konkan,20980,3,1,0.8,-1.35,Normal,0.0919,Low
20250704,Parbhani,4.99,15.0,26.84,77.33,0.76,Marathwada,295,2,0,0.7,-1.28,Normal,0.0765,Low
20250512,Raigad,2.13,6.8,30.02,67.03,0.6,Konkan,368,12,1,0.75,-1.28,Normal,0.0697,Low
20250726,Nanded,26.03,19.0,24.97,88.78,0.9,Marathwada,319,3,0,0.72,-1.33,Normal,0.1022,Low
20250817,Mumbai City,60.78,12.4,26.08,93.43,0.99,Konkan,19652,2,1,0.85,0.51,Normal,0.1429,Low
20251022,Buldhana,2.3,5.9,24.56,86.5,0.79,Vidarbha,268,3,0,0.68,-1.42,Normal,0.0725,Low
20251020,Buldhana,0.0,7.3,23.36,81.68,0.77,Vidarbha,268,3,0,0.68,-1.41,Normal,0.0677,Low
20250708,Palghar,8.82,24.5,28.25,85.24,0.95,Konkan,362,8,1,0.7,-1.32,Normal,0.0916,Low
20251022,Amravati,0.42,7.1,24.91,86.01,0.79,Vidarbha,237,4,0,0.68,-1.52,Normal,0.0711,Low
20250825,Nashik,16.91,18.3,22.99,93.08,0.96,Nashik Division,393,8,0,0.7,-1.29,Normal,0.0936,Low
20250314,Sangli,0.0,6.7,29.54,42.19,0.15,Pune Division,329,5,0,0.65,-1.75,Normal,0.0444,Low
20250428,Bhandara,2.91,9.6,33.56,31.56,0.35,Vidarbha,294,2,0,0.68,-1.4,Normal,0.0624,Low
20250716,Yavatmal,2.54,7.8,28.32,79.98,0.8,Vidarbha,204,4,0,0.72,-1.68,Normal,0.0779,Low
20251007,Aurangabad,0.05,6.7,23.72,81.19,0.81,Marathwada,366,3,0,0.72,-1.54,Normal,0.0702,Low
20250419,Satara,0.0,10.3,30.33,50.41,0.17,Pune Division,287,15,0,0.7,-1.31,Normal,0.0464,Low
20250624,Osmanabad,2.03,22.6,26.29,74.01,0.68,Marathwada,219,3,0,0.75,-1.38,Normal,0.0689,Low
20250903,Raigad,8.27,11.6,25.79,91.25,0.97,Konkan,368,12,1,0.75,-0.98,Normal,0.089,Low
20250917,Osmanabad,11.89,5.1,25.1,85.7,0.93,Marathwada,219,3,0,0.75,-0.97,Normal,0.0898,Low
20250515,Nashik,0.52,5.3,27.54,72.79,0.61,Nashik Division,393,8,0,0.7,-1.22,Normal,0.0654,Low
20250410,Ahmednagar,0.0,9.6,32.03,19.55,0.15,Nashik Division,266,4,0,0.68,-1.7,Normal,0.0475,Low
20250327,Parbhani,0.0,5.1,31.16,19.1,0.15,Marathwada,295,2,0,0.7,-1.62,Normal,0.0465,Low
20250804,Jalna,0.03,9.1,27.51,72.72,0.68,Marathwada,254,2,0,0.7,-1.32,Normal,0.0684,Low
20250519,Satara,24.96,7.7,25.94,86.15,0.61,Pune Division,287,15,0,0.7,-1.28,Normal,0.0879,Low
20250513,Jalgaon,6.0,10.2,31.53,55.21,0.52,Nashik Division,360,3,0,0.65,-1.39,Normal,0.0714,Low
20250706,Akola,9.25,14.9,26.18,82.87,0.82,Vidarbha,320,2,0,0.65,-1.06,Normal,0.083,Low
20251025,Jalna,6.28,7.9,23.76,85.94,0.78,Marathwada,254,2,0,0.7,-1.69,Normal,0.075,Low
20250708,Nashik,8.72,17.3,23.78,92.66,0.96,Nashik Division,393,8,0,0.7,-1.02,Normal,0.0864,Low
20250908,Nanded,11.55,6.8,25.77,83.8,0.92,Marathwada,319,3,0,0.72,-1.48,Normal,0.0898,Low
20251030,Yavatmal,16.82,10.5,25.18,91.61,0.91,Vidarbha,204,4,0,0.72,-1.06,Normal,0.0938,Low
20250321,Buldhana,0.0,8.0,28.5,20.56,0.14,Vidarbha,268,3,0,0.68,-1.8,Normal,0.0426,Low
20251006,Gondia,14.16,4.9,25.1,87.72,0.95,Vidarbha,253,5,0,0.7,-1.25,Normal,0.093,Low
20250425,Sindhudurg,4.36,7.4,29.68,65.71,0.47,Konkan,167,20,1,0.75,-1.21,Normal,0.065,Low
20251021,Osmanabad,0.54,8.2,23.91,84.65,0.85,Marathwada,219,3,0,0.75,-1.52,Normal,0.0729,Low
20250906,Nandurbar,15.58,10.1,24.98,92.56,0.9,Nashik Division,277,10,0,0.72,-0.98,Normal,0.0918,Low
20250324,Thane,0.1,6.5,30.72,46.84,0.2,Konkan,1157,5,1,0.75,-1.67,Normal,0.0485,Low
20250607,Jalgaon,1.06,11.0,31.46,56.65,0.59,Nashik Division,360,3,0,0.65,-1.85,Normal,0.0699,Low
20251028,Kolhapur,1.14,7.7,22.92,89.68,0.85,Pune Division,504,12,0,0.75,-1.19,Normal,0.0723,Low
20250410,Nashik,0.0,10.7,30.47,28.23,0.18,Nashik Division,393,8,0,0.7,-1.45,Normal,0.0471,Low
20250725,Buldhana,10.22,13.6,26.08,83.43,0.81,Vidarbha,268,3,0,0.68,-1.08,Normal,0.0833,Low
20250920,Palghar,6.6,10.3,27.42,84.27,0.93,Konkan,362,8,1,0.7,-1.19,Normal,0.0874,Low
20250622,Hingoli,0.42,18.6,28.71,66.28,0.62,Marathwada,244,3,0,0.68,-1.51,Normal,0.0673,Low
20250423,Akola,0.0,10.0,35.4,11.22,0.16,Vidarbha,320,2,0,0.65,-1.7,Normal,0.0522,Low
20250912,Osmanabad,12.25,9.0,23.49,88.63,0.92,Marathwada,219,3,0,0.75,-1.09,Normal,0.0876,Low
20250904,Nanded,4.15,11.4,25.13,86.45,0.92,Marathwada,319,3,0,0.72,-1.3,Normal,0.0816,Low
20250526,Jalna,1.95,8.2,28.15,75.59,0.72,Marathwada,254,2,0,0.7,-1.34,Normal,0.0731,Low
20250331,Buldhana,0.0,6.1,32.45,16.96,0.13,Vidarbha,268,3,0,0.68,-1.35,Normal,0.0471,Low
20251029,Latur,22.29,7.3,24.01,91.2,0.93,Marathwada,343,2,0,0.75,-1.05,Normal,0.0988,Low
20250712,Palghar,8.95,20.2,28.1,85.23,0.93,Konkan,362,8,1,0.7,-1.14,Normal,0.0906,Low
20250618,Amravati,0.94,16.1,29.64,68.01,0.61,Vidarbha,237,4,0,0.68,-1.54,Normal,0.0685,Low
20250721,Washim,9.93,8.4,27.52,77.08,0.78,Vidarbha,244,3,0,0.65,-0.93,Normal,0.0833,Low
20250925,Raigad,2.27,5.4,25.72,86.65,0.95,Konkan,368,12,1,0.75,-1.3,Normal,0.0819,Low
20250310,Gondia,0.0,6.5,27.19,19.57,0.14,Vidarbha,253,5,0,0.7,-1.76,Normal,0.041,Low
20250831,Mumbai City,12.1,11.1,26.32,91.56,0.96,Konkan,19652,2,1,0.85,-1.07,Normal,0.093,Low
20251024,Nashik,0.66,10.6,24.21,86.07,0.84,Nashik Division,393,8,0,0.7,-1.36,Normal,0.0729,Low
20250313,Gadchiroli,0.0,4.6,31.43,20.66,0.14,Vidarbha,74,8,0,0.85,-1.29,Normal,0.0463,Low
20251017,Latur,0.0,6.8,23.21,85.85,0.88,Marathwada,343,2,0,0.75,-1.62,Normal,0.073,Low
20250307,Latur,0.0,6.6,26.36,8.8,0.14,Marathwada,343,2,0,0.75,-1.61,Normal,0.04,Low
20251015,Solapur,1.15,9.6,25.21,81.53,0.83,Pune Division,290,2,0,0.7,-1.49,Normal,0.0742,Low
20250620,Nanded,0.17,17.9,29.15,67.35,0.66,Marathwada,319,3,0,0.72,-1.48,Normal,0.0696,Low
20250814,Ahmednagar,11.14,11.1,25.25,80.14,0.73,Nashik Division,266,4,0,0.68,-1.29,Normal,0.0792,Low
20250915,Thane,74.47,9.9,25.76,93.73,0.98,Konkan,1157,5,1,0.75,-0.2,Normal,0.1557,Low
20250620,Ratnagiri,10.09,23.4,28.49,85.35,0.8,Konkan,197,18,1,0.8,-1.36,Normal,0.0857,Low
20251005,Bhandara,10.81,4.4,25.32,91.25,0.95,Vidarbha,294,2,0,0.68,-1.27,Normal,0.09,Low
20250527,Latur,20.25,8.8,27.6,78.93,0.8,Marathwada,343,2,0,0.75,-1.3,Normal,0.0948,Low
20251031,Gadchiroli,1.08,6.6,25.71,88.55,0.88,Vidarbha,74,8,0,0.85,-1.02,Normal,0.0772,Low
20250918,Mumbai City,18.85,6.5,26.38,90.55,0.97,Konkan,19652,2,1,0.85,-0.88,Normal,0.1003,Low
20250604,Nashik,4.41,11.4,25.49,81.0,0.76,Nashik Division,393,8,0,0.7,-1.23,Normal,0.0743,Low
20250927,Nandurbar,7.45,9.7,26.46,82.2,0.79,Nashik Division,277,10,0,0.72,-1.05,Normal,0.08,Low
20250602,Sindhudurg,8.21,12.1,27.51,86.66,0.91,Konkan,167,20,1,0.75,-1.1,Normal,0.0881,Low
20250428,Thane,0.03,7.7,32.22,52.29,0.16,Konkan,1157,5,1,0.75,-1.43,Normal,0.0483,Low
20250830,Mumbai City,7.57,9.2,26.36,91.58,0.97,Konkan,19652,2,1,0.85,-1.26,Normal,0.089,Low
20250504,Nashik,0.0,12.1,27.27,54.06,0.13,Nashik Division,393,8,0,0.7,-1.39,Normal,0.0406,Low
20250721,Akola,5.44,7.4,27.82,77.01,0.78,Vidarbha,320,2,0,0.65,-1.44,Normal,0.0792,Low
20250411,Mumbai City,0.01,8.0,30.25,56.84,0.21,Konkan,19652,2,1,0.85,-1.47,Normal,0.0483,Low
20250303,Latur,0.0,9.0,28.88,23.23,0.15,Marathwada,343,2,0,0.75,-1.7,Normal,0.0436,Low
20251031,Ratnagiri,2.74,22.6,27.17,82.19,0.82,Konkan,197,18,1,0.8,-1.31,Normal,0.0777,Low
20250911,Buldhana,3.33,8.5,24.35,83.8,0.83,Vidarbha,268,3,0,0.68,-1.71,Normal,0.0753,Low
20250801,Amravati,0.05,10.9,26.57,80.29,0.83,Vidarbha,237,4,0,0.68,-1.35,Normal,0.0748,Low
20250831,Jalna,2.03,10.5,25.52,83.92,0.79,Marathwada,254,2,0,0.7,-1.78,Normal,0.0734,Low
20250705,Amravati,10.4,16.4,26.6,83.0,0.79,Vidarbha,237,4,0,0.68,-0.98,Normal,0.0832,Low
20250412,Latur,0.0,11.2,30.97,27.64,0.42,Marathwada,343,2,0,0.75,-1.19,Normal,0.0597,Low
20250513,Kolhapur,18.85,7.6,27.74,68.74,0.57,Pune Division,504,12,0,0.75,-1.13,Normal,0.082,Low
20250715,Latur,0.47,14.4,27.66,71.86,0.67,Marathwada,343,2,0,0.75,-1.51,Normal,0.0685,Low
20250319,Buldhana,0.0,4.6,30.67,15.86,0.14,Vidarbha,268,3,0,0.68,-1.38,Normal,0.0453,Low
20250507,Chandrapur,0.0,7.9,32.38,37.87,0.46,Vidarbha,193,3,0,0.75,-1.52,Normal,0.0635,Low
20250705,Ratnagiri,17.84,25.6,27.69,87.16,0.86,Konkan,197,18,1,0.8,-1.43,Normal,0.0955,Low
20250309,Yavatmal,0.0,8.4,27.77,17.59,0.15,Vidarbha,204,4,0,0.72,-1.37,Normal,0.0422,Low
20250925,Wardha,15.84,11.9,25.54,92.06,0.95,Vidarbha,206,2,0,0.65,-1.17,Normal,0.0953,Low
20251006,Amravati,1.1,7.3,24.73,86.34,0.88,Vidarbha,237,4,0,0.68,-1.39,Normal,0.076,Low
20250523,Kolhapur,39.4,17.7,24.31,91.27,0.86,Pune Division,504,12,0,0.75,-0.85,Normal,0.1128,Low
20250803,Washim,0.09,7.8,27.8,72.89,0.76,Vidarbha,244,3,0,0.65,-1.46,Normal,0.0728,Low
20250910,Sangli,0.82,7.4,23.95,86.04,0.87,Pune Division,329,5,0,0.65,-1.59,Normal,0.0743,Low
20250616,Ahmednagar,2.31,26.8,26.02,80.26,0.76,Nashik Division,266,4,0,0.68,-1.18,Normal,0.0728,Low
20250407,Wardha,0.0,4.7,33.88,19.73,0.3,Vidarbha,206,2,0,0.65,-1.44,Normal,0.0574,Low
20250714,Jalgaon,8.26,13.2,27.08,80.38,0.77,Nashik Division,360,3,0,0.65,-1.26,Normal,0.0806,Low
20250901,Latur,5.53,12.7,24.67,86.75,0.91,Marathwada,343,2,0,0.75,-1.44,Normal,0.0819,Low
20250807,Yavatmal,7.15,4.2,28.55,78.05,0.8,Vidarbha,204,4,0,0.72,-1.66,Normal,0.0828,Low
20250828,Nandurbar,1.75,9.6,26.7,85.89,0.76,Nashik Division,277,10,0,0.72,-1.64,Normal,0.0731,Low
20251025,Raigad,13.86,8.6,25.93,88.68,0.91,Konkan,368,12,1,0.75,-1.26,Normal,0.0918,Low
20250624,Thane,22.52,17.9,27.29,89.75,0.96,Konkan,1157,5,1,0.75,-0.52,Normal,0.1046,Low
20250628,Hingoli,0.49,15.9,27.42,70.62,0.7,Marathwada,244,3,0,0.68,-1.38,Normal,0.0698,Low
20250912,Bhandara,32.94,5.1,26.59,89.65,0.97,Vidarbha,294,2,0,0.68,-0.95,Normal,0.1147,Low
20250813,Mumbai Suburban,26.15,7.9,26.16,90.4,0.95,Konkan,20980,3,1,0.8,-0.86,Normal,0.1064,Low
20251014,Buldhana,0.0,3.9,22.62,80.35,0.8,Vidarbha,268,3,0,0.68,-1.07,Normal,0.0683,Low
20250816,Akola,47.95,11.8,24.92,93.17,0.93,Vidarbha,320,2,0,0.65,-1.03,Normal,0.1256,Low
20250327,Beed,0.0,5.5,30.99,22.22,0.12,Marathwada,242,2,0,0.8,-1.58,Normal,0.0447,Low
20250528,Sangli,4.7,17.6,24.34,87.66,0.85,Pune Division,329,5,0,0.65,-1.45,Normal,0.0776,Low
20250704,Chandrapur,19.9,11.0,26.48,87.8,0.89,Vidarbha,193,3,0,0.75,-1.3,Normal,0.0975,Low
20250928,Jalgaon,19.89,12.2,26.24,88.99,0.89,Nashik Division,360,3,0,0.65,-1.11,Normal,0.0972,Low
20251015,Nashik,0.0,6.9,22.36,82.29,0.88,Nashik Division,393,8,0,0.7,-1.52,Normal,0.072,Low
20250429,Nagpur,0.64,9.3,34.77,25.78,0.28,Vidarbha,470,3,0,0.7,-1.48,Normal,0.0581,Low
20251002,Sindhudurg,6.36,9.4,25.56,90.27,0.92,Konkan,167,20,1,0.75,-1.1,Normal,0.0843,Low
20250728,Dhule,2.71,22.5,26.93,75.55,0.66,Nashik Division,285,4,0,0.62,-1.54,Normal,0.0694,Low
20250806,Jalgaon,0.5,6.2,28.73,71.11,0.65,Nashik Division,360,3,0,0.65,-1.24,Normal,0.0689,Low
20250508,Gondia,0.14,6.0,30.39,45.15,0.48,Vidarbha,253,5,0,0.7,-1.51,Normal,0.0621,Low
20250624,Hingoli,3.9,18.9,27.36,71.24,0.63,Marathwada,244,3,0,0.68,-1.25,Normal,0.0696,Low
20251027,Nanded,0.7,6.9,25.12,85.35,0.84,Marathwada,319,3,0,0.72,-1.41,Normal,0.0741,Low
20250728,Sangli,6.73,27.0,22.92,88.51,0.91,Pune Division,329,5,0,0.65,-1.36,Normal,0.0809,Low
20250422,Satara,1.22,7.2,32.09,38.19,0.16,Pune Division,287,15,0,0.7,-1.63,Normal,0.0493,Low
20250409,Pune,0.0,8.1,30.81,27.81,0.26,Pune Division,603,10,0,0.75,-1.4,Normal,0.0515,Low
20251009,Nashik,0.01,5.4,21.92,80.05,0.91,Nashik Division,393,8,0,0.7,-1.58,Normal,0.0729,Low
20250527,Akola,32.23,12.8,29.85,69.81,0.68,Vidarbha,320,2,0,0.65,-0.44,Normal,0.1035,Low
20250406,Bhandara,0.0,4.8,32.81,19.18,0.2,Vidarbha,294,2,0,0.68,-1.57,Normal,0.051,Low
20251012,Osmanabad,0.0,9.3,21.39,78.66,0.89,Marathwada,219,3,0,0.75,-1.29,Normal,0.0712,Low
20250720,Gondia,6.21,4.9,27.62,82.01,0.92,Vidarbha,253,5,0,0.7,-1.65,Normal,0.0867,Low
20250719,Nandurbar,0.74,12.1,26.46,81.87,0.76,Nashik Division,277,10,0,0.72,-1.32,Normal,0.0718,Low
20251013,Jalna,0.0,6.3,21.05,71.97,0.77,Marathwada,254,2,0,0.7,-1.4,Normal,0.0648,Low
20250601,Hingoli,1.73,13.3,28.55,67.88,0.65,Marathwada,244,3,0,0.68,-1.5,Normal,0.0699,Low
20250314,Latur,0.0,5.8,30.9,18.96,0.14,Marathwada,343,2,0,0.75,-1.21,Normal,0.0456,Low
20251028,Wardha,0.68,10.6,25.35,87.82,0.83,Vidarbha,206,2,0,0.65,-1.1,Normal,0.0739,Low
20250530,Thane,1.1,12.7,28.86,82.54,0.81,Konkan,1157,5,1,0.75,-1.29,Normal,0.0777,Low
20250326,Sindhudurg,5.68,11.1,29.48,60.5,0.4,Konkan,167,20,1,0.75,-1.0,Normal,0.0625,Low
20250818,Mumbai City,96.42,18.4,25.64,93.61,1.0,Konkan,19652,2,1,0.85,1.18,Flood,0.5748,High
20250819,Mumbai City,142.85,18.9,25.59,93.58,1.0,Konkan,19652,2,1,0.85,1.27,Flood,0.6543,High
20250818,Mumbai Suburban,96.42,18.4,25.64,93.61,1.0,Konkan,20980,3,1,0.8,1.21,Flood,0.5715,High
20250819,Mumbai Suburban,142.85,18.9,25.59,93.58,1.0,Konkan,20980,3,1,0.8,1.75,Flood,0.6773,High
20250818,Thane,96.42,18.4,25.64,93.61,1.0,Konkan,1157,5,1,0.75,1.24,Flood,0.5683,High
20250819,Thane,142.85,18.9,25.59,93.58,1.0,Konkan,1157,5,1,0.75,1.33,Flood,0.6478,High
20250524,Raigad,53.15,8.4,27.72,88.21,0.9,Konkan,368,12,1,0.75,-0.26,Landslide,0.4526,Medium
20250525,Raigad,73.76,14.0,27.38,87.9,0.91,Konkan,368,12,1,0.75,0.38,Landslide,0.5,High
20250526,Raigad,93.57,17.2,27.65,87.95,0.98,Konkan,368,12,1,0.75,0.14,Landslide,0.5515,High
20250615,Raigad,69.77,15.9,27.21,93.61,0.97,Konkan,368,12,1,0.75,0.44,Landslide,0.497,Medium
20250616,Raigad,78.32,21.7,27.45,90.21,0.98,Konkan,368,12,1,0.75,0.17,Landslide,0.5172,High
20250618,Raigad,68.92,19.8,27.8,88.67,0.98,Konkan,368,12,1,0.75,-0.19,Landslide,0.4961,Medium
20250619,Raigad,51.32,19.0,27.17,90.79,0.99,Konkan,368,12,1,0.75,-0.23,Landslide,0.4575,Medium
20250723,Raigad,53.42,14.3,26.34,91.68,1.0,Konkan,368,12,1,0.75,0.07,Landslide,0.4632,Medium
20250725,Raigad,52.26,17.3,26.32,92.5,1.0,Konkan,368,12,1,0.75,-0.11,Landslide,0.4606,Medium
20250816,Raigad,66.03,11.3,25.65,92.67,1.0,Konkan,368,12,1,0.75,0.57,Landslide,0.4916,Medium
20250817,Raigad,72.26,14.4,25.87,93.58,1.0,Konkan,368,12,1,0.75,0.45,Landslide,0.5056,High
20250818,Raigad,83.78,17.4,25.38,93.68,1.0,Konkan,368,12,1,0.75,0.74,Landslide,0.5315,High
20250819,Raigad,100.02,19.4,25.35,93.44,1.0,Konkan,368,12,1,0.75,0.27,Landslide,0.568,High
20250915,Raigad,75.65,11.0,25.5,94.01,0.98,Konkan,368,12,1,0.75,-0.69,Landslide,0.5112,High
20250928,Raigad,76.75,16.8,25.38,94.41,0.99,Konkan,368,12,1,0.75,-0.44,Landslide,0.5147,High
20250524,Ratnagiri,53.26,25.2,29.1,85.02,0.74,Konkan,197,18,1,0.8,-0.52,Landslide,0.5258,High
20250615,Ratnagiri,59.76,29.1,28.25,85.45,0.82,Konkan,197,18,1,0.8,-0.15,Landslide,0.5485,High
20250520,Sindhudurg,83.42,12.3,28.06,87.45,0.73,Konkan,167,20,1,0.75,0.04,Landslide,0.6157,High
20250521,Sindhudurg,51.26,9.0,28.75,86.47,0.83,Konkan,167,20,1,0.75,0.31,Landslide,0.5533,High
20250522,Sindhudurg,59.39,14.4,27.09,90.76,0.88,Konkan,167,20,1,0.75,-0.04,Landslide,0.5766,High
20250523,Sindhudurg,61.36,15.6,26.71,91.48,0.91,Konkan,167,20,1,0.75,-0.35,Landslide,0.5841,High
20250526,Sindhudurg,55.34,21.2,25.42,91.24,0.94,Konkan,167,20,1,0.75,-0.14,Landslide,0.5735,High
20250612,Sindhudurg,87.91,18.5,26.55,91.74,0.96,Konkan,167,20,1,0.75,-0.66,Landslide,0.6488,High
20250614,Sindhudurg,76.0,16.2,26.39,92.55,0.98,Konkan,167,20,1,0.75,0.24,Landslide,0.624,High
20250615,Sindhudurg,85.93,20.4,26.36,90.68,0.99,Konkan,167,20,1,0.75,-0.02,Landslide,0.6473,High
20250703,Sindhudurg,50.62,16.1,26.0,92.09,0.99,Konkan,167,20,1,0.75,-0.79,Landslide,0.5679,High
20250817,Sindhudurg,57.96,18.9,25.17,93.75,0.98,Konkan,167,20,1,0.75,-0.31,Landslide,0.5834,High
20250818,Sindhudurg,74.19,19.2,24.58,93.82,0.99,Konkan,167,20,1,0.75,0.52,Landslide,0.6209,High
20250819,Sindhudurg,79.14,20.2,24.47,93.73,1.0,Konkan,167,20,1,0.75,0.5,Landslide,0.6331,High
20250827,Sindhudurg,56.35,14.8,25.35,94.0,0.97,Konkan,167,20,1,0.75,0.08,Landslide,0.5788,High
20250525,Pune,62.15,17.2,23.98,90.81,0.88,Pune Division,603,10,0,0.75,0.52,Landslide,0.4428,Medium
20250526,Pune,75.58,17.4,24.5,90.15,0.96,Pune Division,603,10,0,0.75,0.1,Landslide,0.4811,Medium
20250616,Pune,58.18,25.2,24.5,92.26,0.95,Pune Division,603,10,0,0.75,-0.55,Landslide,0.4409,Medium
20250618,Pune,56.87,23.6,25.14,89.67,0.94,Pune Division,603,10,0,0.75,-0.22,Landslide,0.437,Medium
20250619,Pune,55.84,22.9,24.32,93.12,0.98,Pune Division,603,10,0,0.75,-0.19,Landslide,0.4386,Medium
20250725,Pune,50.98,19.4,23.79,94.28,0.98,Pune Division,603,10,0,0.75,-0.15,Landslide,0.4277,Medium
20250818,Pune,68.26,18.4,22.66,95.63,0.99,Pune Division,603,10,0,0.75,0.55,Landslide,0.4676,Medium
20250819,Pune,102.06,21.2,22.67,95.88,0.99,Pune Division,603,10,0,0.75,0.46,Landslide,0.5436,High
20250820,Pune,52.99,21.6,22.49,94.78,0.99,Pune Division,603,10,0,0.75,0.14,Landslide,0.4332,Medium
20250915,Pune,57.41,10.7,23.16,95.22,0.97,Pune Division,603,10,0,0.75,-0.42,Landslide,0.4412,Medium
20250928,Pune,53.74,17.5,22.66,96.42,0.99,Pune Division,603,10,0,0.75,-0.94,Landslide,0.4349,Medium
20250522,Satara,50.01,6.9,25.73,89.59,0.82,Pune Division,287,15,0,0.7,-0.12,Landslide,0.4745,Medium
20250523,Satara,60.85,8.9,24.86,90.51,0.89,Pune Division,287,15,0,0.7,0.05,Landslide,0.5059,High
20250526,Satara,57.99,20.0,24.21,91.74,0.93,Pune Division,287,15,0,0.7,-0.36,Landslide,0.5035,High
20250616,Satara,59.63,22.0,24.89,94.26,0.97,Pune Division,287,15,0,0.7,-0.35,Landslide,0.5112,High
20250725,Satara,54.36,19.8,23.92,95.54,0.98,Pune Division,287,15,0,0.7,-0.51,Landslide,0.5003,High
20250817,Satara,54.16,16.6,23.63,95.17,0.98,Pune Division,287,15,0,0.7,0.24,Landslide,0.4999,Medium
20250818,Satara,74.45,18.0,23.09,96.18,0.99,Pune Division,287,15,0,0.7,0.57,Landslide,0.5465,High
20250819,Satara,79.59,19.9,23.04,96.59,1.0,Pune Division,287,15,0,0.7,0.34,Landslide,0.5591,High
20250612,Kolhapur,51.84,13.1,24.58,91.21,0.9,Pune Division,504,12,0,0.75,-0.71,Landslide,0.4496,Medium
20250818,Kolhapur,56.71,21.3,22.34,94.71,0.97,Pune Division,504,12,0,0.75,0.03,Landslide,0.4676,Medium
20250331,Solapur,0.0,5.4,33.96,21.27,0.14,Pune Division,290,2,0,0.7,-1.5,Drought,0.8628,Severe
20250416,Solapur,0.0,6.9,34.01,20.52,0.18,Pune Division,290,2,0,0.7,-1.41,Heatwave,0.3849,Medium
20250418,Solapur,0.06,7.3,34.83,25.62,0.17,Pune Division,290,2,0,0.7,-1.39,Heatwave,0.4066,Medium
20250419,Solapur,0.15,10.8,34.72,29.07,0.17,Pune Division,290,2,0,0.7,-2.0,Heatwave,0.3954,Medium
20250420,Solapur,0.04,9.2,35.1,22.96,0.17,Pune Division,290,2,0,0.7,-1.56,Heatwave,0.4224,Medium
20250421,Solapur,0.0,10.0,35.08,20.25,0.16,Pune Division,290,2,0,0.7,-1.45,Heatwave,0.4271,Medium
20250422,Solapur,0.41,5.4,35.75,26.55,0.16,Pune Division,290,2,0,0.7,-1.72,Heatwave,0.4405,Medium
20250423,Solapur,0.5,8.2,35.9,24.42,0.18,Pune Division,290,2,0,0.7,-1.4,Heatwave,0.4506,Medium
20250424,Solapur,1.42,9.2,34.84,26.22,0.24,Pune Division,290,2,0,0.7,-1.52,Heatwave,0.4058,Medium
20250425,Solapur,0.72,5.5,35.15,26.59,0.24,Pune Division,290,2,0,0.7,-1.12,Heatwave,0.4171,Medium
20250426,Solapur,0.95,5.6,34.72,29.16,0.25,Pune Division,290,2,0,0.7,-1.16,Heatwave,0.3952,Medium
20250427,Solapur,0.95,4.6,34.24,31.59,0.28,Pune Division,290,2,0,0.7,-1.57,Heatwave,0.3717,Medium
20250430,Solapur,0.04,11.6,34.78,26.77,0.26,Pune Division,290,2,0,0.7,-1.59,Heatwave,0.4023,Medium
20250501,Solapur,0.0,9.4,34.22,20.97,0.24,Pune Division,290,2,0,0.7,-1.46,Heatwave,0.3922,Medium
20250502,Solapur,0.0,9.5,34.41,18.73,0.23,Pune Division,290,2,0,0.7,-1.65,Heatwave,0.404,Medium
20250418,Ahmednagar,0.0,9.0,33.38,26.4,0.13,Nashik Division,266,4,0,0.68,-1.12,Drought,0.863,Severe
20250422,Ahmednagar,0.0,7.8,33.56,16.85,0.13,Nashik Division,266,4,0,0.68,-1.75,Drought,0.8637,Severe
20250423,Ahmednagar,0.0,7.6,34.17,15.24,0.13,Nashik Division,266,4,0,0.68,-1.46,Heatwave,0.3997,Medium
20250424,Ahmednagar,0.0,7.7,33.77,18.21,0.12,Nashik Division,266,4,0,0.68,-1.31,Drought,0.8691,Severe
20250425,Ahmednagar,0.0,7.6,33.83,23.1,0.12,Nashik Division,266,4,0,0.68,-1.5,Drought,0.8693,Severe
20250426,Ahmednagar,0.0,5.8,33.31,23.21,0.12,Nashik Division,266,4,0,0.68,-0.93,Drought,0.8672,Severe
20250428,Ahmednagar,0.03,6.2,33.07,18.7,0.12,Nashik Division,266,4,0,0.68,-1.29,Drought,0.8662,Severe
20250429,Ahmednagar,0.0,7.8,33.53,23.31,0.12,Nashik Division,266,4,0,0.68,-1.53,Drought,0.8681,Severe
20250430,Ahmednagar,0.0,13.2,33.37,28.15,0.12,Nashik Division,266,4,0,0.68,-1.35,Drought,0.8675,Severe
20250501,Ahmednagar,0.0,11.9,33.36,21.06,0.12,Nashik Division,266,4,0,0.68,-1.41,Drought,0.8674,Severe
20250502,Ahmednagar,0.0,12.1,33.15,21.04,0.12,Nashik Division,266,4,0,0.68,-1.65,Drought,0.8666,Severe
20250331,Jalgaon,0.0,5.7,33.64,15.92,0.13,Nashik Division,360,3,0,0.65,-1.16,Drought,0.8611,Severe
20250408,Jalgaon,0.0,7.6,34.16,12.83,0.18,Nashik Division,360,3,0,0.65,-1.59,Heatwave,0.4011,Medium
20250409,Jalgaon,0.0,6.6,34.63,13.5,0.18,Nashik Division,360,3,0,0.65,-1.54,Heatwave,0.4181,Medium
20250410,Jalgaon,0.0,10.2,34.37,13.99,0.17,Nashik Division,360,3,0,0.65,-1.52,Heatwave,0.407,Medium
20250416,Jalgaon,0.0,9.9,34.47,23.31,0.15,Nashik Division,360,3,0,0.65,-1.3,Heatwave,0.3922,Medium
20250417,Jalgaon,0.0,9.8,35.03,27.1,0.15,Nashik Division,360,3,0,0.65,-1.92,Heatwave,0.4064,Medium
20250418,Jalgaon,0.0,11.8,35.54,21.99,0.15,Nashik Division,360,3,0,0.65,-1.27,Heatwave,0.4365,Medium
20250419,Jalgaon,0.0,15.1,34.67,21.52,0.15,Nashik Division,360,3,0,0.65,-1.22,Heatwave,0.4036,Medium
20250420,Jalgaon,0.0,12.2,33.23,25.05,0.14,Nashik Division,360,3,0,0.65,-1.56,Drought,0.8549,Severe
20250421,Jalgaon,0.0,9.8,33.23,23.36,0.14,Nashik Division,360,3,0,0.65,-2.02,Drought,0.8549,Severe
20250422,Jalgaon,0.0,8.2,33.94,15.97,0.14,Nashik Division,360,3,0,0.65,-1.57,Drought,0.8578,Severe
20250423,Jalgaon,0.0,9.1,34.87,11.24,0.14,Nashik Division,360,3,0,0.65,-1.51,Heatwave,0.4319,Medium
20250424,Jalgaon,0.0,11.4,35.26,16.13,0.13,Nashik Division,360,3,0,0.65,-1.7,Heatwave,0.4373,Medium
20250425,Jalgaon,0.0,10.5,35.24,19.27,0.13,Nashik Division,360,3,0,0.65,-1.6,Heatwave,0.4302,Medium
20250426,Jalgaon,0.0,11.6,34.19,21.91,0.13,Nashik Division,360,3,0,0.65,-1.19,Heatwave,0.3841,Medium
20250427,Jalgaon,0.0,6.3,33.74,21.46,0.13,Nashik Division,360,3,0,0.65,-1.37,Drought,0.8615,Severe
20250428,Jalgaon,0.0,10.6,34.82,19.2,0.13,Nashik Division,360,3,0,0.65,-1.68,Heatwave,0.414,Medium
20250429,Jalgaon,0.0,12.1,35.42,20.02,0.13,Nashik Division,360,3,0,0.65,-1.82,Heatwave,0.4357,Medium
20250430,Jalgaon,0.0,15.2,35.2,23.88,0.12,Nashik Division,360,3,0,0.65,-1.57,Heatwave,0.4195,Medium
20250501,Jalgaon,0.0,12.2,35.1,20.9,0.12,Nashik Division,360,3,0,0.65,-1.54,Heatwave,0.4215,Medium
20250502,Jalgaon,0.0,12.6,35.15,20.45,0.12,Nashik Division,360,3,0,0.65,-1.4,Heatwave,0.4244,Medium
20250503,Jalgaon,0.0,13.4,34.61,22.29,0.12,Nashik Division,360,3,0,0.65,-1.61,Heatwave,0.3997,Medium
20250504,Jalgaon,0.02,10.6,33.18,27.29,0.12,Nashik Division,360,3,0,0.65,-1.38,Drought,0.8636,Severe
20250331,Dhule,0.0,5.9,33.87,15.36,0.12,Nashik Division,285,4,0,0.62,-1.44,Drought,0.8635,Severe
20250406,Dhule,0.0,8.7,33.19,14.86,0.14,Nashik Division,285,4,0,0.62,-1.76,Drought,0.8518,Severe
20250407,Dhule,0.0,10.4,33.46,17.68,0.14,Nashik Division,285,4,0,0.62,-1.44,Drought,0.8528,Severe
20250408,Dhule,0.0,8.7,34.12,12.9,0.13,Nashik Division,285,4,0,0.62,-1.93,Heatwave,0.3964,Medium
20250409,Dhule,0.0,9.5,34.95,12.69,0.13,Nashik Division,285,4,0,0.62,-1.3,Heatwave,0.4291,Medium
20250410,Dhule,0.0,12.7,34.62,13.68,0.13,Nashik Division,285,4,0,0.62,-1.53,Heatwave,0.4143,Medium
20250414,Dhule,0.0,13.2,33.27,23.22,0.12,Nashik Division,285,4,0,0.62,-1.52,Drought,0.8611,Severe
20250415,Dhule,0.0,12.8,33.76,23.34,0.12,Nashik Division,285,4,0,0.62,-1.3,Drought,0.863,Severe
20250416,Dhule,0.0,11.4,34.39,27.88,0.12,Nashik Division,285,4,0,0.62,-1.16,Heatwave,0.377,Medium
20250417,Dhule,0.0,10.8,34.68,30.16,0.12,Nashik Division,285,4,0,0.62,-1.83,Heatwave,0.3837,Medium
20250418,Dhule,0.0,13.0,35.14,26.94,0.12,Nashik Division,285,4,0,0.62,-1.86,Heatwave,0.408,Medium
20250419,Dhule,0.0,15.8,34.24,25.23,0.12,Nashik Division,285,4,0,0.62,-1.62,Heatwave,0.3764,Medium
20250421,Dhule,0.0,10.4,33.14,26.77,0.12,Nashik Division,285,4,0,0.62,-1.4,Drought,0.8606,Severe
20250422,Dhule,0.0,8.6,33.8,21.4,0.12,Nashik Division,285,4,0,0.62,-1.29,Drought,0.8632,Severe
20250423,Dhule,0.0,8.8,34.78,13.77,0.12,Nashik Division,285,4,0,0.62,-1.74,Heatwave,0.4203,Medium
20250424,Dhule,0.0,11.9,35.23,19.8,0.11,Nashik Division,285,4,0,0.62,-1.96,Heatwave,0.4258,Medium
20250425,Dhule,0.0,11.1,34.77,22.88,0.11,Nashik Division,285,4,0,0.62,-1.33,Heatwave,0.4017,Medium
20250426,Dhule,0.0,12.1,33.91,23.9,0.11,Nashik Division,285,4,0,0.62,-1.67,Drought,0.8681,Severe
20250427,Dhule,0.0,7.5,33.69,23.55,0.11,Nashik Division,285,4,0,0.62,-1.9,Drought,0.8673,Severe
20250428,Dhule,0.0,11.7,34.95,21.99,0.11,Nashik Division,285,4,0,0.62,-1.47,Heatwave,0.4105,Medium
20250429,Dhule,0.0,13.7,35.42,22.94,0.11,Nashik Division,285,4,0,0.62,-1.34,Heatwave,0.4269,Medium
20250430,Dhule,0.0,15.7,34.87,26.13,0.11,Nashik Division,285,4,0,0.62,-1.52,Heatwave,0.3991,Medium
20250501,Dhule,0.0,13.8,35.1,23.37,0.11,Nashik Division,285,4,0,0.62,-1.59,Heatwave,0.4136,Medium
20250502,Dhule,0.0,14.1,35.35,23.15,0.11,Nashik Division,285,4,0,0.62,-1.53,Heatwave,0.4238,Medium
20250503,Dhule,0.0,15.2,34.49,24.11,0.11,Nashik Division,285,4,0,0.62,-1.57,Heatwave,0.3884,Medium
20250408,Nandurbar,0.0,9.7,33.63,13.68,0.11,Nashik Division,277,10,0,0.72,-1.28,Drought,0.877,Severe
20250409,Nandurbar,0.0,11.2,34.4,13.29,0.11,Nashik Division,277,10,0,0.72,-1.46,Heatwave,0.4165,Medium
20250410,Nandurbar,0.0,14.1,33.83,15.51,0.11,Nashik Division,277,10,0,0.72,-1.65,Drought,0.8778,Severe
20250416,Nandurbar,0.0,12.5,33.26,37.72,0.11,Nashik Division,277,10,0,0.72,-1.44,Drought,0.8755,Severe
20250417,Nandurbar,0.0,11.7,33.67,36.1,0.11,Nashik Division,277,10,0,0.72,-1.88,Drought,0.8772,Severe
20250418,Nandurbar,0.0,13.1,33.75,33.31,0.11,Nashik Division,277,10,0,0.72,-1.1,Drought,0.8775,Severe
20250423,Nandurbar,0.0,8.7,33.71,18.04,0.1,Nashik Division,277,10,0,0.72,-1.48,Drought,0.8818,Severe
20250424,Nandurbar,0.0,11.5,33.78,25.54,0.1,Nashik Division,277,10,0,0.72,-1.43,Drought,0.8821,Severe
20250425,Nandurbar,0.0,11.7,33.01,28.55,0.1,Nashik Division,277,10,0,0.72,-1.46,Drought,0.879,Severe
20250428,Nandurbar,0.0,12.6,33.69,30.18,0.1,Nashik Division,277,10,0,0.72,-1.39,Drought,0.8818,Severe
20250429,Nandurbar,0.0,15.0,33.95,32.38,0.1,Nashik Division,277,10,0,0.72,-1.71,Drought,0.8828,Severe
20250430,Nandurbar,0.0,15.2,33.67,33.62,0.1,Nashik Division,277,10,0,0.72,-1.23,Drought,0.8817,Severe
20250501,Nandurbar,0.0,14.2,33.87,31.15,0.1,Nashik Division,277,10,0,0.72,-1.17,Drought,0.8825,Severe
20250502,Nandurbar,0.0,12.8,34.41,27.34,0.1,Nashik Division,277,10,0,0.72,-0.87,Heatwave,0.3888,Medium
20250423,Aurangabad,0.0,9.5,34.14,13.44,0.15,Marathwada,366,3,0,0.72,-1.44,Heatwave,0.4061,Medium
20250424,Aurangabad,0.0,10.2,34.31,15.83,0.15,Marathwada,366,3,0,0.72,-1.86,Heatwave,0.408,Medium
20250425,Aurangabad,0.0,8.7,34.35,19.93,0.14,Marathwada,366,3,0,0.72,-1.98,Heatwave,0.4013,Medium
20250426,Aurangabad,0.0,8.0,33.5,21.97,0.14,Marathwada,366,3,0,0.72,-1.33,Drought,0.863,Severe
20250428,Aurangabad,0.0,7.6,33.26,18.14,0.14,Marathwada,366,3,0,0.72,-1.26,Drought,0.862,Severe
20250429,Aurangabad,0.0,8.4,33.98,19.41,0.14,Marathwada,366,3,0,0.72,-1.77,Drought,0.8649,Severe
20250430,Aurangabad,0.0,14.9,33.82,23.38,0.14,Marathwada,366,3,0,0.72,-1.4,Drought,0.8643,Severe
20250501,Aurangabad,0.0,13.0,33.64,19.67,0.14,Marathwada,366,3,0,0.72,-1.13,Drought,0.8636,Severe
20250502,Aurangabad,0.0,13.9,33.53,19.05,0.13,Marathwada,366,3,0,0.72,-1.42,Drought,0.8676,Severe
20250503,Aurangabad,0.0,13.1,33.27,21.22,0.13,Marathwada,366,3,0,0.72,-1.44,Drought,0.8666,Severe
20250423,Jalna,0.0,9.5,34.14,13.44,0.15,Marathwada,254,2,0,0.7,-1.27,Heatwave,0.4041,Medium
20250424,Jalna,0.0,10.2,34.31,15.83,0.15,Marathwada,254,2,0,0.7,-1.62,Heatwave,0.406,Medium
20250425,Jalna,0.0,8.7,34.35,19.93,0.14,Marathwada,254,2,0,0.7,-1.73,Heatwave,0.3993,Medium
20250426,Jalna,0.0,8.0,33.5,21.97,0.14,Marathwada,254,2,0,0.7,-1.33,Drought,0.861,Severe
20250428,Jalna,0.0,7.6,33.26,18.14,0.14,Marathwada,254,2,0,0.7,-1.48,Drought,0.86,Severe
20250429,Jalna,0.0,8.4,33.98,19.41,0.14,Marathwada,254,2,0,0.7,-1.42,Drought,0.8629,Severe
20250430,Jalna,0.0,14.9,33.82,23.38,0.14,Marathwada,254,2,0,0.7,-1.44,Drought,0.8623,Severe
20250501,Jalna,0.0,13.0,33.64,19.67,0.14,Marathwada,254,2,0,0.7,-1.24,Drought,0.8616,Severe
20250502,Jalna,0.0,13.9,33.53,19.05,0.13,Marathwada,254,2,0,0.7,-1.24,Drought,0.8656,Severe
20250503,Jalna,0.0,13.1,33.27,21.22,0.13,Marathwada,254,2,0,0.7,-1.39,Drought,0.8646,Severe
20250416,Parbhani,0.0,9.1,34.31,20.73,0.2,Marathwada,295,2,0,0.7,-1.79,Heatwave,0.3962,Medium
20250417,Parbhani,0.03,9.2,34.58,21.8,0.2,Marathwada,295,2,0,0.7,-1.37,Heatwave,0.4045,Medium
20250418,Parbhani,0.0,5.6,35.73,19.78,0.19,Marathwada,295,2,0,0.7,-1.38,Heatwave,0.4533,Medium
20250419,Parbhani,0.0,10.2,35.18,18.34,0.18,Marathwada,295,2,0,0.7,-1.38,Heatwave,0.4348,Medium
20250420,Parbhani,0.0,9.5,35.04,18.69,0.18,Marathwada,295,2,0,0.7,-1.53,Heatwave,0.4286,Medium
20250421,Parbhani,0.0,9.5,34.68,17.16,0.17,Marathwada,295,2,0,0.7,-1.22,Heatwave,0.4177,Medium
20250422,Parbhani,0.0,6.9,35.09,15.66,0.17,Marathwada,295,2,0,0.7,-1.6,Heatwave,0.4366,Medium
20250423,Parbhani,0.0,7.3,35.57,13.64,0.16,Marathwada,295,2,0,0.7,-1.31,Heatwave,0.4593,Medium
20250424,Parbhani,0.01,7.6,35.34,12.68,0.16,Marathwada,295,2,0,0.7,-1.51,Heatwave,0.4523,Medium
20250425,Parbhani,0.0,6.9,35.91,16.75,0.15,Marathwada,295,2,0,0.7,-1.62,Heatwave,0.4663,Medium
20250426,Parbhani,0.27,4.9,35.2,20.69,0.15,Marathwada,295,2,0,0.7,-1.37,Heatwave,0.4308,Medium
20250427,Parbhani,0.59,4.2,34.53,18.73,0.18,Marathwada,295,2,0,0.7,-1.41,Heatwave,0.4087,Medium
20250428,Parbhani,0.01,5.8,35.09,14.16,0.17,Marathwada,295,2,0,0.7,-1.42,Heatwave,0.4396,Medium
20250429,Parbhani,0.0,3.9,35.47,16.97,0.17,Marathwada,295,2,0,0.7,-1.48,Heatwave,0.4488,Medium
20250430,Parbhani,0.09,11.2,35.54,19.0,0.16,Marathwada,295,2,0,0.7,-1.51,Heatwave,0.4474,Medium
20250501,Parbhani,0.0,14.5,35.26,16.22,0.16,Marathwada,295,2,0,0.7,-1.02,Heatwave,0.4421,Medium
20250502,Parbhani,0.01,11.1,34.72,15.66,0.16,Marathwada,295,2,0,0.7,-1.26,Heatwave,0.4222,Medium
20250503,Parbhani,0.0,12.2,34.96,16.55,0.15,Marathwada,295,2,0,0.7,-1.36,Heatwave,0.4298,Medium
20250511,Parbhani,1.55,3.8,34.79,32.67,0.26,Marathwada,295,2,0,0.7,-1.43,Heatwave,0.3909,Medium
20250512,Parbhani,1.49,8.9,34.75,34.37,0.33,Marathwada,295,2,0,0.7,-1.56,Heatwave,0.386,Medium
20250416,Hingoli,0.0,9.1,34.31,20.73,0.2,Marathwada,244,3,0,0.68,-1.65,Heatwave,0.3942,Medium
20250417,Hingoli,0.03,9.2,34.58,21.8,0.2,Marathwada,244,3,0,0.68,-1.77,Heatwave,0.4025,Medium
20250418,Hingoli,0.0,5.6,35.73,19.78,0.19,Marathwada,244,3,0,0.68,-1.58,Heatwave,0.4513,Medium
20250419,Hingoli,0.0,10.2,35.18,18.34,0.18,Marathwada,244,3,0,0.68,-1.41,Heatwave,0.4328,Medium
20250420,Hingoli,0.0,9.5,35.04,18.69,0.18,Marathwada,244,3,0,0.68,-1.45,Heatwave,0.4266,Medium
20250421,Hingoli,0.0,9.5,34.68,17.16,0.17,Marathwada,244,3,0,0.68,-1.25,Heatwave,0.4157,Medium
20250422,Hingoli,0.0,6.9,35.09,15.66,0.17,Marathwada,244,3,0,0.68,-1.34,Heatwave,0.4346,Medium
20250423,Hingoli,0.0,7.3,35.57,13.64,0.16,Marathwada,244,3,0,0.68,-1.31,Heatwave,0.4573,Medium
20250424,Hingoli,0.01,7.6,35.34,12.68,0.16,Marathwada,244,3,0,0.68,-1.43,Heatwave,0.4503,Medium
20250425,Hingoli,0.0,6.9,35.91,16.75,0.15,Marathwada,244,3,0,0.68,-1.78,Heatwave,0.4643,Medium
20250426,Hingoli,0.27,4.9,35.2,20.69,0.15,Marathwada,244,3,0,0.68,-1.53,Heatwave,0.4288,Medium
20250427,Hingoli,0.59,4.2,34.53,18.73,0.18,Marathwada,244,3,0,0.68,-1.28,Heatwave,0.4067,Medium
20250428,Hingoli,0.01,5.8,35.09,14.16,0.17,Marathwada,244,3,0,0.68,-1.5,Heatwave,0.4376,Medium
20250429,Hingoli,0.0,3.9,35.47,16.97,0.17,Marathwada,244,3,0,0.68,-1.4,Heatwave,0.4468,Medium
20250430,Hingoli,0.09,11.2,35.54,19.0,0.16,Marathwada,244,3,0,0.68,-1.56,Heatwave,0.4454,Medium
20250501,Hingoli,0.0,14.5,35.26,16.22,0.16,Marathwada,244,3,0,0.68,-1.71,Heatwave,0.4401,Medium
20250502,Hingoli,0.01,11.1,34.72,15.66,0.16,Marathwada,244,3,0,0.68,-1.52,Heatwave,0.4202,Medium
20250503,Hingoli,0.0,12.2,34.96,16.55,0.15,Marathwada,244,3,0,0.68,-1.44,Heatwave,0.4278,Medium
20250511,Hingoli,1.55,3.8,34.79,32.67,0.26,Marathwada,244,3,0,0.68,-1.49,Heatwave,0.3889,Medium
20250512,Hingoli,1.49,8.9,34.75,34.37,0.33,Marathwada,244,3,0,0.68,-1.66,Heatwave,0.384,Medium
20250320,Nanded,0.02,7.0,33.24,26.17,0.12,Marathwada,319,3,0,0.72,-1.31,Drought,0.8709,Severe
20250410,Nanded,0.02,7.1,34.37,24.26,0.23,Marathwada,319,3,0,0.72,-1.85,Heatwave,0.3934,Medium
20250415,Nanded,0.0,5.3,34.37,19.24,0.25,Marathwada,319,3,0,0.72,-1.63,Heatwave,0.4035,Medium
20250416,Nanded,0.0,5.3,34.86,21.44,0.23,Marathwada,319,3,0,0.72,-1.51,Heatwave,0.4181,Medium
20250417,Nanded,0.14,5.3,35.05,21.65,0.23,Marathwada,319,3,0,0.72,-1.39,Heatwave,0.4251,Medium
20250418,Nanded,0.0,3.8,35.3,24.11,0.21,Marathwada,319,3,0,0.72,-1.62,Heatwave,0.4299,Medium
20250419,Nanded,0.07,8.6,35.93,23.02,0.21,Marathwada,319,3,0,0.72,-1.87,Heatwave,0.4566,Medium
20250420,Nanded,0.0,5.7,35.46,18.45,0.2,Marathwada,319,3,0,0.72,-1.59,Heatwave,0.4474,Medium
20250421,Nanded,0.0,8.2,35.3,18.77,0.19,Marathwada,319,3,0,0.72,-1.29,Heatwave,0.4406,Medium
20250422,Nanded,0.0,3.8,36.02,22.45,0.18,Marathwada,319,3,0,0.72,-1.57,Heatwave,0.4612,Medium
20250423,Nanded,0.0,5.9,36.24,15.95,0.18,Marathwada,319,3,0,0.72,-1.67,Heatwave,0.4828,Medium
20250424,Nanded,0.06,6.5,35.65,14.18,0.17,Marathwada,319,3,0,0.72,-1.31,Heatwave,0.4634,Medium
20250425,Nanded,0.0,3.9,36.21,18.37,0.17,Marathwada,319,3,0,0.72,-1.56,Heatwave,0.4768,Medium
20250426,Nanded,0.33,5.9,35.93,24.63,0.16,Marathwada,319,3,0,0.72,-1.58,Heatwave,0.4534,Medium
20250427,Nanded,1.55,5.5,35.25,26.73,0.22,Marathwada,319,3,0,0.72,-1.45,Heatwave,0.4227,Medium
20250428,Nanded,0.0,6.4,35.41,21.28,0.22,Marathwada,319,3,0,0.72,-1.33,Heatwave,0.4398,Medium
20250429,Nanded,0.0,5.7,35.4,20.1,0.21,Marathwada,319,3,0,0.72,-1.02,Heatwave,0.4418,Medium
20250430,Nanded,0.39,8.9,35.84,19.08,0.21,Marathwada,319,3,0,0.72,-1.33,Heatwave,0.461,Medium
20250501,Nanded,0.0,11.9,35.35,17.41,0.2,Marathwada,319,3,0,0.72,-1.26,Heatwave,0.4452,Medium
20250502,Nanded,0.1,7.1,35.43,21.16,0.2,Marathwada,319,3,0,0.72,-1.6,Heatwave,0.4408,Medium
20250503,Nanded,0.0,8.5,35.44,16.85,0.19,Marathwada,319,3,0,0.72,-1.7,Heatwave,0.4499,Medium
20250504,Nanded,0.0,10.8,34.26,17.46,0.18,Marathwada,319,3,0,0.72,-1.48,Heatwave,0.4027,Medium
20250505,Nanded,0.33,10.1,34.05,25.49,0.19,Marathwada,319,3,0,0.72,-1.44,Heatwave,0.3785,Medium
20250510,Nanded,0.38,5.1,34.44,33.61,0.29,Marathwada,319,3,0,0.72,-1.38,Heatwave,0.3774,Medium
20250511,Nanded,1.6,3.6,35.43,32.61,0.27,Marathwada,319,3,0,0.72,-1.41,Heatwave,0.4179,Medium
20250331,Beed,0.0,3.7,33.05,21.19,0.12,Marathwada,242,2,0,0.8,-1.49,Drought,0.8782,Severe
20250420,Beed,0.0,9.7,33.34,21.71,0.14,Marathwada,242,2,0,0.8,-1.62,Drought,0.8704,Severe
20250421,Beed,0.0,8.0,33.04,20.25,0.14,Marathwada,242,2,0,0.8,-1.63,Drought,0.8692,Severe
20250422,Beed,0.0,7.1,34.04,16.0,0.14,Marathwada,242,2,0,0.8,-1.67,Heatwave,0.4051,Medium
20250423,Beed,0.0,7.2,34.49,15.15,0.14,Marathwada,242,2,0,0.8,-1.61,Heatwave,0.4243,Medium
20250424,Beed,0.05,7.1,34.29,14.94,0.14,Marathwada,242,2,0,0.8,-1.35,Heatwave,0.417,Medium
20250425,Beed,0.03,7.2,34.65,20.03,0.13,Marathwada,242,2,0,0.8,-1.54,Heatwave,0.4208,Medium
20250426,Beed,0.07,4.8,34.1,22.38,0.13,Marathwada,242,2,0,0.8,-1.77,Heatwave,0.3947,Medium
20250429,Beed,0.0,5.7,34.28,19.58,0.15,Marathwada,242,2,0,0.8,-1.78,Heatwave,0.4073,Medium
20250430,Beed,0.02,13.1,34.06,24.24,0.14,Marathwada,242,2,0,0.8,-1.59,Heatwave,0.3894,Medium
20250501,Beed,0.0,12.4,33.87,19.04,0.14,Marathwada,242,2,0,0.8,-1.48,Drought,0.8725,Severe
20250502,Beed,0.0,11.8,33.58,18.49,0.14,Marathwada,242,2,0,0.8,-1.16,Drought,0.8713,Severe
20250503,Beed,0.0,12.3,33.32,20.75,0.14,Marathwada,242,2,0,0.8,-1.72,Drought,0.8703,Severe
20250418,Latur,0.09,3.6,34.16,25.13,0.26,Marathwada,343,2,0,0.75,-1.49,Heatwave,0.3865,Medium
20250419,Latur,0.05,9.3,34.71,24.29,0.24,Marathwada,343,2,0,0.75,-1.61,Heatwave,0.4096,Medium
20250420,Latur,0.01,7.8,34.47,19.97,0.23,Marathwada,343,2,0,0.75,-1.8,Heatwave,0.4089,Medium
20250421,Latur,0.0,9.0,34.16,19.94,0.22,Marathwada,343,2,0,0.75,-1.25,Heatwave,0.3969,Medium
20250422,Latur,0.0,3.3,35.02,25.03,0.21,Marathwada,343,2,0,0.75,-1.6,Heatwave,0.4202,Medium
20250423,Latur,0.0,6.1,35.23,18.63,0.2,Marathwada,343,2,0,0.75,-1.74,Heatwave,0.4411,Medium
20250424,Latur,1.14,7.3,34.67,17.81,0.24,Marathwada,343,2,0,0.75,-1.52,Heatwave,0.421,Medium
20250425,Latur,0.63,4.3,34.9,23.32,0.23,Marathwada,343,2,0,0.75,-1.46,Heatwave,0.4189,Medium
20250426,Latur,0.8,5.9,34.45,29.72,0.24,Marathwada,343,2,0,0.75,-1.83,Heatwave,0.3886,Medium
20250429,Latur,0.0,5.9,34.11,22.13,0.24,Marathwada,343,2,0,0.75,-1.15,Heatwave,0.3906,Medium
20250430,Latur,0.89,11.2,34.58,22.38,0.26,Marathwada,343,2,0,0.75,-1.39,Heatwave,0.4084,Medium
20250501,Latur,0.0,12.2,34.01,17.95,0.25,Marathwada,343,2,0,0.75,-1.57,Heatwave,0.395,Medium
20250511,Latur,0.94,3.8,34.24,31.26,0.27,Marathwada,343,2,0,0.75,-1.27,Heatwave,0.3774,Medium
20250418,Osmanabad,0.07,5.1,34.16,24.29,0.23,Marathwada,219,3,0,0.75,-1.26,Heatwave,0.3882,Medium
20250419,Osmanabad,0.11,9.3,34.42,25.58,0.22,Marathwada,219,3,0,0.75,-1.42,Heatwave,0.3957,Medium
20250420,Osmanabad,0.02,8.7,34.63,20.33,0.21,Marathwada,219,3,0,0.75,-1.69,Heatwave,0.4144,Medium
20250421,Osmanabad,0.01,10.4,34.51,19.45,0.2,Marathwada,219,3,0,0.75,-1.66,Heatwave,0.4115,Medium
20250422,Osmanabad,0.02,4.4,35.0,27.62,0.2,Marathwada,219,3,0,0.75,-1.48,Heatwave,0.4142,Medium
20250423,Osmanabad,0.04,6.3,35.42,20.89,0.19,Marathwada,219,3,0,0.75,-1.94,Heatwave,0.444,Medium
20250424,Osmanabad,2.38,7.5,34.58,21.7,0.27,Marathwada,219,3,0,0.75,-1.13,Heatwave,0.4097,Medium
20250425,Osmanabad,1.36,4.4,34.8,25.73,0.27,Marathwada,219,3,0,0.75,-1.37,Heatwave,0.4102,Medium
20250426,Osmanabad,1.08,5.5,34.13,31.71,0.3,Marathwada,219,3,0,0.75,-1.23,Heatwave,0.3722,Medium
20250430,Osmanabad,0.48,11.6,34.29,24.7,0.27,Marathwada,219,3,0,0.75,-1.76,Heatwave,0.3924,Medium
20250419,Nagpur,0.32,8.3,36.68,20.29,0.23,Vidarbha,470,3,0,0.7,-1.43,Heatwave,0.4892,Medium
20250422,Nagpur,0.0,5.1,36.28,13.46,0.2,Vidarbha,470,3,0,0.7,-1.74,Heatwave,0.4873,Medium
20250423,Nagpur,0.0,4.6,36.42,13.51,0.19,Vidarbha,470,3,0,0.7,-1.18,Heatwave,0.4926,Medium
20250424,Nagpur,0.0,7.4,36.3,12.11,0.18,Vidarbha,470,3,0,0.7,-1.32,Heatwave,0.4908,Medium
20250425,Nagpur,0.0,5.4,36.66,16.08,0.17,Vidarbha,470,3,0,0.7,-1.31,Heatwave,0.4968,Medium
20250426,Nagpur,0.01,5.9,36.73,17.35,0.17,Vidarbha,470,3,0,0.7,-1.55,Heatwave,0.497,Medium
20250513,Nagpur,0.07,9.0,36.62,30.51,0.31,Vidarbha,470,3,0,0.7,-1.55,Heatwave,0.4664,Medium
20250514,Nagpur,0.97,6.2,36.82,31.72,0.29,Vidarbha,470,3,0,0.7,-1.52,Heatwave,0.4718,Medium
20250418,Wardha,0.0,5.7,36.44,25.12,0.21,Vidarbha,206,2,0,0.65,-1.4,Heatwave,0.4652,Medium
20250419,Wardha,0.47,8.1,37.13,18.55,0.21,Vidarbha,206,2,0,0.65,-1.54,Heatwave,0.5052,High
20250420,Wardha,0.0,6.4,36.5,15.96,0.2,Vidarbha,206,2,0,0.65,-1.72,Heatwave,0.4859,Medium
20250421,Wardha,0.0,5.4,36.25,16.92,0.19,Vidarbha,206,2,0,0.65,-1.66,Heatwave,0.4742,Medium
20250422,Wardha,0.0,4.7,36.53,13.87,0.18,Vidarbha,206,2,0,0.65,-1.24,Heatwave,0.4912,Medium
20250423,Wardha,0.0,4.6,36.74,13.13,0.17,Vidarbha,206,2,0,0.65,-1.47,Heatwave,0.5009,High
20250424,Wardha,0.0,6.8,36.53,11.49,0.17,Vidarbha,206,2,0,0.65,-1.61,Heatwave,0.496,Medium
20250425,Wardha,0.0,4.1,37.04,15.7,0.16,Vidarbha,206,2,0,0.65,-1.4,Heatwave,0.5074,High
20250426,Wardha,0.0,5.9,36.83,17.21,0.15,Vidarbha,206,2,0,0.65,-1.66,Heatwave,0.4962,Medium
20250428,Wardha,0.14,8.0,36.18,20.17,0.16,Vidarbha,206,2,0,0.65,-1.22,Heatwave,0.465,Medium
20250430,Wardha,0.05,6.3,36.88,19.49,0.16,Vidarbha,206,2,0,0.65,-1.62,Heatwave,0.4936,Medium
20250503,Wardha,0.01,10.0,36.81,28.12,0.17,Vidarbha,206,2,0,0.65,-1.76,Heatwave,0.4736,Medium
20250512,Wardha,1.11,6.3,36.18,34.56,0.34,Vidarbha,206,2,0,0.65,-1.76,Heatwave,0.4362,Medium
20250513,Wardha,0.0,10.1,36.81,29.69,0.3,Vidarbha,206,2,0,0.65,-1.3,Heatwave,0.4705,Medium
20250514,Wardha,0.7,8.4,36.6,31.62,0.27,Vidarbha,206,2,0,0.65,-1.23,Heatwave,0.4584,Medium
20250419,Bhandara,0.25,8.5,36.46,23.39,0.19,Vidarbha,294,2,0,0.68,-1.64,Heatwave,0.4724,Medium
20250422,Bhandara,0.0,5.0,36.21,13.83,0.17,Vidarbha,294,2,0,0.68,-1.54,Heatwave,0.4818,Medium
20250423,Bhandara,0.0,4.2,36.04,16.76,0.16,Vidarbha,294,2,0,0.68,-1.42,Heatwave,0.4694,Medium
20250424,Bhandara,0.0,5.2,36.15,12.67,0.16,Vidarbha,294,2,0,0.68,-1.36,Heatwave,0.4818,Medium
20250425,Bhandara,0.0,5.1,36.21,17.85,0.15,Vidarbha,294,2,0,0.68,-1.45,Heatwave,0.4738,Medium
20250426,Bhandara,0.02,6.0,36.42,18.62,0.15,Vidarbha,294,2,0,0.68,-1.59,Heatwave,0.4804,Medium
20250513,Bhandara,0.03,7.7,36.35,31.41,0.31,Vidarbha,294,2,0,0.68,-1.83,Heatwave,0.4521,Medium
20250514,Bhandara,1.81,5.8,36.13,33.38,0.33,Vidarbha,294,2,0,0.68,-1.6,Heatwave,0.4396,Medium
20250426,Gondia,0.01,6.3,36.07,17.5,0.16,Vidarbha,253,5,0,0.7,-1.67,Heatwave,0.4711,Medium
20250316,Chandrapur,0.0,7.0,33.3,24.23,0.13,Vidarbha,193,3,0,0.75,-1.59,Drought,0.8697,Severe
20250418,Chandrapur,0.1,9.8,36.06,32.78,0.2,Vidarbha,193,3,0,0.75,-1.35,Heatwave,0.4451,Medium
20250419,Chandrapur,1.39,8.9,37.2,24.71,0.24,Vidarbha,193,3,0,0.75,-1.56,Heatwave,0.5056,High
20250420,Chandrapur,0.0,5.0,36.48,19.41,0.23,Vidarbha,193,3,0,0.75,-1.9,Heatwave,0.4882,Medium
20250421,Chandrapur,0.0,4.3,36.59,24.84,0.22,Vidarbha,193,3,0,0.75,-1.27,Heatwave,0.4816,Medium
20250422,Chandrapur,0.0,4.2,36.96,20.32,0.21,Vidarbha,193,3,0,0.75,-1.66,Heatwave,0.505,High
20250423,Chandrapur,0.0,4.1,37.18,24.15,0.2,Vidarbha,193,3,0,0.75,-1.67,Heatwave,0.5059,High
20250424,Chandrapur,0.0,3.7,37.18,16.2,0.19,Vidarbha,193,3,0,0.75,-1.58,Heatwave,0.5218,High
20250425,Chandrapur,0.0,5.0,36.96,24.42,0.18,Vidarbha,193,3,0,0.75,-1.45,Heatwave,0.4968,Medium
20250426,Chandrapur,0.0,6.6,37.28,21.8,0.18,Vidarbha,193,3,0,0.75,-1.5,Heatwave,0.5145,High
20250430,Chandrapur,0.31,9.7,36.38,26.87,0.22,Vidarbha,193,3,0,0.75,-1.52,Heatwave,0.4694,Medium
20250503,Chandrapur,1.27,11.3,36.23,33.33,0.25,Vidarbha,193,3,0,0.75,-1.25,Heatwave,0.4506,Medium
20250513,Chandrapur,0.0,7.8,36.95,31.02,0.32,Vidarbha,193,3,0,0.75,-1.54,Heatwave,0.4832,Medium
20250514,Chandrapur,2.62,7.1,36.54,32.99,0.37,Vidarbha,193,3,0,0.75,-1.59,Heatwave,0.4634,Medium
20250419,Gadchiroli,1.46,8.4,36.1,29.65,0.24,Vidarbha,74,8,0,0.85,-1.21,Heatwave,0.4629,Medium
20250420,Gadchiroli,0.0,3.4,36.25,26.59,0.23,Vidarbha,74,8,0,0.85,-1.61,Heatwave,0.4749,Medium
20250421,Gadchiroli,0.0,4.1,36.19,30.92,0.22,Vidarbha,74,8,0,0.85,-1.39,Heatwave,0.4639,Medium
20250422,Gadchiroli,0.0,3.6,36.71,24.75,0.21,Vidarbha,74,8,0,0.85,-1.52,Heatwave,0.4964,Medium
20250423,Gadchiroli,0.0,5.4,36.57,30.03,0.2,Vidarbha,74,8,0,0.85,-1.54,Heatwave,0.4804,Medium
20250424,Gadchiroli,0.0,4.1,36.63,21.34,0.19,Vidarbha,74,8,0,0.85,-1.65,Heatwave,0.5002,High
20250425,Gadchiroli,0.0,6.3,36.29,28.2,0.18,Vidarbha,74,8,0,0.85,-1.17,Heatwave,0.4732,Medium
20250426,Gadchiroli,0.01,6.6,36.53,25.25,0.18,Vidarbha,74,8,0,0.85,-1.56,Heatwave,0.4884,Medium
20250513,Gadchiroli,0.0,5.8,36.57,32.37,0.31,Vidarbha,74,8,0,0.85,-1.25,Heatwave,0.4758,Medium
20250418,Amravati,0.0,7.8,36.44,18.87,0.21,Vidarbha,237,4,0,0.68,-1.5,Heatwave,0.4807,Medium
20250425,Amravati,0.0,11.4,36.25,15.23,0.16,Vidarbha,237,4,0,0.68,-1.28,Heatwave,0.4806,Medium
20250425,Akola,0.0,9.8,36.02,16.03,0.15,Vidarbha,320,2,0,0.65,-1.61,Heatwave,0.4671,Medium
20250429,Akola,0.0,8.4,35.49,16.82,0.14,Vidarbha,320,2,0,0.65,-1.6,Drought,0.864,Severe
20250430,Akola,0.0,12.9,35.39,19.33,0.14,Vidarbha,320,2,0,0.65,-1.8,Drought,0.8636,Severe
20250501,Akola,0.0,11.9,35.17,15.94,0.14,Vidarbha,320,2,0,0.65,-1.72,Drought,0.8627,Severe
20250502,Akola,0.02,12.7,35.13,15.27,0.14,Vidarbha,320,2,0,0.65,-1.42,Drought,0.8624,Severe
20250503,Akola,0.0,13.0,34.82,16.93,0.13,Vidarbha,320,2,0,0.65,-1.73,Drought,0.8658,Severe
20250504,Akola,0.17,8.5,33.56,19.75,0.13,Vidarbha,320,2,0,0.65,-1.27,Drought,0.8601,Severe
20250426,Washim,0.0,6.7,34.7,20.18,0.14,Vidarbha,244,3,0,0.65,-1.64,Drought,0.8608,Severe
20250501,Washim,0.0,14.4,34.73,16.53,0.14,Vidarbha,244,3,0,0.65,-1.37,Drought,0.8609,Severe
20250502,Washim,0.01,13.1,34.52,15.75,0.14,Vidarbha,244,3,0,0.65,-1.17,Drought,0.86,Severe
20250503,Washim,0.0,13.8,34.48,17.08,0.14,Vidarbha,244,3,0,0.65,-1.45,Drought,0.8599,Severe
20250504,Washim,0.0,9.3,33.08,18.99,0.14,Vidarbha,244,3,0,0.65,-1.61,Drought,0.8543,Severe
20250505,Washim,0.2,12.0,33.17,28.73,0.14,Vidarbha,244,3,0,0.65,-1.4,Drought,0.854,Severe
20250428,Buldhana,0.0,9.4,34.18,16.55,0.14,Vidarbha,268,3,0,0.68,-1.62,Drought,0.8617,Severe
20250429,Buldhana,0.0,9.7,34.75,17.95,0.14,Vidarbha,268,3,0,0.68,-1.75,Drought,0.864,Severe
20250430,Buldhana,0.0,15.2,34.74,21.83,0.14,Vidarbha,268,3,0,0.68,-1.42,Drought,0.864,Severe
20250501,Buldhana,0.0,12.5,34.45,18.21,0.14,Vidarbha,268,3,0,0.68,-1.52,Drought,0.8628,Severe
20250502,Buldhana,0.0,13.2,34.37,17.35,0.14,Vidarbha,268,3,0,0.68,-1.19,Drought,0.8625,Severe
20250503,Buldhana,0.0,13.4,34.08,19.39,0.13,Vidarbha,268,3,0,0.68,-1.57,Drought,0.8658,Severe
20250418,Yavatmal,0.0,4.7,36.77,20.31,0.19,Vidarbha,204,4,0,0.72,-1.26,Heatwave,0.4947,Medium
20250419,Yavatmal,0.05,10.9,36.7,16.14,0.18,Vidarbha,204,4,0,0.72,-1.3,Heatwave,0.5003,High
20250420,Yavatmal,0.0,9.4,36.03,16.05,0.18,Vidarbha,204,4,0,0.72,-1.46,Heatwave,0.4744,Medium
20250422,Yavatmal,0.0,6.0,36.2,13.59,0.16,Vidarbha,204,4,0,0.72,-1.31,Heatwave,0.4859,Medium
20250423,Yavatmal,0.0,6.7,36.56,11.89,0.16,Vidarbha,204,4,0,0.72,-1.37,Heatwave,0.5033,High
20250424,Yavatmal,0.0,8.7,36.28,11.18,0.15,Vidarbha,204,4,0,0.72,-1.64,Heatwave,0.4939,Medium
20250425,Yavatmal,0.0,6.1,36.68,15.04,0.15,Vidarbha,204,4,0,0.72,-1.77,Heatwave,0.5017,High
20250426,Yavatmal,0.0,7.7,36.13,17.56,0.15,Vidarbha,204,4,0,0.72,-1.56,Heatwave,0.4753,Medium
20250427,Yavatmal,0.08,5.6,35.54,17.73,0.14,Vidarbha,204,4,0,0.72,-1.2,Drought,0.8709,Severe
20250428,Yavatmal,0.0,7.8,36.17,16.34,0.14,Vidarbha,204,4,0,0.72,-1.27,Heatwave,0.4793,Medium
20250429,Yavatmal,0.0,6.3,36.21,15.21,0.14,Vidarbha,204,4,0,0.72,-1.72,Heatwave,0.4831,Medium
20250430,Yavatmal,0.0,8.2,36.49,16.1,0.14,Vidarbha,204,4,0,0.72,-1.73,Heatwave,0.4922,Medium
20250501,Yavatmal,0.02,5.8,35.72,24.78,0.14,Vidarbha,204,4,0,0.72,-1.24,Drought,0.8718,Severe
20250502,Yavatmal,0.14,6.8,36.0,16.74,0.14,Vidarbha,204,4,0,0.72,-1.73,Heatwave,0.4719,Medium
20250503,Yavatmal,0.0,8.9,36.51,22.2,0.14,Vidarbha,204,4,0,0.72,-1.39,Heatwave,0.4808,Medium
20250504,Yavatmal,0.21,6.0,34.63,23.88,0.14,Vidarbha,204,4,0,0.72,-1.6,Drought,0.8668,Severe
20250512,Yavatmal,1.18,8.5,36.18,32.03,0.31,Vidarbha,204,4,0,0.72,-1.52,Heatwave,0.4483,Medium
20250513,Yavatmal,0.01,12.6,36.26,30.62,0.28,Vidarbha,204,4,0,0.72,-1.43,Heatwave,0.4542,Medium
20259999,Nagpur,116.3,23.3,21.7,89.6,0.91,Vidarbha,470,3,0,0.7,-0.62,Landslide,0.4647,Medium
20259999,Palghar,1.9,7.5,40.0,29.8,0.09,Konkan,362,8,1,0.7,-2.55,Drought,0.9028,Severe
20259999,Aurangabad,0.0,14.3,44.9,23.7,0.16,Marathwada,366,3,0,0.72,-2.49,Heatwave,0.804,Severe
20259999,Ratnagiri,146.1,12.4,25.5,95.0,0.83,Konkan,197,18,1,0.8,-0.9,Landslide,0.7437,Severe
20259999,Beed,0.7,10.6,40.7,23.6,0.07,Marathwada,242,2,0,0.8,-2.9,Drought,0.9288,Severe
20259999,Nagpur,0.0,11.2,46.8,22.6,0.15,Vidarbha,470,3,0,0.7,-2.15,Heatwave,0.8781,Severe
20259999,Amravati,172.1,81.9,26.3,93.6,0.76,Vidarbha,237,4,0,0.68,1.61,Cyclone,0.5992,High
20259999,Sangli,82.7,96.8,25.0,93.9,0.82,Pune Division,329,5,0,0.65,2.34,Cyclone,0.5117,High
20259999,Nashik,1.0,17.5,38.4,21.9,0.08,Nashik Division,393,8,0,0.7,-1.54,Drought,0.9041,Severe
20259999,Nandurbar,0.1,9.9,42.3,20.5,0.05,Nashik Division,277,10,0,0.72,-2.55,Drought,0.9383,Severe
20259999,Chandrapur,0.0,18.4,49.1,13.7,0.15,Vidarbha,193,3,0,0.75,-2.16,Heatwave,0.9904,Severe
20259999,Nashik,173.0,100.5,24.0,96.7,0.84,Nashik Division,393,8,0,0.7,0.15,Cyclone,0.6645,High
20259999,Bhandara,237.8,11.4,20.9,90.4,0.96,Vidarbha,294,2,0,0.68,0.58,Landslide,0.727,Severe
20259999,Amravati,166.1,72.1,23.2,94.1,0.8,Vidarbha,237,4,0,0.68,3.17,Cyclone,0.5575,High
20259999,Mumbai Suburban,2.2,5.6,36.1,24.2,0.04,Konkan,20980,3,1,0.8,-2.0,Drought,0.9187,Severe
20259999,Mumbai City,107.7,146.3,25.2,89.2,0.75,Konkan,19652,2,1,0.85,0.18,Cyclone,0.8342,Severe
20259999,Pune,0.0,15.6,40.4,11.9,0.11,Pune Division,603,10,0,0.75,-1.9,Heatwave,0.6556,High
20259999,Wardha,299.3,33.1,24.7,89.6,0.97,Vidarbha,206,2,0,0.65,4.51,Flood,1.0,Severe
20259999,Gadchiroli,2.1,5.2,40.9,27.7,0.04,Vidarbha,74,8,0,0.85,-1.85,Drought,0.9432,Severe
20259999,Ahmednagar,147.1,23.8,25.5,85.1,0.89,Nashik Division,266,4,0,0.68,0.16,Landslide,0.544,High
20259999,Washim,206.3,24.9,25.5,92.8,0.89,Vidarbha,244,3,0,0.65,0.8,Landslide,0.6602,High
20259999,Sangli,0.0,12.4,40.7,17.9,0.14,Pune Division,329,5,0,0.65,-1.72,Heatwave,0.6453,High
20259999,Mumbai City,118.3,90.6,25.4,96.0,0.78,Konkan,19652,2,1,0.85,0.39,Cyclone,0.6644,High
20259999,Gadchiroli,140.0,100.8,26.0,91.7,0.8,Vidarbha,74,8,0,0.85,2.55,Cyclone,0.631,High
20259999,Akola,200.4,42.7,27.6,88.1,0.94,Vidarbha,320,2,0,0.65,3.67,Flood,0.8574,Severe
20259999,Solapur,0.0,11.8,44.5,18.4,0.08,Pune Division,290,2,0,0.7,-2.24,Heatwave,0.7971,Severe
20259999,Mumbai Suburban,236.0,22.1,24.1,84.2,0.89,Konkan,20980,3,1,0.8,-0.89,Landslide,0.742,Severe
20259999,Yavatmal,103.8,70.4,25.6,94.1,0.91,Vidarbha,204,4,0,0.72,0.89,Cyclone,0.4624,Medium
20259999,Jalgaon,125.2,97.5,25.2,89.5,0.84,Nashik Division,360,3,0,0.65,3.08,Cyclone,0.5778,High
20259999,Ratnagiri,251.1,21.8,21.2,88.7,0.89,Konkan,197,18,1,0.8,-0.0,Landslide,0.986,Severe
20259999,Nagpur,0.0,6.5,50.4,22.2,0.06,Vidarbha,470,3,0,0.7,-1.61,Heatwave,1.0,Severe
20259999,Satara,207.0,15.8,21.6,91.4,0.85,Pune Division,287,15,0,0.7,0.12,Landslide,0.8307,Severe
20259999,Ratnagiri,163.2,100.4,25.4,94.8,0.82,Konkan,197,18,1,0.8,1.57,Cyclone,0.7595,Severe
20259999,Parbhani,345.3,28.9,26.9,91.6,0.88,Marathwada,295,2,0,0.7,6.15,Flood,1.0,Severe
20259999,Parbhani,0.3,6.5,38.1,34.2,0.08,Marathwada,295,2,0,0.7,-2.17,Drought,0.9054,Severe
20259999,Thane,1.3,14.9,38.8,31.5,0.05,Konkan,1157,5,1,0.75,-2.58,Drought,0.9232,Severe
20259999,Satara,1.3,13.4,38.6,19.6,0.07,Pune Division,287,15,0,0.7,-2.16,Drought,0.9083,Severe
20259999,Akola,0.0,13.4,45.9,17.1,0.08,Vidarbha,320,2,0,0.65,-1.29,Heatwave,0.8491,Severe
20259999,Beed,2.1,7.8,42.0,16.2,0.05,Marathwada,242,2,0,0.8,-1.5,Drought,0.9382,Severe
20259999,Jalgaon,0.0,15.5,41.1,21.0,0.13,Nashik Division,360,3,0,0.65,-2.09,Heatwave,0.6547,High
20259999,Nandurbar,0.0,10.8,43.3,20.4,0.07,Nashik Division,277,10,0,0.72,-1.98,Heatwave,0.7484,Severe
20259999,Wardha,212.1,92.9,25.9,94.9,0.94,Vidarbha,206,2,0,0.65,2.8,Cyclone,0.6928,High
20259999,Kolhapur,245.8,16.6,24.4,88.5,0.98,Pune Division,504,12,0,0.75,3.04,Flood,0.9093,Severe
20259999,Jalgaon,0.0,18.2,42.1,12.0,0.15,Nashik Division,360,3,0,0.65,-1.87,Heatwave,0.7116,High
20259999,Beed,100.6,28.6,22.2,86.0,0.83,Marathwada,242,2,0,0.8,-0.05,Landslide,0.4174,Medium
20259999,Sindhudurg,0.0,17.0,45.6,17.3,0.13,Konkan,167,20,1,0.75,-1.84,Heatwave,0.8471,Severe
20259999,Gadchiroli,131.5,98.5,24.3,90.5,0.87,Vidarbha,74,8,0,0.85,3.37,Cyclone,0.6106,High
20259999,Nandurbar,0.0,6.4,40.7,24.1,0.09,Nashik Division,277,10,0,0.72,-2.21,Heatwave,0.6399,High
20259999,Palghar,0.0,12.6,43.6,22.7,0.14,Konkan,362,8,1,0.7,-2.34,Heatwave,0.7535,Severe
20259999,Kolhapur,143.1,89.3,24.7,93.1,0.94,Pune Division,504,12,0,0.75,1.92,Cyclone,0.5873,High
20259999,Satara,1.4,14.9,39.7,19.5,0.06,Pune Division,287,15,0,0.7,-2.26,Drought,0.9169,Severe
20259999,Amravati,1.2,8.3,42.1,23.6,0.09,Vidarbha,237,4,0,0.68,-2.6,Drought,0.9117,Severe
20259999,Thane,234.0,18.0,26.5,88.6,0.87,Konkan,1157,5,1,0.75,1.94,Flood,0.8097,Severe
20259999,Thane,123.0,29.0,23.4,84.6,0.89,Konkan,1157,5,1,0.75,0.25,Landslide,0.5108,High
20259999,Nagpur,1.9,13.6,38.9,15.9,0.09,Vidarbha,470,3,0,0.7,-1.98,Drought,0.8984,Severe
20259999,Gondia,2.7,9.4,38.1,32.5,0.09,Vidarbha,253,5,0,0.7,-2.23,Drought,0.8924,Severe
20259999,Chandrapur,1.2,15.9,42.6,31.1,0.06,Vidarbha,193,3,0,0.75,-1.82,Drought,0.9342,Severe
20259999,Raigad,130.1,10.7,22.3,93.6,0.84,Konkan,368,12,1,0.75,-0.48,Landslide,0.6197,High
20259999,Osmanabad,139.1,28.6,21.8,86.0,0.93,Marathwada,219,3,0,0.75,-0.27,Landslide,0.523,High
20259999,Akola,135.0,16.5,22.7,85.9,0.93,Vidarbha,320,2,0,0.65,3.93,Flood,0.7664,Severe
20259999,Yavatmal,0.0,11.3,51.4,26.4,0.13,Vidarbha,204,4,0,0.72,-1.35,Heatwave,1.0,Severe
20259999,Mumbai City,2.6,14.0,41.4,31.7,0.04,Konkan,19652,2,1,0.85,-1.77,Drought,0.9435,Severe
20259999,Latur,129.3,74.0,24.6,88.2,0.91,Marathwada,343,2,0,0.75,1.26,Cyclone,0.5156,High
20259999,Jalgaon,140.1,100.5,23.2,89.7,0.84,Nashik Division,360,3,0,0.65,2.85,Cyclone,0.6102,High
20259999,Gadchiroli,2.7,16.9,37.5,15.9,0.05,Vidarbha,74,8,0,0.85,-1.96,Drought,0.923,Severe
20259999,Nandurbar,113.9,10.6,25.3,91.2,0.98,Nashik Division,277,10,0,0.72,-0.01,Landslide,0.5663,High
20259999,Washim,211.0,20.7,21.3,82.5,0.84,Vidarbha,244,3,0,0.65,0.26,Landslide,0.6658,High
20259999,Parbhani,2.8,11.0,36.4,29.6,0.06,Marathwada,295,2,0,0.7,-2.02,Drought,0.8988,Severe
20259999,Dhule,2.3,17.1,37.8,21.7,0.07,Nashik Division,285,4,0,0.62,-1.61,Drought,0.8936,Severe
20259999,Wardha,0.4,11.4,36.7,21.9,0.04,Vidarbha,206,2,0,0.65,-2.05,Drought,0.9124,Severe
20259999,Palghar,115.8,99.1,23.8,88.2,0.86,Konkan,362,8,1,0.7,1.96,Cyclone,0.674,High
20259999,Sangli,181.8,34.6,22.8,91.7,0.93,Pune Division,329,5,0,0.65,2.32,Flood,0.7474,Severe
20259999,Bhandara,110.8,10.4,25.8,82.9,0.95,Vidarbha,294,2,0,0.68,0.4,Landslide,0.4403,Medium
20259999,Mumbai City,227.8,14.2,21.8,87.1,0.88,Konkan,19652,2,1,0.85,0.77,Landslide,0.7136,High
20259999,Aurangabad,0.0,14.7,44.3,15.3,0.09,Marathwada,366,3,0,0.72,-1.93,Heatwave,0.7975,Severe
20259999,Mumbai City,279.0,10.8,21.0,93.4,0.81,Konkan,19652,2,1,0.85,1.22,Landslide,0.8218,Severe
20259999,Palghar,0.0,17.9,44.4,13.9,0.09,Konkan,362,8,1,0.7,-1.84,Heatwave,0.8022,Severe
20259999,Aurangabad,177.2,90.4,23.4,93.7,0.8,Marathwada,366,3,0,0.72,1.51,Cyclone,0.6391,High
20259999,Dhule,146.3,11.0,20.1,80.3,0.8,Nashik Division,285,4,0,0.62,-0.72,Landslide,0.5272,High
20259999,Washim,277.6,16.1,20.8,88.2,0.95,Vidarbha,244,3,0,0.65,0.7,Landslide,0.8266,Severe
20259999,Nashik,344.3,36.1,26.3,86.2,0.93,Nashik Division,393,8,0,0.7,5.2,Flood,1.0,Severe
20259999,Chandrapur,0.0,11.3,50.6,22.1,0.13,Vidarbha,193,3,0,0.75,-1.74,Heatwave,1.0,Severe
20259999,Akola,0.0,16.4,43.6,22.1,0.16,Vidarbha,320,2,0,0.65,-1.49,Heatwave,0.7497,Severe
20259999,Bhandara,3.0,6.5,41.1,16.0,0.03,Vidarbha,294,2,0,0.68,-2.84,Drought,0.9284,Severe
20259999,Beed,0.0,7.4,41.4,19.3,0.11,Marathwada,242,2,0,0.8,-2.21,Heatwave,0.6847,High
20259999,Yavatmal,2.8,13.5,39.1,30.8,0.1,Vidarbha,204,4,0,0.72,-2.56,Drought,0.8936,Severe
20259999,Nagpur,144.7,101.5,27.0,96.4,0.9,Vidarbha,470,3,0,0.7,3.05,Cyclone,0.6254,High
20259999,Raigad,314.0,22.8,22.6,93.0,0.87,Konkan,368,12,1,0.75,3.63,Flood,1.0,Severe
20259999,Parbhani,274.6,28.5,25.6,85.5,0.9,Marathwada,295,2,0,0.7,1.39,Landslide,0.8059,Severe
20259999,Jalgaon,154.5,74.8,24.4,95.9,0.9,Nashik Division,360,3,0,0.65,3.19,Cyclone,0.5461,High
20259999,Osmanabad,211.4,102.4,26.2,89.3,0.77,Marathwada,219,3,0,0.75,0.07,Cyclone,0.7334,Severe
20259999,Washim,1.9,17.8,38.8,21.6,0.08,Vidarbha,244,3,0,0.65,-1.76,Drought,0.8975,Severe
20259999,Mumbai City,218.1,34.0,27.1,91.4,0.82,Konkan,19652,2,1,0.85,2.35,Flood,0.8107,Severe
20259999,Sindhudurg,252.9,29.2,25.8,86.6,0.92,Konkan,167,20,1,0.75,0.5,Landslide,1.0,Severe
20259999,Latur,122.3,20.0,22.0,84.4,0.81,Marathwada,343,2,0,0.75,1.24,Landslide,0.4592,Medium
20259999,Bhandara,172.8,97.7,25.1,89.0,0.83,Vidarbha,294,2,0,0.68,3.35,Cyclone,0.6529,High
20259999,Jalna,0.0,16.0,41.4,11.8,0.1,Marathwada,254,2,0,0.7,-1.39,Heatwave,0.6897,High
20259999,Sangli,0.0,18.3,43.7,12.3,0.06,Pune Division,329,5,0,0.65,-2.44,Heatwave,0.7732,Severe
20259999,Solapur,176.1,99.4,24.3,89.8,0.77,Pune Division,290,2,0,0.7,2.58,Cyclone,0.6655,High
20259999,Ahmednagar,159.2,97.6,23.3,89.6,0.83,Nashik Division,266,4,0,0.68,0.65,Cyclone,0.6321,High
20259999,Yavatmal,93.1,86.6,24.9,88.9,0.78,Vidarbha,204,4,0,0.72,0.84,Cyclone,0.5003,High
20259999,Parbhani,196.8,23.2,25.3,94.4,0.98,Marathwada,295,2,0,0.7,2.16,Flood,0.7745,Severe
20259999,Dhule,252.0,26.9,22.0,81.3,0.93,Nashik Division,285,4,0,0.62,-0.1,Landslide,0.778,Severe
20259999,Solapur,128.4,12.7,23.5,93.5,0.94,Pune Division,290,2,0,0.7,0.37,Landslide,0.4809,Medium
20259999,Latur,222.1,22.4,26.1,96.4,0.85,Marathwada,343,2,0,0.75,5.71,Flood,1.0,Severe
20259999,Nandurbar,0.0,11.0,40.2,22.5,0.14,Nashik Division,277,10,0,0.72,-1.64,Heatwave,0.6237,High
20259999,Pune,0.0,13.6,42.4,17.7,0.16,Pune Division,603,10,0,0.75,-1.56,Heatwave,0.7218,Severe
20259999,Satara,0.0,19.2,40.6,12.8,0.16,Pune Division,287,15,0,0.7,-2.45,Heatwave,0.6566,High
20259999,Sindhudurg,124.4,212.0,25.6,88.8,0.8,Konkan,167,20,1,0.75,2.71,Cyclone,1.0,Severe
20259999,Thane,149.3,42.1,25.2,95.3,0.8,Konkan,1157,5,1,0.75,6.14,Flood,0.9087,Severe
20259999,Jalgaon,109.5,103.9,25.5,88.7,0.92,Nashik Division,360,3,0,0.65,0.61,Cyclone,0.5756,High
20259999,Ahmednagar,192.9,97.0,24.2,93.1,0.88,Nashik Division,266,4,0,0.68,0.09,Cyclone,0.6807,High
20259999,Gadchiroli,225.3,15.1,25.7,80.5,0.97,Vidarbha,74,8,0,0.85,-0.46,Landslide,0.8009,Severe
20259999,Wardha,0.0,16.8,49.8,13.8,0.07,Vidarbha,206,2,0,0.65,-1.66,Heatwave,1.0,Severe
20259999,Amravati,181.6,24.5,20.6,85.9,0.98,Vidarbha,237,4,0,0.68,1.02,Landslide,0.6306,High
20259999,Aurangabad,217.1,25.1,24.5,87.6,0.95,Marathwada,366,3,0,0.72,0.09,Landslide,0.6975,High
20259999,Nagpur,201.6,29.0,24.8,88.7,0.92,Vidarbha,470,3,0,0.7,1.33,Landslide,0.6576,High
20259999,Aurangabad,159.7,29.5,25.2,84.8,0.88,Marathwada,366,3,0,0.72,0.04,Landslide,0.5613,High
20259999,Satara,265.7,24.5,24.0,86.6,0.92,Pune Division,287,15,0,0.7,-0.92,Landslide,0.9698,Severe
20259999,Nandurbar,131.9,21.3,22.4,88.8,0.91,Nashik Division,277,10,0,0.72,4.33,Flood,0.7888,Severe
20259999,Kolhapur,1.6,8.5,37.7,17.7,0.1,Pune Division,504,12,0,0.75,-2.08,Drought,0.8952,Severe
20259999,Jalna,0.5,16.3,41.2,28.2,0.06,Marathwada,254,2,0,0.7,-2.61,Drought,0.926,Severe
20259999,Mumbai City,198.7,129.2,26.0,91.0,0.84,Konkan,19652,2,1,0.85,0.65,Cyclone,0.9137,Severe
20259999,Parbhani,0.0,9.0,44.9,27.9,0.06,Marathwada,295,2,0,0.7,-1.89,Heatwave,0.7936,Severe
20259999,Wardha,186.4,101.6,24.4,92.5,0.87,Vidarbha,206,2,0,0.65,3.41,Cyclone,0.6833,High
20259999,Latur,117.7,106.9,27.0,94.7,0.84,Marathwada,343,2,0,0.75,2.15,Cyclone,0.6079,High
20259999,Palghar,183.1,18.4,22.7,89.5,0.93,Konkan,362,8,1,0.7,4.54,Flood,0.884,Severe
20259999,Mumbai City,164.2,200.8,26.8,94.7,0.79,Konkan,19652,2,1,0.85,1.66,Cyclone,1.0,Severe
20259999,Raigad,126.5,15.4,22.8,88.3,0.87,Konkan,368,12,1,0.75,3.94,Flood,0.7544,Severe
20259999,Sindhudurg,138.7,16.5,23.1,91.7,0.95,Konkan,167,20,1,0.75,0.46,Landslide,0.7621,Severe
20259999,Akola,144.4,26.1,23.7,85.7,0.8,Vidarbha,320,2,0,0.65,0.12,Landslide,0.4979,Medium
20259999,Nagpur,222.6,10.8,23.6,87.3,0.82,Vidarbha,470,3,0,0.7,-0.31,Landslide,0.6948,High
20259999,Nanded,208.7,18.7,24.9,93.9,0.92,Marathwada,319,3,0,0.72,1.05,Landslide,0.6756,High
20259999,Beed,1.8,8.0,42.6,26.8,0.05,Marathwada,242,2,0,0.8,-2.33,Drought,0.9416,Severe
20259999,Gadchiroli,0.9,13.8,38.2,30.9,0.04,Vidarbha,74,8,0,0.85,-1.86,Drought,0.9366,Severe
20259999,Nandurbar,2.8,16.6,41.4,29.4,0.05,Nashik Division,277,10,0,0.72,-2.07,Drought,0.9253,Severe
20259999,Satara,148.8,87.7,25.7,89.0,0.82,Pune Division,287,15,0,0.7,0.26,Cyclone,0.5855,High
20259999,Osmanabad,127.1,74.0,24.5,92.7,0.84,Marathwada,219,3,0,0.75,0.9,Cyclone,0.5123,High
20259999,Osmanabad,261.4,44.3,22.7,87.8,0.87,Marathwada,219,3,0,0.75,6.34,Flood,1.0,Severe
20259999,Ahmednagar,1.0,17.9,36.7,16.1,0.1,Nashik Division,266,4,0,0.68,-1.61,Drought,0.8863,Severe
20259999,Palghar,0.3,5.4,36.7,19.2,0.11,Konkan,362,8,1,0.7,-2.0,Drought,0.8862,Severe
20259999,Mumbai City,298.5,31.1,26.8,92.7,0.84,Konkan,19652,2,1,0.85,4.31,Flood,1.0,Severe
20259999,Beed,0.0,19.9,43.8,14.4,0.1,Marathwada,242,2,0,0.8,-1.54,Heatwave,0.7879,Severe
20259999,Gondia,0.0,6.0,44.5,24.2,0.12,Vidarbha,253,5,0,0.7,-1.76,Heatwave,0.7855,Severe
20259999,Nagpur,214.5,103.5,23.2,88.8,0.93,Vidarbha,470,3,0,0.7,2.85,Cyclone,0.7367,Severe
20259999,Satara,270.1,22.9,21.3,90.9,0.92,Pune Division,287,15,0,0.7,1.46,Landslide,0.9797,Severe
20259999,Palghar,127.5,191.4,24.5,96.9,0.83,Konkan,362,8,1,0.7,2.19,Cyclone,0.9992,Severe
20259999,Amravati,217.5,78.4,25.8,93.0,0.84,Vidarbha,237,4,0,0.68,3.34,Cyclone,0.6556,High
20259999,Raigad,206.1,16.9,23.8,93.7,0.85,Konkan,368,12,1,0.75,0.26,Landslide,0.7917,Severe
20259999,Amravati,0.0,15.0,43.2,24.8,0.15,Vidarbha,237,4,0,0.68,-1.39,Heatwave,0.7317,Severe
20259999,Dhule,1.3,7.4,36.1,34.4,0.06,Nashik Division,285,4,0,0.62,-1.55,Drought,0.8948,Severe
20259999,Mumbai Suburban,0.0,9.1,43.5,22.6,0.12,Konkan,20980,3,1,0.8,-2.44,Heatwave,0.7598,Severe
20259999,Akola,0.0,6.9,43.8,13.2,0.13,Vidarbha,320,2,0,0.65,-1.42,Heatwave,0.7753,Severe
20259999,Washim,127.0,23.2,21.9,85.1,0.92,Vidarbha,244,3,0,0.65,0.17,Landslide,0.4848,Medium
20259999,Akola,242.2,11.3,21.2,89.8,0.95,Vidarbha,320,2,0,0.65,-0.37,Landslide,0.733,Severe
20259999,Washim,0.0,10.9,47.3,24.2,0.1,Vidarbha,244,3,0,0.65,-1.48,Heatwave,0.8894,Severe
20259999,Sangli,178.0,24.8,22.5,91.5,0.81,Pune Division,329,5,0,0.65,5.56,Flood,0.9123,Severe
20259999,Wardha,2.5,17.4,40.0,18.3,0.1,Vidarbha,206,2,0,0.65,-1.7,Drought,0.8913,Severe
20259999,Buldhana,263.7,15.4,26.5,86.2,0.83,Vidarbha,268,3,0,0.68,4.26,Flood,0.9796,Severe
20259999,Bhandara,309.5,41.4,26.1,92.0,0.97,Vidarbha,294,2,0,0.68,2.1,Flood,0.9479,Severe
20259999,Kolhapur,0.0,6.9,42.3,20.5,0.13,Pune Division,504,12,0,0.75,-2.5,Heatwave,0.7123,High
20259999,Ahmednagar,154.6,91.5,25.6,91.0,0.86,Nashik Division,266,4,0,0.68,0.66,Cyclone,0.6049,High
20259999,Jalna,203.8,23.7,20.7,81.8,0.9,Marathwada,254,2,0,0.7,-0.32,Landslide,0.6466,High
20259999,Solapur,80.2,77.1,26.4,95.2,0.89,Pune Division,290,2,0,0.7,1.91,Cyclone,0.4473,Medium
20259999,Gondia,2.8,13.7,37.9,26.4,0.07,Vidarbha,253,5,0,0.7,-2.17,Drought,0.9003,Severe
20259999,Beed,171.3,104.4,23.8,88.6,0.83,Marathwada,242,2,0,0.8,0.05,Cyclone,0.685,High
20259999,Yavatmal,0.0,10.0,44.6,14.4,0.14,Vidarbha,204,4,0,0.72,-1.7,Heatwave,0.811,Severe
20259999,Beed,0.7,6.6,36.0,25.2,0.11,Marathwada,242,2,0,0.8,-1.96,Drought,0.892,Severe
20259999,Parbhani,145.5,101.6,25.3,95.9,0.86,Marathwada,295,2,0,0.7,1.25,Cyclone,0.6269,High
20259999,Akola,215.8,104.8,26.7,96.0,0.88,Vidarbha,320,2,0,0.65,2.74,Cyclone,0.738,Severe
20259999,Sindhudurg,99.1,118.3,25.2,94.1,0.89,Konkan,167,20,1,0.75,2.38,Cyclone,0.718,High
20259999,Gondia,156.4,97.1,24.6,92.3,0.76,Vidarbha,253,5,0,0.7,1.59,Cyclone,0.6283,High
20259999,Jalgaon,133.7,85.5,23.1,92.6,0.76,Nashik Division,360,3,0,0.65,2.0,Cyclone,0.5505,High
20259999,Mumbai Suburban,251.2,21.6,21.9,87.7,0.93,Konkan,20980,3,1,0.8,-0.77,Landslide,0.7802,Severe
20259999,Parbhani,167.7,82.0,26.3,93.1,0.89,Marathwada,295,2,0,0.7,1.09,Cyclone,0.5949,High
20259999,Solapur,2.0,9.9,42.9,28.3,0.11,Pune Division,290,2,0,0.7,-2.7,Drought,0.9051,Severe
20259999,Latur,278.1,13.2,23.1,91.9,0.88,Marathwada,343,2,0,0.75,0.17,Landslide,0.8167,Severe
20259999,Hingoli,0.0,18.4,42.1,18.4,0.15,Marathwada,244,3,0,0.68,-2.15,Heatwave,0.7018,High
20259999,Aurangabad,0.0,5.2,40.0,21.1,0.07,Marathwada,366,3,0,0.72,-2.25,Heatwave,0.6187,High
20259999,Kolhapur,156.4,13.0,23.5,89.9,0.93,Pune Division,504,12,0,0.75,-0.36,Landslide,0.6879,High
20259999,Parbhani,0.2,10.5,42.6,19.4,0.05,Marathwada,295,2,0,0.7,-2.85,Drought,0.9372,Severe
20259999,Gondia,2.0,13.4,42.0,24.7,0.04,Vidarbha,253,5,0,0.7,-2.57,Drought,0.933,Severe
20259999,Parbhani,175.6,91.2,25.5,96.8,0.87,Marathwada,295,2,0,0.7,2.73,Cyclone,0.6374,High
20259999,Beed,2.0,15.2,40.7,33.0,0.05,Marathwada,242,2,0,0.8,-1.65,Drought,0.9333,Severe
20259999,Ahmednagar,246.0,29.8,23.9,91.5,0.81,Nashik Division,266,4,0,0.68,3.35,Flood,0.8952,Severe
20259999,Nashik,202.9,11.9,21.0,81.3,0.87,Nashik Division,393,8,0,0.7,1.1,Landslide,0.7255,Severe
20259999,Thane,147.4,14.2,24.6,94.2,0.93,Konkan,1157,5,1,0.75,1.2,Landslide,0.5696,High
20259999,Gadchiroli,0.3,13.1,39.5,20.5,0.07,Vidarbha,74,8,0,0.85,-1.84,Drought,0.9304,Severe
20259999,Akola,185.7,19.4,22.3,92.3,0.88,Vidarbha,320,2,0,0.65,0.51,Landslide,0.5988,High
20259999,Akola,0.0,18.0,51.0,14.9,0.05,Vidarbha,320,2,0,0.65,-2.16,Heatwave,1.0,Severe
20259999,Osmanabad,0.0,18.6,43.9,11.5,0.06,Marathwada,219,3,0,0.75,-2.3,Heatwave,0.7926,Severe
20259999,Satara,0.0,16.0,45.2,26.9,0.07,Pune Division,287,15,0,0.7,-2.1,Heatwave,0.8073,Severe
20259999,Satara,257.8,17.4,23.7,89.2,0.89,Pune Division,287,15,0,0.7,2.89,Flood,0.9012,Severe
20259999,Chandrapur,193.5,98.9,24.6,95.5,0.83,Vidarbha,193,3,0,0.75,2.37,Cyclone,0.6949,High
20259999,Pune,0.2,8.1,40.8,16.7,0.05,Pune Division,603,10,0,0.75,-1.72,Drought,0.935,Severe
20259999,Nagpur,0.0,7.7,45.6,18.2,0.08,Vidarbha,470,3,0,0.7,-2.2,Heatwave,0.8403,Severe
20259999,Osmanabad,1.5,8.2,38.8,29.4,0.1,Marathwada,219,3,0,0.75,-2.35,Drought,0.9,Severe
20259999,Gondia,0.0,6.6,50.8,12.9,0.1,Vidarbha,253,5,0,0.7,-2.22,Heatwave,1.0,Severe
20259999,Washim,131.9,25.1,26.5,88.8,0.93,Vidarbha,244,3,0,0.65,5.23,Flood,0.8373,Severe
20259999,Buldhana,0.8,9.9,41.9,27.4,0.09,Vidarbha,268,3,0,0.68,-2.68,Drought,0.9123,Severe
20259999,Nanded,0.0,19.8,43.4,22.5,0.06,Marathwada,319,3,0,0.72,-2.17,Heatwave,0.7481,Severe
20259999,Parbhani,182.6,81.4,23.4,95.5,0.76,Marathwada,295,2,0,0.7,0.71,Cyclone,0.6152,High
20259999,Buldhana,132.6,25.9,22.7,84.9,0.83,Vidarbha,268,3,0,0.68,-0.58,Landslide,0.4913,Medium
20259999,Kolhapur,0.4,6.5,36.5,29.9,0.09,Pune Division,504,12,0,0.75,-2.91,Drought,0.8991,Severe
20259999,Osmanabad,0.3,16.7,42.3,29.0,0.1,Marathwada,219,3,0,0.75,-1.78,Drought,0.9182,Severe
20259999,Nandurbar,0.0,9.9,41.3,17.0,0.11,Nashik Division,277,10,0,0.72,-1.61,Heatwave,0.6774,High
20259999,Jalna,112.6,88.7,25.4,97.2,0.9,Marathwada,254,2,0,0.7,2.33,Cyclone,0.5346,High
20259999,Ratnagiri,2.3,9.8,39.8,25.3,0.04,Konkan,197,18,1,0.8,-2.52,Drought,0.9332,Severe
20259999,Palghar,145.5,39.4,27.0,95.4,0.93,Konkan,362,8,1,0.7,5.47,Flood,0.878,Severe
20259999,Ahmednagar,152.0,96.7,24.5,95.3,0.81,Nashik Division,266,4,0,0.68,1.9,Cyclone,0.6183,High
20259999,Amravati,0.0,9.1,51.8,14.7,0.08,Vidarbha,237,4,0,0.68,-2.29,Heatwave,1.0,Severe
20259999,Sindhudurg,260.6,20.4,24.3,91.1,0.86,Konkan,167,20,1,0.75,2.39,Flood,0.877,Severe
20259999,Raigad,0.4,6.6,40.4,15.0,0.03,Konkan,368,12,1,0.75,-2.42,Drought,0.9417,Severe
20259999,Nandurbar,225.1,18.6,24.1,87.8,0.98,Nashik Division,277,10,0,0.72,-0.59,Landslide,0.8165,Severe
20259999,Raigad,164.7,37.5,23.7,90.0,0.85,Konkan,368,12,1,0.75,2.72,Flood,0.7414,Severe
20259999,Akola,280.1,16.6,26.9,95.7,0.83,Vidarbha,320,2,0,0.65,3.12,Flood,0.9363,Severe
20259999,Wardha,0.9,12.7,38.1,16.1,0.03,Vidarbha,206,2,0,0.65,-2.85,Drought,0.9208,Severe
20259999,Raigad,0.0,11.4,43.1,12.6,0.11,Konkan,368,12,1,0.75,-2.31,Heatwave,0.7592,Severe
20259999,Parbhani,0.0,19.0,41.2,23.8,0.05,Marathwada,295,2,0,0.7,-2.01,Heatwave,0.658,High
20259999,Beed,0.0,7.6,42.2,17.5,0.08,Marathwada,242,2,0,0.8,-1.65,Heatwave,0.7194,High
20259999,Thane,144.2,214.8,25.1,90.4,0.93,Konkan,1157,5,1,0.75,3.4,Cyclone,1.0,Severe
20259999,Pune,340.1,19.6,24.9,92.0,0.88,Pune Division,603,10,0,0.75,5.51,Flood,1.0,Severe
20259999,Sindhudurg,0.0,6.9,42.1,16.1,0.11,Konkan,167,20,1,0.75,-2.12,Heatwave,0.7134,High
20259999,Chandrapur,217.7,27.0,25.6,94.6,0.94,Vidarbha,193,3,0,0.75,-0.65,Landslide,0.7008,High
20259999,Latur,0.0,11.0,44.4,19.6,0.14,Marathwada,343,2,0,0.75,-1.95,Heatwave,0.7958,Severe
20259999,Wardha,248.1,20.1,27.8,91.9,0.89,Vidarbha,206,2,0,0.65,6.04,Flood,1.0,Severe
20259999,Nandurbar,185.7,78.2,26.2,93.5,0.85,Nashik Division,277,10,0,0.72,0.4,Cyclone,0.6112,High
20259999,Kolhapur,191.5,43.6,26.7,93.6,0.88,Pune Division,504,12,0,0.75,2.34,Flood,0.7666,Severe
20259999,Bhandara,119.2,19.9,25.2,93.3,0.8,Vidarbha,294,2,0,0.68,1.22,Landslide,0.4442,Medium
20259999,Beed,200.9,103.9,25.4,93.7,0.91,Marathwada,242,2,0,0.8,2.75,Cyclone,0.7277,Severe
20259999,Nanded,0.0,13.3,45.8,27.9,0.06,Marathwada,319,3,0,0.72,-1.4,Heatwave,0.8306,Severe
20259999,Buldhana,169.8,22.3,20.3,87.6,0.96,Vidarbha,268,3,0,0.68,-0.47,Landslide,0.588,High
20259999,Ahmednagar,2.8,10.6,38.5,23.8,0.07,Nashik Division,266,4,0,0.68,-2.05,Drought,0.9007,Severe
20259999,Latur,224.0,39.5,25.2,89.4,0.91,Marathwada,343,2,0,0.75,5.09,Flood,0.9835,Severe
20259999,Raigad,0.0,7.5,41.7,15.1,0.12,Konkan,368,12,1,0.75,-2.48,Heatwave,0.6998,High
20259999,Jalgaon,0.0,9.7,43.2,13.9,0.15,Nashik Division,360,3,0,0.65,-2.39,Heatwave,0.7505,Severe
20259999,Yavatmal,0.9,10.8,36.8,17.4,0.09,Vidarbha,204,4,0,0.72,-2.15,Drought,0.8956,Severe
20259999,Jalgaon,0.1,15.7,37.4,16.2,0.05,Nashik Division,360,3,0,0.65,-2.36,Drought,0.9118,Severe
20259999,Thane,2.7,17.3,36.8,32.4,0.04,Konkan,1157,5,1,0.75,-2.05,Drought,0.9148,Severe
20259999,Amravati,265.5,16.6,23.8,97.0,0.81,Vidarbha,237,4,0,0.68,1.83,Flood,0.8377,Severe
20259999,Osmanabad,0.0,18.5,40.7,15.6,0.14,Marathwada,219,3,0,0.75,-1.79,Heatwave,0.6599,High
20259999,Ahmednagar,265.7,28.7,20.9,80.5,0.98,Nashik Division,266,4,0,0.68,0.21,Landslide,0.8198,Severe
20259999,Satara,193.7,101.6,23.8,90.4,0.93,Pune Division,287,15,0,0.7,2.87,Cyclone,0.6992,High
20259999,Osmanabad,182.9,109.8,23.9,96.5,0.83,Marathwada,219,3,0,0.75,0.13,Cyclone,0.7153,High
20259999,Jalna,0.0,19.7,43.5,25.6,0.15,Marathwada,254,2,0,0.7,-1.62,Heatwave,0.7438,Severe
20259999,Aurangabad,100.6,10.8,21.2,82.8,0.85,Marathwada,366,3,0,0.72,-0.24,Landslide,0.4254,Medium
20259999,Mumbai City,194.3,22.8,26.5,89.8,0.93,Konkan,19652,2,1,0.85,3.78,Flood,0.8725,Severe
20259999,Palghar,215.4,29.1,25.0,86.4,0.92,Konkan,362,8,1,0.7,-0.56,Landslide,0.7586,Severe
20259999,Aurangabad,101.1,96.3,26.7,93.7,0.82,Marathwada,366,3,0,0.72,0.49,Cyclone,0.5446,High
20259999,Jalna,0.0,15.6,42.3,14.4,0.11,Marathwada,254,2,0,0.7,-1.96,Heatwave,0.7195,High
20259999,Nagpur,0.6,17.7,38.5,27.0,0.08,Vidarbha,470,3,0,0.7,-2.16,Drought,0.9059,Severe
20259999,Bhandara,0.8,11.9,42.2,33.9,0.04,Vidarbha,294,2,0,0.68,-2.59,Drought,0.936,Severe
20259999,Washim,197.5,96.1,26.8,90.7,0.78,Vidarbha,244,3,0,0.65,1.69,Cyclone,0.6816,High
20259999,Jalgaon,0.0,9.5,42.8,28.9,0.06,Nashik Division,360,3,0,0.65,-2.71,Drought,0.9292,Severe
20259999,Ahmednagar,0.0,7.5,40.6,26.3,0.16,Nashik Division,266,4,0,0.68,-2.29,Heatwave,0.6276,High
20259999,Latur,1.4,7.7,38.1,19.0,0.09,Marathwada,343,2,0,0.75,-1.93,Drought,0.902,Severe
20259999,Mumbai City,244.4,28.9,20.2,80.7,0.86,Konkan,19652,2,1,0.85,-0.78,Landslide,0.7489,Severe
20259999,Mumbai City,126.3,157.9,25.2,97.6,0.79,Konkan,19652,2,1,0.85,2.29,Cyclone,0.9008,Severe
20259999,Buldhana,150.2,106.5,24.4,89.7,0.92,Vidarbha,268,3,0,0.68,1.38,Cyclone,0.6483,High
20259999,Solapur,2.0,7.4,40.3,23.2,0.08,Pune Division,290,2,0,0.7,-1.51,Drought,0.9082,Severe
20259999,Ratnagiri,2.4,8.1,39.2,24.5,0.06,Konkan,197,18,1,0.8,-1.57,Drought,0.9214,Severe
20259999,Wardha,0.0,15.9,51.5,21.0,0.13,Vidarbha,206,2,0,0.65,-1.51,Heatwave,1.0,Severe
20259999,Jalgaon,108.1,10.0,22.1,83.6,0.81,Nashik Division,360,3,0,0.65,-0.55,Landslide,0.4312,Medium
20259999,Ratnagiri,0.0,14.6,44.2,15.4,0.13,Konkan,197,18,1,0.8,-2.23,Heatwave,0.8014,Severe
20259999,Nagpur,158.6,77.5,25.8,93.3,0.84,Vidarbha,470,3,0,0.7,1.36,Cyclone,0.5662,High
20259999,Latur,170.5,37.0,26.5,90.4,0.84,Marathwada,343,2,0,0.75,3.85,Flood,0.8151,Severe
20259999,Nanded,145.7,20.6,25.0,96.0,0.83,Marathwada,319,3,0,0.72,6.18,Flood,0.9068,Severe
20259999,Ahmednagar,155.0,17.3,22.4,92.3,0.81,Nashik Division,266,4,0,0.68,-0.21,Landslide,0.5538,High
20259999,Jalgaon,184.0,76.1,24.4,93.8,0.77,Nashik Division,360,3,0,0.65,1.07,Cyclone,0.5947,High
20259999,Sindhudurg,155.9,120.1,23.9,94.5,0.93,Konkan,167,20,1,0.75,0.3,Cyclone,0.8092,Severe
20259999,Wardha,314.2,33.9,22.5,91.3,0.82,Vidarbha,206,2,0,0.65,2.5,Flood,0.9532,Severe
20259999,Ratnagiri,177.5,189.0,24.0,89.2,0.92,Konkan,197,18,1,0.8,0.02,Cyclone,1.0,Severe
20259999,Latur,150.0,21.4,21.5,84.7,0.95,Marathwada,343,2,0,0.75,0.51,Landslide,0.5355,High
20259999,Mumbai Suburban,167.7,28.0,25.9,88.5,0.86,Konkan,20980,3,1,0.8,5.17,Flood,0.8956,Severe
20259999,Satara,0.3,6.9,40.9,29.5,0.08,Pune Division,287,15,0,0.7,-2.5,Drought,0.9166,Severe
20259999,Dhule,182.7,30.2,23.9,97.9,0.87,Nashik Division,285,4,0,0.62,5.85,Flood,0.9427,Severe
20259999,Solapur,0.0,5.7,45.7,12.3,0.05,Pune Division,290,2,0,0.7,-1.96,Heatwave,0.856,Severe
20259999,Pune,161.4,98.7,26.8,88.2,0.9,Pune Division,603,10,0,0.75,3.36,Cyclone,0.6461,High
20259999,Chandrapur,0.0,14.6,51.7,12.5,0.1,Vidarbha,193,3,0,0.75,-1.39,Heatwave,1.0,Severe
20259999,Sangli,100.1,94.0,26.6,89.7,0.82,Pune Division,329,5,0,0.65,1.31,Cyclone,0.5285,High
20259999,Parbhani,2.4,15.4,41.0,15.4,0.08,Marathwada,295,2,0,0.7,-1.88,Drought,0.9096,Severe
20259999,Washim,195.3,107.8,25.6,88.6,0.88,Vidarbha,244,3,0,0.65,3.19,Cyclone,0.7173,High
20259999,Dhule,152.4,73.7,23.9,93.4,0.92,Nashik Division,285,4,0,0.62,2.16,Cyclone,0.5363,High
20259999,Palghar,0.0,7.7,42.8,10.4,0.07,Konkan,362,8,1,0.7,-1.62,Heatwave,0.747,Severe
20259999,Hingoli,1.9,11.5,36.7,19.0,0.07,Marathwada,244,3,0,0.68,-1.67,Drought,0.8966,Severe
20259999,Sangli,333.4,25.4,24.0,92.4,0.83,Pune Division,329,5,0,0.65,4.76,Flood,1.0,Severe
20259999,Nanded,0.9,11.6,42.0,23.3,0.09,Marathwada,319,3,0,0.72,-1.72,Drought,0.9164,Severe
20259999,Gondia,210.3,25.7,27.0,85.6,0.84,Vidarbha,253,5,0,0.7,4.9,Flood,0.935,Severe
20259999,Thane,1.6,7.6,39.0,25.0,0.1,Konkan,1157,5,1,0.75,-2.61,Drought,0.9004,Severe
20259999,Nandurbar,275.5,21.9,26.7,92.7,0.83,Nashik Division,277,10,0,0.72,3.89,Flood,0.9809,Severe
20259999,Bhandara,124.6,84.9,25.5,89.6,0.92,Vidarbha,294,2,0,0.68,2.84,Cyclone,0.5379,High
20259999,Gondia,82.5,79.9,25.5,92.6,0.86,Vidarbha,253,5,0,0.7,3.15,Cyclone,0.4601,Medium
20259999,Mumbai Suburban,2.8,9.4,39.7,28.2,0.04,Konkan,20980,3,1,0.8,-2.26,Drought,0.931,Severe
20259999,Nandurbar,257.0,27.5,24.2,89.8,0.93,Nashik Division,277,10,0,0.72,-0.09,Landslide,0.8832,Severe
20259999,Sindhudurg,335.7,36.7,25.3,95.0,0.85,Konkan,167,20,1,0.75,5.15,Flood,1.0,Severe
20259999,Solapur,0.0,10.5,42.8,14.8,0.09,Pune Division,290,2,0,0.7,-1.66,Heatwave,0.7382,Severe
20259999,Akola,0.0,6.8,44.9,10.7,0.07,Vidarbha,320,2,0,0.65,-1.31,Heatwave,0.823,Severe
20259999,Mumbai Suburban,137.9,43.8,27.3,94.8,0.97,Konkan,20980,3,1,0.8,2.6,Flood,0.7145,High
20259999,Mumbai Suburban,224.2,27.4,24.8,85.2,0.94,Konkan,20980,3,1,0.8,-0.34,Landslide,0.7204,Severe
20259999,Kolhapur,327.7,23.3,24.5,87.6,0.86,Pune Division,504,12,0,0.75,3.96,Flood,1.0,Severe
20259999,Nanded,210.6,36.9,23.2,89.9,0.78,Marathwada,319,3,0,0.72,5.29,Flood,0.9512,Severe
20259999,Hingoli,196.4,93.0,23.8,95.8,0.87,Marathwada,244,3,0,0.68,3.13,Cyclone,0.6726,High
20259999,Amravati,1.3,15.8,36.1,17.2,0.11,Vidarbha,237,4,0,0.68,-2.58,Drought,0.8784,Severe
20259999,Buldhana,0.2,14.5,38.3,21.9,0.05,Vidarbha,268,3,0,0.68,-2.33,Drought,0.918,Severe
20259999,Palghar,189.1,30.8,24.8,98.0,0.86,Konkan,362,8,1,0.7,3.43,Flood,0.8183,Severe
20259999,Mumbai City,0.6,16.4,40.0,18.8,0.09,Konkan,19652,2,1,0.85,-2.95,Drought,0.9224,Severe
20259999,Jalna,161.1,104.6,23.4,90.2,0.81,Marathwada,254,2,0,0.7,0.84,Cyclone,0.6603,High
20259999,Jalna,316.9,20.0,23.6,90.8,0.92,Marathwada,254,2,0,0.7,3.38,Flood,1.0,Severe
20259999,Solapur,209.8,102.6,25.8,90.5,0.85,Pune Division,290,2,0,0.7,0.11,Cyclone,0.7267,Severe
20259999,Amravati,173.4,92.2,26.7,94.9,0.81,Vidarbha,237,4,0,0.68,0.7,Cyclone,0.6354,High
20259999,Yavatmal,135.0,13.2,21.2,87.6,0.82,Vidarbha,204,4,0,0.72,1.35,Landslide,0.5138,High
20259999,Nagpur,0.0,9.0,46.7,14.4,0.06,Vidarbha,470,3,0,0.7,-1.39,Heatwave,0.8906,Severe
20259999,Satara,0.0,6.8,45.2,11.1,0.08,Pune Division,287,15,0,0.7,-1.21,Heatwave,0.8389,Severe
20259999,Osmanabad,0.0,7.0,45.8,27.7,0.07,Marathwada,219,3,0,0.75,-1.38,Heatwave,0.834,Severe
20259999,Hingoli,117.5,71.8,23.2,97.2,0.88,Marathwada,244,3,0,0.68,3.1,Cyclone,0.4836,Medium
20259999,Beed,317.7,18.0,24.1,92.0,0.94,Marathwada,242,2,0,0.8,2.58,Flood,0.9965,Severe
20259999,Wardha,0.6,14.9,36.6,25.3,0.04,Vidarbha,206,2,0,0.65,-2.47,Drought,0.9113,Severe
20259999,Nanded,1.7,10.3,39.0,19.5,0.07,Marathwada,319,3,0,0.72,-1.57,Drought,0.9105,Severe
20259999,Sangli,0.0,7.2,40.2,26.8,0.11,Pune Division,329,5,0,0.65,-1.8,Heatwave,0.6081,High
20259999,Solapur,117.9,29.9,22.4,89.6,0.96,Pune Division,290,2,0,0.7,0.06,Landslide,0.4593,Medium
20259999,Parbhani,130.3,108.9,24.6,97.1,0.78,Marathwada,295,2,0,0.7,0.1,Cyclone,0.6285,High
20259999,Thane,0.0,18.8,45.3,18.2,0.1,Konkan,1157,5,1,0.75,-1.78,Heatwave,0.8336,Severe
20259999,Palghar,0.2,17.2,37.3,19.0,0.07,Konkan,362,8,1,0.7,-2.26,Drought,0.907,Severe
20259999,Akola,1.1,13.9,37.6,23.5,0.07,Vidarbha,320,2,0,0.65,-1.67,Drought,0.9,Severe
20259999,Hingoli,0.0,12.3,44.5,12.0,0.1,Marathwada,244,3,0,0.68,-2.48,Heatwave,0.8079,Severe
20259999,Yavatmal,137.1,88.2,25.0,88.4,0.93,Vidarbha,204,4,0,0.72,3.49,Cyclone,0.5716,High
20259999,Satara,104.0,28.7,25.4,88.1,0.9,Pune Division,287,15,0,0.7,0.76,Landslide,0.604,High
20259999,Nagpur,2.1,11.7,39.3,27.9,0.07,Vidarbha,470,3,0,0.7,-2.03,Drought,0.9083,Severe
20259999,Mumbai Suburban,0.0,14.6,43.1,22.3,0.1,Konkan,20980,3,1,0.8,-2.19,Heatwave,0.7448,Severe
20259999,Kolhapur,248.8,32.7,27.8,89.7,0.86,Pune Division,504,12,0,0.75,2.51,Flood,0.8652,Severe
20259999,Wardha,139.6,13.6,20.1,83.2,0.89,Vidarbha,206,2,0,0.65,0.35,Landslide,0.4961,Medium
20259999,Nagpur,326.1,40.8,23.0,85.3,0.8,Vidarbha,470,3,0,0.7,2.93,Flood,0.9993,Severe
20259999,Nanded,204.4,84.9,24.8,91.2,0.94,Marathwada,319,3,0,0.72,2.97,Cyclone,0.6616,High
20259999,Jalna,119.9,82.1,24.6,88.0,0.84,Marathwada,254,2,0,0.7,1.7,Cyclone,0.5235,High
20259999,Jalgaon,223.2,25.9,28.0,92.4,0.87,Nashik Division,360,3,0,0.65,3.98,Flood,0.9015,Severe
20259999,Raigad,0.4,17.3,41.0,29.8,0.07,Konkan,368,12,1,0.75,-2.29,Drought,0.9261,Severe
20259999,Mumbai Suburban,233.7,43.1,22.0,96.6,0.84,Konkan,20980,3,1,0.8,3.06,Flood,0.8751,Severe
20259999,Pune,241.7,16.3,20.5,87.0,0.93,Pune Division,603,10,0,0.75,-0.45,Landslide,0.8518,Severe
20259999,Yavatmal,0.0,12.7,46.8,13.9,0.13,Vidarbha,204,4,0,0.72,-1.68,Heatwave,0.8975,Severe
20259999,Latur,193.2,43.7,26.7,94.4,0.82,Marathwada,343,2,0,0.75,6.05,Flood,0.9767,Severe
20259999,Jalgaon,189.9,96.3,25.2,94.8,0.94,Nashik Division,360,3,0,0.65,2.23,Cyclone,0.6708,High
20259999,Nashik,0.0,8.2,40.5,15.0,0.08,Nashik Division,393,8,0,0.7,-2.2,Heatwave,0.6483,High
20259999,Gadchiroli,194.8,83.1,23.7,92.6,0.75,Vidarbha,74,8,0,0.85,1.69,Cyclone,0.6542,High
20259999,Washim,206.4,23.5,27.2,91.3,0.79,Vidarbha,244,3,0,0.65,5.04,Flood,0.9244,Severe
20259999,Nashik,307.3,38.0,26.8,96.4,0.97,Nashik Division,393,8,0,0.7,3.53,Flood,1.0,Severe
20259999,Amravati,0.0,16.9,49.3,27.9,0.05,Vidarbha,237,4,0,0.68,-2.04,Heatwave,0.9628,Severe
20259999,Akola,283.1,17.5,26.4,94.0,0.83,Vidarbha,320,2,0,0.65,2.76,Flood,0.9201,Severe
20259999,Parbhani,295.3,41.3,27.1,97.5,0.9,Marathwada,295,2,0,0.7,6.04,Flood,1.0,Severe
20259999,Mumbai Suburban,81.6,206.3,26.9,92.7,0.91,Konkan,20980,3,1,0.8,0.45,Cyclone,0.9901,Severe
20259999,Ahmednagar,0.8,8.8,36.9,31.1,0.03,Nashik Division,266,4,0,0.68,-2.53,Drought,0.9193,Severe
20259999,Chandrapur,255.5,22.6,23.6,91.3,0.91,Vidarbha,193,3,0,0.75,2.11,Flood,0.86,Severe
20259999,Chandrapur,0.0,8.7,51.8,17.1,0.12,Vidarbha,193,3,0,0.75,-2.19,Heatwave,1.0,Severe
20259999,Buldhana,0.0,12.0,46.6,12.5,0.13,Vidarbha,268,3,0,0.68,-1.21,Heatwave,0.8886,Severe
20259999,Mumbai City,94.4,105.0,26.0,90.2,0.76,Konkan,19652,2,1,0.85,3.43,Cyclone,0.6766,High
20259999,Jalgaon,207.0,15.8,26.4,95.8,0.81,Nashik Division,360,3,0,0.65,2.18,Flood,0.7615,Severe
20259999,Sindhudurg,1.8,17.8,36.7,20.7,0.1,Konkan,167,20,1,0.75,-2.89,Drought,0.8905,Severe
20259999,Buldhana,137.2,91.0,24.2,91.0,0.81,Vidarbha,268,3,0,0.68,3.1,Cyclone,0.5771,High
20259999,Nashik,2.4,8.3,40.3,24.2,0.09,Nashik Division,393,8,0,0.7,-2.54,Drought,0.9023,Severe
20259999,Mumbai City,141.2,14.0,25.4,84.0,0.85,Konkan,19652,2,1,0.85,0.03,Landslide,0.5157,High
20259999,Ratnagiri,0.0,15.0,44.7,22.8,0.07,Konkan,197,18,1,0.8,-1.91,Heatwave,0.8061,Severe
20259999,Satara,141.6,70.7,24.0,94.8,0.89,Pune Division,287,15,0,0.7,3.13,Cyclone,0.5181,High
20259999,Dhule,131.1,26.1,23.6,90.0,0.81,Nashik Division,285,4,0,0.62,1.99,Flood,0.626,High
20259999,Raigad,2.1,10.9,39.7,25.3,0.09,Konkan,368,12,1,0.75,-2.93,Drought,0.906,Severe
20259999,Mumbai City,125.1,21.6,25.3,87.1,0.93,Konkan,19652,2,1,0.85,1.01,Landslide,0.4875,Medium
20259999,Hingoli,1.3,7.3,36.3,19.9,0.04,Marathwada,244,3,0,0.68,-2.16,Drought,0.9106,Severe
20259999,Amravati,0.1,5.5,41.8,26.8,0.06,Vidarbha,237,4,0,0.68,-1.66,Drought,0.9278,Severe
20259999,Mumbai Suburban,261.7,20.5,26.1,94.9,0.87,Konkan,20980,3,1,0.8,5.81,Flood,1.0,Severe
20259999,Wardha,109.5,73.7,24.0,97.2,0.77,Vidarbha,206,2,0,0.65,1.5,Cyclone,0.4749,Medium
20259999,Sindhudurg,0.0,18.5,46.0,23.6,0.16,Konkan,167,20,1,0.75,-1.48,Heatwave,0.85,Severe
20259999,Gondia,331.0,37.2,24.0,89.7,0.88,Vidarbha,253,5,0,0.7,3.3,Flood,1.0,Severe
20259999,Parbhani,344.2,32.5,24.7,87.9,0.91,Marathwada,295,2,0,0.7,4.93,Flood,1.0,Severe
20259999,Raigad,0.1,16.7,38.4,29.9,0.09,Konkan,368,12,1,0.75,-2.02,Drought,0.9078,Severe
20259999,Nanded,129.2,37.9,22.6,90.2,0.8,Marathwada,319,3,0,0.72,5.69,Flood,0.8473,Severe
20259999,Gadchiroli,175.6,97.6,26.4,89.3,0.88,Vidarbha,74,8,0,0.85,2.01,Cyclone,0.6737,High
20259999,Bhandara,148.2,11.5,22.1,80.4,0.9,Vidarbha,294,2,0,0.68,-0.47,Landslide,0.5195,High
20259999,Pune,0.0,18.7,43.0,14.8,0.12,Pune Division,603,10,0,0.75,-2.24,Heatwave,0.751,Severe
20259999,Akola,1.5,17.8,41.8,33.2,0.05,Vidarbha,320,2,0,0.65,-1.84,Drought,0.9244,Severe
20259999,Satara,103.5,29.3,20.9,92.3,0.85,Pune Division,287,15,0,0.7,-0.12,Landslide,0.5979,High
20259999,Bhandara,172.0,83.9,23.1,88.6,0.77,Vidarbha,294,2,0,0.68,1.47,Cyclone,0.6057,High
20259999,Jalna,124.9,77.6,24.7,93.9,0.92,Marathwada,254,2,0,0.7,0.56,Cyclone,0.516,High
20259999,Washim,1.3,10.6,39.9,31.7,0.09,Vidarbha,244,3,0,0.65,-2.85,Drought,0.8996,Severe
20259999,Palghar,0.3,13.2,40.7,28.6,0.05,Konkan,362,8,1,0.7,-2.5,Drought,0.9292,Severe
20259999,Akola,165.9,15.6,25.4,91.0,0.91,Vidarbha,320,2,0,0.65,2.23,Flood,0.7137,High
20259999,Sindhudurg,152.0,215.6,24.9,95.6,0.93,Konkan,167,20,1,0.75,3.37,Cyclone,1.0,Severe
20259999,Mumbai City,0.5,9.5,42.5,17.9,0.08,Konkan,19652,2,1,0.85,-2.11,Drought,0.9372,Severe
20259999,Buldhana,0.0,9.9,48.1,13.4,0.14,Vidarbha,268,3,0,0.68,-1.24,Heatwave,0.9451,Severe
20259999,Chandrapur,143.7,77.5,26.0,90.8,0.75,Vidarbha,193,3,0,0.75,1.89,Cyclone,0.5489,High
20259999,Bhandara,216.6,44.1,26.2,94.3,0.89,Vidarbha,294,2,0,0.68,6.37,Flood,1.0,Severe
20259999,Mumbai City,325.9,36.0,26.4,88.8,0.84,Konkan,19652,2,1,0.85,5.41,Flood,1.0,Severe
20259999,Ratnagiri,0.9,13.3,37.3,21.1,0.07,Konkan,197,18,1,0.8,-2.37,Drought,0.9146,Severe
20259999,Latur,130.2,37.5,22.4,91.1,0.82,Marathwada,343,2,0,0.75,2.21,Flood,0.6519,High
20259999,Gadchiroli,216.3,17.1,24.0,90.9,0.92,Vidarbha,74,8,0,0.85,-0.72,Landslide,0.7757,Severe
20259999,Palghar,239.9,23.6,23.5,94.9,0.8,Konkan,362,8,1,0.7,3.35,Flood,0.8859,Severe
20259999,Chandrapur,0.0,18.3,49.6,20.1,0.07,Vidarbha,193,3,0,0.75,-1.84,Heatwave,0.997,Severe
20259999,Dhule,110.8,29.5,22.8,93.9,0.8,Nashik Division,285,4,0,0.62,-0.38,Landslide,0.4473,Medium
20259999,Satara,0.0,9.8,45.0,25.0,0.12,Pune Division,287,15,0,0.7,-1.63,Heatwave,0.8033,Severe
20259999,Hingoli,205.6,97.3,24.3,97.4,0.75,Marathwada,244,3,0,0.68,1.22,Cyclone,0.7007,High
20259999,Raigad,0.0,5.5,44.0,24.7,0.15,Konkan,368,12,1,0.75,-1.36,Heatwave,0.77,Severe
20259999,Nashik,254.9,17.3,23.5,86.2,0.84,Nashik Division,393,8,0,0.7,5.88,Flood,1.0,Severe
20259999,Chandrapur,140.7,92.5,24.8,97.7,0.81,Vidarbha,193,3,0,0.75,2.2,Cyclone,0.5944,High
20259999,Nagpur,179.2,88.4,23.4,94.4,0.87,Vidarbha,470,3,0,0.7,0.82,Cyclone,0.6335,High
20259999,Latur,251.8,44.3,23.4,89.6,0.83,Marathwada,343,2,0,0.75,2.83,Flood,0.8841,Severe
20259999,Nashik,128.9,43.7,22.3,96.5,0.96,Nashik Division,393,8,0,0.7,4.12,Flood,0.7772,Severe
20259999,Thane,213.2,27.2,23.3,86.2,0.95,Konkan,1157,5,1,0.75,1.45,Landslide,0.7197,High
20259999,Ahmednagar,257.4,22.0,24.1,90.3,0.93,Nashik Division,266,4,0,0.68,-0.2,Landslide,0.7961,Severe
20259999,Hingoli,256.7,24.5,24.1,94.9,0.9,Marathwada,244,3,0,0.68,2.25,Flood,0.8616,Severe
20259999,Sindhudurg,0.0,18.3,45.1,17.8,0.13,Konkan,167,20,1,0.75,-2.37,Heatwave,0.8266,Severe
20259999,Nashik,131.6,20.3,22.6,93.4,0.88,Nashik Division,393,8,0,0.7,0.33,Landslide,0.5661,High
20259999,Solapur,153.9,15.8,24.8,84.2,0.95,Pune Division,290,2,0,0.7,-0.76,Landslide,0.5393,High
20259999,Beed,197.3,24.4,21.4,82.5,0.95,Marathwada,242,2,0,0.8,-0.1,Landslide,0.6469,High
20259999,Nandurbar,139.1,90.0,23.7,91.6,0.79,Nashik Division,277,10,0,0.72,0.71,Cyclone,0.5806,High
20259999,Nandurbar,0.0,19.2,40.2,12.5,0.11,Nashik Division,277,10,0,0.72,-1.54,Heatwave,0.6437,High
20259999,Jalgaon,344.9,36.1,27.0,85.5,0.83,Nashik Division,360,3,0,0.65,3.37,Flood,1.0,Severe
20259999,Mumbai City,140.5,20.7,24.2,91.6,0.81,Konkan,19652,2,1,0.85,0.07,Landslide,0.5101,High
20259999,Nanded,146.6,77.3,25.6,89.5,0.79,Marathwada,319,3,0,0.72,0.72,Cyclone,0.5496,High
20259999,Akola,0.0,17.3,48.1,19.5,0.13,Vidarbha,320,2,0,0.65,-2.47,Heatwave,0.9299,Severe
20259999,Parbhani,108.8,27.6,20.5,82.2,0.8,Marathwada,295,2,0,0.7,0.57,Landslide,0.4228,Medium
20259999,Yavatmal,255.5,12.5,25.1,84.9,0.91,Vidarbha,204,4,0,0.72,0.35,Landslide,0.7939,Severe
20259999,Hingoli,0.0,6.7,41.4,15.5,0.16,Marathwada,244,3,0,0.68,-1.75,Heatwave,0.6803,High
20259999,Akola,0.0,10.6,47.1,15.8,0.07,Vidarbha,320,2,0,0.65,-2.31,Heatwave,0.8984,Severe
20259999,Jalna,275.7,32.6,26.3,90.5,0.95,Marathwada,254,2,0,0.7,4.98,Flood,1.0,Severe
20259999,Aurangabad,110.0,26.0,21.6,88.7,0.88,Marathwada,366,3,0,0.72,-0.94,Landslide,0.4495,Medium
20259999,Jalna,301.7,34.8,27.1,86.0,0.87,Marathwada,254,2,0,0.7,6.45,Flood,1.0,Severe
20259999,Buldhana,0.0,11.1,51.6,26.9,0.05,Vidarbha,268,3,0,0.68,-2.28,Heatwave,1.0,Severe
20259999,Chandrapur,198.1,103.0,25.7,91.0,0.76,Vidarbha,193,3,0,0.75,3.27,Cyclone,0.7155,High
20259999,Sindhudurg,0.4,15.8,41.9,31.3,0.08,Konkan,167,20,1,0.75,-2.45,Drought,0.9252,Severe
20259999,Nanded,245.6,21.4,20.1,91.4,0.82,Marathwada,319,3,0,0.72,-0.71,Landslide,0.7486,Severe
20259999,Nashik,0.0,16.6,40.3,10.7,0.1,Nashik Division,393,8,0,0.7,-2.42,Heatwave,0.6492,High
20259999,Ratnagiri,0.0,12.9,40.2,10.7,0.12,Konkan,197,18,1,0.8,-1.45,Heatwave,0.6553,High
20259999,Dhule,0.0,6.7,43.7,18.0,0.06,Nashik Division,285,4,0,0.62,-1.79,Heatwave,0.7588,Severe
20259999,Nagpur,2.9,7.6,42.7,25.8,0.08,Vidarbha,470,3,0,0.7,-2.85,Drought,0.9146,Severe
20259999,Hingoli,0.0,9.5,39.4,18.7,0.07,Marathwada,244,3,0,0.68,-2.49,Drought,0.9141,Severe
20259999,Solapur,213.1,10.9,21.0,86.5,0.86,Pune Division,290,2,0,0.7,-0.02,Landslide,0.6635,High
20259999,Palghar,114.8,205.2,26.3,92.6,0.8,Konkan,362,8,1,0.7,3.45,Cyclone,1.0,Severe
20259999,Nagpur,272.2,27.7,21.0,87.1,0.97,Vidarbha,470,3,0,0.7,-0.07,Landslide,0.8214,Severe
20259999,Hingoli,0.0,7.9,40.7,23.3,0.13,Marathwada,244,3,0,0.68,-1.24,Heatwave,0.6375,High
20259999,Washim,176.0,16.2,27.9,89.4,0.84,Vidarbha,244,3,0,0.65,6.03,Flood,0.941,Severe
20259999,Nanded,274.3,16.5,25.3,91.7,0.92,Marathwada,319,3,0,0.72,1.89,Flood,0.8758,Severe
20259999,Mumbai Suburban,0.8,7.8,36.6,26.2,0.03,Konkan,20980,3,1,0.8,-2.38,Drought,0.9301,Severe
20259999,Buldhana,1.2,5.5,41.8,19.2,0.06,Vidarbha,268,3,0,0.68,-1.69,Drought,0.924,Severe
20259999,Washim,211.0,16.4,24.1,94.2,0.91,Vidarbha,244,3,0,0.65,0.88,Landslide,0.6728,High
20259999,Sindhudurg,87.0,207.3,25.1,88.3,0.84,Konkan,167,20,1,0.75,3.1,Cyclone,0.9965,Severe
20259999,Sindhudurg,278.2,16.4,25.1,82.7,0.81,Konkan,167,20,1,0.75,-0.05,Landslide,1.0,Severe
20259999,Palghar,101.6,118.7,26.6,97.4,0.75,Konkan,362,8,1,0.7,2.55,Cyclone,0.7181,High
20259999,Sangli,0.0,8.1,43.0,16.3,0.09,Pune Division,329,5,0,0.65,-2.03,Heatwave,0.738,Severe
20259999,Sangli,229.3,18.8,20.9,89.6,0.94,Pune Division,329,5,0,0.65,0.6,Landslide,0.7449,Severe
20259999,Mumbai City,170.3,119.8,24.3,97.2,0.88,Konkan,19652,2,1,0.85,0.97,Cyclone,0.8398,Severe
20259999,Ratnagiri,153.5,136.0,25.4,93.7,0.88,Konkan,197,18,1,0.8,1.08,Cyclone,0.8636,Severe
20259999,Mumbai City,199.1,188.9,24.0,92.1,0.85,Konkan,19652,2,1,0.85,1.87,Cyclone,1.0,Severe
20259999,Ratnagiri,225.4,40.5,26.6,92.8,0.85,Konkan,197,18,1,0.8,2.44,Flood,0.8271,Severe
20259999,Aurangabad,0.0,15.2,41.6,17.7,0.09,Marathwada,366,3,0,0.72,-1.5,Heatwave,0.6877,High
20259999,Palghar,2.6,9.4,38.3,34.7,0.07,Konkan,362,8,1,0.7,-2.79,Drought,0.9026,Severe
20259999,Aurangabad,85.9,89.3,24.9,92.2,0.91,Marathwada,366,3,0,0.72,1.24,Cyclone,0.4985,Medium
20259999,Amravati,98.9,104.4,26.4,93.9,0.94,Vidarbha,237,4,0,0.68,3.07,Cyclone,0.5644,High
20259999,Sangli,218.4,14.3,20.7,86.2,0.83,Pune Division,329,5,0,0.65,-0.74,Landslide,0.7094,High
20259999,Akola,0.0,17.9,43.2,15.3,0.1,Vidarbha,320,2,0,0.65,-1.84,Heatwave,0.7477,Severe
20259999,Beed,174.8,103.7,25.8,93.4,0.93,Marathwada,242,2,0,0.8,0.88,Cyclone,0.6879,High
20259999,Solapur,2.3,11.4,42.2,21.9,0.06,Pune Division,290,2,0,0.7,-1.67,Drought,0.9238,Severe
20259999,Mumbai Suburban,133.0,40.0,22.3,93.5,0.84,Konkan,20980,3,1,0.8,2.46,Flood,0.679,High
20259999,Jalgaon,0.9,11.7,37.7,32.3,0.06,Nashik Division,360,3,0,0.65,-2.63,Drought,0.9056,Severe
20259999,Nandurbar,2.3,14.9,40.3,30.7,0.06,Nashik Division,277,10,0,0.72,-1.68,Drought,0.9182,Severe
20259999,Nagpur,2.5,12.1,37.5,25.8,0.06,Vidarbha,470,3,0,0.7,-1.95,Drought,0.9042,Severe
20259999,Ahmednagar,223.2,14.3,25.9,92.6,0.94,Nashik Division,266,4,0,0.68,-0.17,Landslide,0.7202,Severe
20259999,Ratnagiri,100.4,160.0,25.2,94.5,0.83,Konkan,197,18,1,0.8,1.74,Cyclone,0.8639,Severe
20259999,Bhandara,0.0,6.6,50.1,13.1,0.05,Vidarbha,294,2,0,0.68,-2.26,Heatwave,1.0,Severe
20259999,Mumbai Suburban,0.0,11.1,45.2,19.4,0.05,Konkan,20980,3,1,0.8,-1.57,Heatwave,0.8323,Severe
20259999,Latur,103.5,101.6,24.4,95.6,0.94,Marathwada,343,2,0,0.75,1.3,Cyclone,0.5689,High
20259999,Jalna,0.0,14.9,41.2,15.4,0.06,Marathwada,254,2,0,0.7,-2.0,Heatwave,0.6748,High
20259999,Amravati,161.8,92.9,24.5,91.5,0.88,Vidarbha,237,4,0,0.68,1.36,Cyclone,0.6204,High
20259999,Parbhani,211.8,39.2,27.8,93.3,0.94,Marathwada,295,2,0,0.7,4.16,Flood,0.9092,Severe
20259999,Kolhapur,141.4,109.5,23.3,97.6,0.91,Pune Division,504,12,0,0.75,1.39,Cyclone,0.6521,High
20259999,Gondia,165.4,84.9,24.1,95.0,0.78,Vidarbha,253,5,0,0.7,0.38,Cyclone,0.6011,High
20259999,Thane,97.6,216.0,23.6,94.8,0.86,Konkan,1157,5,1,0.75,0.06,Cyclone,1.0,Severe
20259999,Pune,140.3,74.1,24.3,94.6,0.94,Pune Division,603,10,0,0.75,0.87,Cyclone,0.5324,High
20259999,Pune,2.7,17.4,41.9,26.9,0.06,Pune Division,603,10,0,0.75,-2.26,Drought,0.9262,Severe
20259999,Jalgaon,0.0,16.6,43.1,21.0,0.13,Nashik Division,360,3,0,0.65,-2.47,Heatwave,0.7324,Severe
20259999,Nandurbar,128.8,32.0,24.4,97.7,0.88,Nashik Division,277,10,0,0.72,4.26,Flood,0.7752,Severe
20259999,Gadchiroli,1.5,7.9,39.8,33.9,0.06,Vidarbha,74,8,0,0.85,-1.98,Drought,0.9319,Severe
20259999,Osmanabad,181.0,15.5,24.9,96.2,0.96,Marathwada,219,3,0,0.75,6.28,Flood,0.9916,Severe
20259999,Akola,253.4,28.3,26.6,94.6,0.89,Vidarbha,320,2,0,0.65,1.94,Flood,0.8338,Severe
20259999,Raigad,224.8,25.9,25.8,93.8,0.82,Konkan,368,12,1,0.75,5.68,Flood,1.0,Severe
20259999,Satara,215.2,99.2,26.2,97.4,0.78,Pune Division,287,15,0,0.7,0.25,Cyclone,0.7235,Severe
20259999,Nashik,186.8,39.8,26.0,97.6,0.83,Nashik Division,393,8,0,0.7,3.93,Flood,0.8393,Severe
20259999,Jalna,134.2,109.8,26.6,90.9,0.9,Marathwada,254,2,0,0.7,0.77,Cyclone,0.6373,High
20259999,Palghar,0.0,17.4,44.9,24.3,0.14,Konkan,362,8,1,0.7,-2.23,Heatwave,0.8008,Severe
20259999,Nagpur,121.6,105.6,26.7,92.5,0.88,Vidarbha,470,3,0,0.7,0.94,Cyclone,0.6044,High
20259999,Yavatmal,2.1,11.7,42.5,29.7,0.08,Vidarbha,204,4,0,0.72,-1.67,Drought,0.9186,Severe
20259999,Jalgaon,268.9,22.4,24.4,93.9,0.96,Nashik Division,360,3,0,0.65,3.08,Flood,0.9356,Severe
20259999,Thane,206.9,11.3,24.3,90.5,0.86,Konkan,1157,5,1,0.75,1.23,Landslide,0.6965,High
20259999,Raigad,168.2,27.5,27.2,87.8,0.86,Konkan,368,12,1,0.75,3.09,Flood,0.77,Severe
20259999,Gondia,86.0,99.3,25.7,92.1,0.77,Vidarbha,253,5,0,0.7,1.47,Cyclone,0.53,High
20259999,Pune,215.6,26.5,26.4,95.1,0.9,Pune Division,603,10,0,0.75,1.61,Flood,0.7655,Severe
20259999,Kolhapur,0.0,5.5,44.9,13.6,0.11,Pune Division,504,12,0,0.75,-1.89,Heatwave,0.8272,Severe
20259999,Nagpur,90.5,87.5,26.8,97.2,0.89,Vidarbha,470,3,0,0.7,1.64,Cyclone,0.4974,Medium
20259999,Akola,133.9,16.6,22.4,88.8,0.97,Vidarbha,320,2,0,0.65,-0.01,Landslide,0.4913,Medium
20259999,Gondia,0.0,7.9,48.9,10.5,0.08,Vidarbha,253,5,0,0.7,-1.79,Heatwave,0.984,Severe
20259999,Chandrapur,0.2,8.3,39.8,29.8,0.08,Vidarbha,193,3,0,0.75,-2.41,Drought,0.9175,Severe
20259999,Jalgaon,299.6,25.9,26.4,91.7,0.93,Nashik Division,360,3,0,0.65,6.04,Flood,1.0,Severe
20259999,Sindhudurg,0.0,9.0,45.6,18.2,0.06,Konkan,167,20,1,0.75,-1.94,Heatwave,0.8453,Severe
20259999,Nanded,1.5,12.3,38.4,16.4,0.11,Marathwada,319,3,0,0.72,-1.84,Drought,0.8908,Severe
20259999,Hingoli,1.1,14.9,39.4,19.0,0.04,Marathwada,244,3,0,0.68,-2.48,Drought,0.9238,Severe
20259999,Parbhani,131.3,28.2,24.7,88.9,0.89,Marathwada,295,2,0,0.7,2.25,Flood,0.6615,High
20259999,Beed,1.0,12.7,41.0,32.8,0.1,Marathwada,242,2,0,0.8,-2.09,Drought,0.9155,Severe
20259999,Ahmednagar,187.6,90.1,26.5,89.0,0.83,Nashik Division,266,4,0,0.68,2.72,Cyclone,0.6497,High
20259999,Beed,159.8,18.2,23.6,95.0,0.89,Marathwada,242,2,0,0.8,-0.48,Landslide,0.5566,High
20259999,Nagpur,0.0,13.4,47.9,13.7,0.13,Vidarbha,470,3,0,0.7,-1.54,Heatwave,0.9387,Severe
20259999,Beed,1.6,11.6,39.8,31.8,0.04,Marathwada,242,2,0,0.8,-2.53,Drought,0.9356,Severe
20259999,Latur,254.2,29.3,25.3,87.6,0.89,Marathwada,343,2,0,0.75,6.49,Flood,1.0,Severe
20259999,Buldhana,175.6,72.0,24.0,93.0,0.9,Vidarbha,268,3,0,0.68,1.97,Cyclone,0.5714,High
20259999,Yavatmal,233.7,20.9,21.5,90.1,0.97,Vidarbha,204,4,0,0.72,0.92,Landslide,0.7508,Severe
20259999,Jalna,0.0,19.8,42.8,25.6,0.14,Marathwada,254,2,0,0.7,-1.84,Heatwave,0.7166,High
20259999,Sangli,164.3,35.7,23.6,95.8,0.8,Pune Division,329,5,0,0.65,5.37,Flood,0.8778,Severe
20259999,Ratnagiri,0.0,18.2,41.8,21.8,0.1,Konkan,197,18,1,0.8,-2.02,Heatwave,0.6953,High
20259999,Satara,2.8,5.5,42.4,27.2,0.09,Pune Division,287,15,0,0.7,-2.42,Drought,0.9093,Severe
20259999,Latur,321.9,44.2,23.8,94.0,0.78,Marathwada,343,2,0,0.75,2.44,Flood,0.966,Severe
20259999,Buldhana,0.2,11.1,40.6,30.3,0.07,Vidarbha,268,3,0,0.68,-2.05,Drought,0.9182,Severe
20259999,Hingoli,260.3,19.4,24.5,82.1,0.92,Marathwada,244,3,0,0.68,-0.41,Landslide,0.7877,Severe
20259999,Mumbai City,101.2,92.2,23.4,90.4,0.77,Konkan,19652,2,1,0.85,2.42,Cyclone,0.6441,High
20259999,Akola,131.1,89.5,24.5,93.0,0.77,Vidarbha,320,2,0,0.65,2.39,Cyclone,0.56,High
20259999,Kolhapur,0.0,7.7,45.4,13.0,0.15,Pune Division,504,12,0,0.75,-1.76,Heatwave,0.8479,Severe
20259999,Pune,0.0,6.8,41.5,11.8,0.14,Pune Division,603,10,0,0.75,-2.32,Heatwave,0.6986,High
20259999,Aurangabad,169.5,79.0,24.8,92.0,0.87,Marathwada,366,3,0,0.72,1.72,Cyclone,0.5896,High
20259999,Amravati,0.0,13.4,49.0,10.5,0.1,Vidarbha,237,4,0,0.68,-2.43,Heatwave,0.9859,Severe
20259999,Buldhana,111.6,102.5,25.1,89.3,0.84,Vidarbha,268,3,0,0.68,1.95,Cyclone,0.5771,High
20259999,Sangli,145.7,89.4,24.0,97.2,0.83,Pune Division,329,5,0,0.65,3.02,Cyclone,0.5816,High
20259999,Kolhapur,1.0,7.3,38.9,17.2,0.07,Pune Division,504,12,0,0.75,-2.47,Drought,0.9156,Severe
20259999,Gadchiroli,267.7,43.5,23.2,94.3,0.93,Vidarbha,74,8,0,0.85,3.99,Flood,1.0,Severe
20259999,Ahmednagar,187.9,71.2,23.4,88.3,0.8,Nashik Division,266,4,0,0.68,0.94,Cyclone,0.5872,High
20259999,Sangli,217.4,98.4,25.8,92.2,0.89,Pune Division,329,5,0,0.65,3.5,Cyclone,0.7191,High
20259999,Raigad,0.0,16.4,45.6,12.0,0.13,Konkan,368,12,1,0.75,-1.39,Heatwave,0.8577,Severe
20259999,Nagpur,190.7,23.6,21.5,89.0,0.85,Vidarbha,470,3,0,0.7,-0.17,Landslide,0.6261,High
20259999,Gadchiroli,1.0,6.6,39.3,30.0,0.06,Vidarbha,74,8,0,0.85,-1.7,Drought,0.9317,Severe
20259999,Osmanabad,130.5,12.2,24.5,84.6,0.97,Marathwada,219,3,0,0.75,0.79,Landslide,0.5076,High
20259999,Dhule,152.1,20.5,20.5,81.8,0.83,Nashik Division,285,4,0,0.62,0.94,Landslide,0.5432,High
20259999,Nandurbar,101.8,73.5,26.1,95.2,0.76,Nashik Division,277,10,0,0.72,0.71,Cyclone,0.4697,Medium
20259999,Chandrapur,143.7,15.0,22.3,92.3,0.96,Vidarbha,193,3,0,0.75,-0.49,Landslide,0.5363,High
20259999,Pune,0.0,5.3,42.4,14.1,0.07,Pune Division,603,10,0,0.75,-1.7,Heatwave,0.729,Severe
20259999,Hingoli,124.1,11.8,25.4,88.0,0.95,Marathwada,244,3,0,0.68,-0.85,Landslide,0.4842,Medium
20259999,Ahmednagar,113.7,73.9,24.6,96.7,0.94,Nashik Division,266,4,0,0.68,3.47,Cyclone,0.4849,Medium
20259999,Sindhudurg,86.7,90.8,23.6,91.5,0.92,Konkan,167,20,1,0.75,3.12,Cyclone,0.6077,High
20259999,Buldhana,211.5,28.3,22.8,81.6,0.88,Vidarbha,268,3,0,0.68,-0.06,Landslide,0.6739,High
20259999,Ratnagiri,2.7,10.4,41.5,33.2,0.09,Konkan,197,18,1,0.8,-2.37,Drought,0.916,Severe
20259999,Raigad,0.0,17.1,45.7,16.5,0.07,Konkan,368,12,1,0.75,-2.08,Heatwave,0.8526,Severe
20259999,Beed,2.3,13.3,42.5,30.7,0.04,Marathwada,242,2,0,0.8,-1.8,Drought,0.9439,Severe
20259999,Thane,0.0,15.0,45.0,20.3,0.1,Konkan,1157,5,1,0.75,-1.67,Heatwave,0.8177,Severe
20259999,Osmanabad,142.1,11.6,20.0,89.1,0.87,Marathwada,219,3,0,0.75,0.88,Landslide,0.5237,High
20259999,Latur,213.6,34.5,24.1,97.5,0.97,Marathwada,343,2,0,0.75,5.74,Flood,1.0,Severe
20259999,Sangli,243.4,37.3,26.2,96.6,0.92,Pune Division,329,5,0,0.65,6.49,Flood,1.0,Severe
20259999,Mumbai City,2.5,14.1,40.8,21.5,0.09,Konkan,19652,2,1,0.85,-1.65,Drought,0.919,Severe
20259999,Raigad,1.0,15.8,38.2,27.7,0.11,Konkan,368,12,1,0.75,-1.68,Drought,0.8948,Severe
20259999,Parbhani,1.6,9.5,39.0,21.7,0.06,Marathwada,295,2,0,0.7,-2.19,Drought,0.9134,Severe
20259999,Buldhana,150.2,15.8,24.4,80.4,0.87,Vidarbha,268,3,0,0.68,0.02,Landslide,0.535,High
20259999,Bhandara,291.6,16.5,27.4,88.0,0.89,Vidarbha,294,2,0,0.68,4.72,Flood,1.0,Severe
20259999,Solapur,183.7,25.1,25.8,87.5,0.96,Pune Division,290,2,0,0.7,3.83,Flood,0.848,Severe
20259999,Mumbai Suburban,127.6,23.1,24.8,86.0,0.92,Konkan,20980,3,1,0.8,3.47,Flood,0.7412,Severe
20259999,Beed,0.0,5.1,44.3,25.0,0.09,Marathwada,242,2,0,0.8,-1.77,Heatwave,0.7861,Severe
20259999,Jalna,91.0,88.0,25.7,89.4,0.88,Marathwada,254,2,0,0.7,3.43,Cyclone,0.4998,Medium
20259999,Akola,0.0,18.9,46.6,15.7,0.15,Vidarbha,320,2,0,0.65,-2.44,Heatwave,0.8792,Severe
20259999,Mumbai City,101.9,27.2,22.7,80.1,0.87,Konkan,19652,2,1,0.85,-0.53,Landslide,0.4293,Medium
20259999,Aurangabad,0.1,13.5,41.9,29.4,0.1,Marathwada,366,3,0,0.72,-2.7,Drought,0.9142,Severe
20259999,Akola,0.0,18.8,49.4,20.5,0.15,Vidarbha,320,2,0,0.65,-1.42,Heatwave,0.9784,Severe
20259999,Solapur,1.9,11.8,38.2,17.9,0.07,Pune Division,290,2,0,0.7,-2.57,Drought,0.9046,Severe
20259999,Wardha,154.1,102.1,25.7,94.2,0.78,Vidarbha,206,2,0,0.65,2.96,Cyclone,0.6365,High
20259999,Kolhapur,0.0,8.8,44.4,15.1,0.08,Pune Division,504,12,0,0.75,-2.1,Heatwave,0.8048,Severe
20259999,Sindhudurg,131.5,31.7,22.1,86.3,0.85,Konkan,167,20,1,0.75,1.72,Flood,0.6299,High
20259999,Ratnagiri,150.0,25.5,26.7,93.1,0.87,Konkan,197,18,1,0.8,1.96,Flood,0.6815,High
20259999,Solapur,90.7,76.5,25.7,97.1,0.84,Pune Division,290,2,0,0.7,0.14,Cyclone,0.461,Medium
20259999,Beed,2.2,10.8,36.4,31.0,0.03,Marathwada,242,2,0,0.8,-1.95,Drought,0.9244,Severe
20259999,Ahmednagar,0.0,15.4,45.0,10.6,0.09,Nashik Division,266,4,0,0.68,-1.25,Heatwave,0.8301,Severe
20259999,Thane,108.2,91.5,27.0,92.9,0.86,Konkan,1157,5,1,0.75,0.58,Cyclone,0.6423,High
20259999,Aurangabad,163.6,21.8,27.5,94.1,0.93,Marathwada,366,3,0,0.72,3.39,Flood,0.7877,Severe
20259999,Beed,310.5,34.2,27.4,93.2,0.93,Marathwada,242,2,0,0.8,5.68,Flood,1.0,Severe
20259999,Kolhapur,89.7,94.5,25.0,88.8,0.9,Pune Division,504,12,0,0.75,1.91,Cyclone,0.5246,High
20259999,Nashik,232.4,17.7,24.3,86.2,0.82,Nashik Division,393,8,0,0.7,1.54,Flood,0.7713,Severe
20259999,Satara,0.0,6.2,42.1,22.4,0.1,Pune Division,287,15,0,0.7,-2.25,Heatwave,0.6958,High
20259999,Osmanabad,0.0,11.1,42.3,24.6,0.09,Marathwada,219,3,0,0.75,-2.47,Heatwave,0.7041,High
20259999,Gadchiroli,174.0,17.2,25.5,96.5,0.85,Vidarbha,74,8,0,0.85,4.74,Flood,0.8841,Severe
20259999,Solapur,248.4,38.6,27.2,86.4,0.85,Pune Division,290,2,0,0.7,4.7,Flood,0.9858,Severe
20259999,Solapur,224.3,20.6,21.7,92.2,0.85,Pune Division,290,2,0,0.7,1.48,Landslide,0.6877,High
20259999,Pune,111.0,28.1,24.7,83.4,0.87,Pune Division,603,10,0,0.75,-0.33,Landslide,0.5518,High
20259999,Nanded,0.0,16.8,42.7,13.7,0.07,Marathwada,319,3,0,0.72,-2.3,Heatwave,0.7385,Severe
20259999,Raigad,122.0,144.1,23.2,95.4,0.9,Konkan,368,12,1,0.75,2.35,Cyclone,0.8383,Severe
20259999,Satara,103.6,79.7,24.6,95.7,0.94,Pune Division,287,15,0,0.7,1.5,Cyclone,0.4911,Medium
20259999,Solapur,265.4,27.9,25.5,93.6,0.89,Pune Division,290,2,0,0.7,-0.45,Landslide,0.7841,Severe
20259999,Sindhudurg,181.5,22.0,25.1,89.2,0.81,Konkan,167,20,1,0.75,3.77,Flood,0.8235,Severe
20259999,Amravati,1.3,13.6,42.7,17.0,0.07,Vidarbha,237,4,0,0.68,-2.93,Drought,0.9228,Severe
20259999,Wardha,135.8,107.7,23.8,93.5,0.77,Vidarbha,206,2,0,0.65,1.01,Cyclone,0.6277,High
20259999,Hingoli,95.6,85.9,23.1,94.6,0.87,Marathwada,244,3,0,0.68,2.48,Cyclone,0.4977,Medium
20259999,Mumbai Suburban,152.4,12.6,25.1,91.2,0.84,Konkan,20980,3,1,0.8,-0.15,Landslide,0.5489,High
20259999,Kolhapur,206.9,26.0,21.6,83.2,0.94,Pune Division,504,12,0,0.75,0.71,Landslide,0.8025,Severe
20259999,Osmanabad,199.5,21.3,24.4,84.1,0.86,Marathwada,219,3,0,0.75,1.18,Landslide,0.6519,High
20259999,Buldhana,226.5,30.0,22.6,86.4,0.95,Vidarbha,268,3,0,0.68,1.01,Landslide,0.7146,High
20259999,Buldhana,1.4,14.3,38.4,27.5,0.07,Vidarbha,268,3,0,0.68,-2.45,Drought,0.9052,Severe
20259999,Palghar,145.9,29.6,23.2,96.2,0.83,Konkan,362,8,1,0.7,4.67,Flood,0.817,Severe
20259999,Jalna,205.9,86.2,23.7,94.6,0.79,Marathwada,254,2,0,0.7,1.46,Cyclone,0.6662,High
20259999,Osmanabad,118.0,95.6,24.6,88.4,0.9,Marathwada,219,3,0,0.75,2.93,Cyclone,0.5707,High
20259999,Aurangabad,107.6,29.4,24.8,85.4,0.89,Marathwada,366,3,0,0.72,-0.27,Landslide,0.4451,Medium
20259999,Nanded,202.3,87.9,25.1,89.4,0.87,Marathwada,319,3,0,0.72,1.62,Cyclone,0.6684,High
20259999,Satara,241.2,26.2,27.9,88.9,0.84,Pune Division,287,15,0,0.7,5.82,Flood,1.0,Severe
20259999,Latur,206.3,13.2,25.9,87.0,0.91,Marathwada,343,2,0,0.75,-0.6,Landslide,0.6582,High
20259999,Buldhana,300.4,23.1,25.9,88.8,0.9,Vidarbha,268,3,0,0.68,4.53,Flood,1.0,Severe
20259999,Aurangabad,198.8,10.2,23.0,90.5,0.81,Marathwada,366,3,0,0.72,1.35,Landslide,0.6423,High
20259999,Aurangabad,119.3,29.0,20.7,86.9,0.97,Marathwada,366,3,0,0.72,-0.42,Landslide,0.4794,Medium
20259999,Hingoli,0.0,17.8,40.0,25.9,0.05,Marathwada,244,3,0,0.68,-1.51,Heatwave,0.6051,High
20259999,Dhule,136.2,99.5,23.3,95.7,0.76,Nashik Division,285,4,0,0.62,3.23,Cyclone,0.598,High
20259999,Sindhudurg,0.0,15.8,42.4,13.9,0.13,Konkan,167,20,1,0.75,-1.48,Heatwave,0.7294,Severe
20259999,Pune,185.5,22.0,23.4,80.6,0.94,Pune Division,603,10,0,0.75,1.37,Landslide,0.7264,Severe
20259999,Gadchiroli,178.7,91.6,25.7,94.1,0.78,Vidarbha,74,8,0,0.85,2.93,Cyclone,0.6584,High
20259999,Buldhana,92.1,78.9,24.7,94.2,0.88,Vidarbha,268,3,0,0.68,3.37,Cyclone,0.4692,Medium
20259999,Thane,0.0,15.0,41.6,12.1,0.05,Konkan,1157,5,1,0.75,-2.36,Heatwave,0.7019,High
20259999,Latur,134.7,19.1,23.1,93.2,0.9,Marathwada,343,2,0,0.75,4.25,Flood,0.7901,Severe
20259999,Parbhani,111.7,73.9,26.6,97.8,0.88,Marathwada,295,2,0,0.7,3.21,Cyclone,0.4839,Medium
20259999,Sindhudurg,0.3,13.9,37.8,22.8,0.08,Konkan,167,20,1,0.75,-2.35,Drought,0.9091,Severe
20259999,Sindhudurg,160.2,16.8,25.8,92.0,0.88,Konkan,167,20,1,0.75,-0.5,Landslide,0.8034,Severe
20259999,Amravati,0.6,9.8,42.2,17.6,0.04,Vidarbha,237,4,0,0.68,-2.26,Drought,0.9367,Severe
20259999,Kolhapur,250.8,28.5,24.6,86.5,0.81,Pune Division,504,12,0,0.75,5.61,Flood,1.0,Severe
20259999,Osmanabad,204.9,24.6,22.1,90.0,0.96,Marathwada,219,3,0,0.75,0.82,Landslide,0.674,High
20259999,Aurangabad,134.9,20.8,22.4,96.3,0.94,Marathwada,366,3,0,0.72,4.37,Flood,0.8004,Severe
20259999,Raigad,0.0,9.1,41.8,20.1,0.08,Konkan,368,12,1,0.75,-2.41,Heatwave,0.6937,High
20259999,Palghar,114.4,154.8,25.8,96.9,0.88,Konkan,362,8,1,0.7,1.22,Cyclone,0.8576,Severe
20259999,Beed,2.3,5.9,37.5,24.3,0.08,Marathwada,242,2,0,0.8,-2.49,Drought,0.906,Severe
20259999,Thane,239.2,13.0,22.7,82.7,0.92,Konkan,1157,5,1,0.75,-0.61,Landslide,0.7752,Severe
20259999,Gadchiroli,0.0,7.1,44.0,15.4,0.16,Vidarbha,74,8,0,0.85,-2.08,Heatwave,0.7986,Severe
20259999,Kolhapur,277.4,21.8,21.5,88.5,0.81,Pune Division,504,12,0,0.75,1.0,Landslide,0.9481,Severe
20259999,Raigad,207.0,96.2,26.5,92.6,0.78,Konkan,368,12,1,0.75,2.91,Cyclone,0.8062,Severe
20259999,Solapur,81.4,76.7,23.3,90.2,0.76,Pune Division,290,2,0,0.7,1.76,Cyclone,0.4478,Medium
20259999,Mumbai City,151.4,17.0,23.0,86.2,0.82,Konkan,19652,2,1,0.85,-0.59,Landslide,0.5357,High
20259999,Jalna,2.2,14.6,39.0,17.5,0.07,Marathwada,254,2,0,0.7,-2.43,Drought,0.9068,Severe
20259999,Wardha,0.0,19.7,46.3,21.3,0.1,Vidarbha,206,2,0,0.65,-2.31,Heatwave,0.8563,Severe
20259999,Gondia,263.9,22.4,23.5,97.4,0.87,Vidarbha,253,5,0,0.7,1.65,Flood,0.8357,Severe
20259999,Yavatmal,254.4,24.9,22.2,90.8,0.8,Vidarbha,204,4,0,0.72,4.6,Flood,0.984,Severe
20259999,Ratnagiri,2.8,8.1,39.0,15.3,0.1,Konkan,197,18,1,0.8,-2.77,Drought,0.9012,Severe
20259999,Kolhapur,159.3,17.4,20.2,84.9,0.96,Pune Division,504,12,0,0.75,-0.94,Landslide,0.6974,High
20259999,Satara,0.1,9.8,37.2,20.0,0.1,Pune Division,287,15,0,0.7,-2.35,Drought,0.8934,Severe
20259999,Dhule,1.8,6.8,37.8,25.9,0.05,Nashik Division,285,4,0,0.62,-1.98,Drought,0.9044,Severe
20259999,Nashik,2.8,6.5,38.3,21.4,0.04,Nashik Division,393,8,0,0.7,-1.78,Drought,0.9154,Severe
20259999,Mumbai Suburban,0.0,13.1,40.4,20.0,0.14,Konkan,20980,3,1,0.8,-1.75,Heatwave,0.6444,High
20259999,Chandrapur,2.0,9.7,39.8,24.8,0.06,Vidarbha,193,3,0,0.75,-1.92,Drought,0.9202,Severe
20259999,Washim,0.0,10.8,43.3,17.2,0.15,Vidarbha,244,3,0,0.65,-2.12,Heatwave,0.7478,Severe
20259999,Nanded,271.2,41.1,27.4,93.4,0.89,Marathwada,319,3,0,0.72,3.16,Flood,0.9404,Severe
20259999,Sindhudurg,2.2,11.9,40.3,22.9,0.11,Konkan,167,20,1,0.75,-2.14,Drought,0.899,Severe
20259999,Amravati,202.3,27.8,24.5,94.5,0.97,Vidarbha,237,4,0,0.68,-0.44,Landslide,0.6762,High
20259999,Mumbai Suburban,2.9,7.9,39.3,16.2,0.07,Konkan,20980,3,1,0.8,-2.43,Drought,0.9156,Severe
20259999,Akola,160.3,17.8,25.9,83.1,0.9,Vidarbha,320,2,0,0.65,1.47,Landslide,0.5437,High
20259999,Nandurbar,0.1,15.7,36.7,23.1,0.08,Nashik Division,277,10,0,0.72,-2.99,Drought,0.9024,Severe
20259999,Thane,171.4,175.8,23.7,90.6,0.8,Konkan,1157,5,1,0.75,3.36,Cyclone,1.0,Severe
20259999,Latur,0.0,16.3,43.3,16.9,0.14,Marathwada,343,2,0,0.75,-1.74,Heatwave,0.7584,Severe
20259999,Bhandara,158.7,76.0,23.6,95.4,0.76,Vidarbha,294,2,0,0.68,0.91,Cyclone,0.5594,High
20259999,Jalna,146.0,24.6,26.0,92.0,0.86,Marathwada,254,2,0,0.7,1.25,Landslide,0.5125,High
20259999,Mumbai City,295.2,25.6,28.0,90.6,0.78,Konkan,19652,2,1,0.85,3.31,Flood,0.9841,Severe
20259999,Akola,141.0,108.6,25.2,94.3,0.94,Vidarbha,320,2,0,0.65,0.9,Cyclone,0.6385,High
20259999,Solapur,148.2,21.4,25.8,93.1,0.96,Pune Division,290,2,0,0.7,-0.56,Landslide,0.5274,High
20259999,Osmanabad,262.6,17.3,20.8,82.2,0.96,Marathwada,219,3,0,0.75,1.47,Landslide,0.8039,Severe
20259999,Gondia,170.4,104.8,26.8,90.8,0.87,Vidarbha,253,5,0,0.7,2.42,Cyclone,0.6749,High
20259999,Sangli,217.2,105.2,25.0,91.9,0.84,Pune Division,329,5,0,0.65,2.98,Cyclone,0.7415,Severe
20259999,Gondia,158.7,34.9,24.6,96.0,0.94,Vidarbha,253,5,0,0.7,5.12,Flood,0.8803,Severe
20259999,Yavatmal,127.3,79.2,27.0,96.3,0.93,Vidarbha,204,4,0,0.72,3.28,Cyclone,0.5269,High
20259999,Nandurbar,173.8,39.9,26.1,88.1,0.86,Nashik Division,277,10,0,0.72,4.03,Flood,0.8308,Severe
20259999,Palghar,0.0,13.1,44.3,13.7,0.07,Konkan,362,8,1,0.7,-1.65,Heatwave,0.7987,Severe
20259999,Latur,0.2,7.7,39.3,23.6,0.08,Marathwada,343,2,0,0.75,-1.58,Drought,0.9155,Severe
20259999,Ahmednagar,181.3,13.8,25.4,94.5,0.89,Nashik Division,266,4,0,0.68,-0.74,Landslide,0.6209,High
20259999,Chandrapur,156.3,31.1,27.8,87.0,0.82,Vidarbha,193,3,0,0.75,6.13,Flood,0.9223,Severe
20259999,Solapur,0.0,7.3,42.4,11.0,0.1,Pune Division,290,2,0,0.7,-1.49,Heatwave,0.7302,Severe
20259999,Osmanabad,0.0,14.0,43.7,17.0,0.1,Marathwada,219,3,0,0.75,-1.42,Heatwave,0.7738,Severe
20259999,Mumbai Suburban,3.0,10.7,40.5,16.0,0.08,Konkan,20980,3,1,0.8,-1.72,Drought,0.9155,Severe
20259999,Nashik,253.8,36.3,27.2,97.8,0.83,Nashik Division,393,8,0,0.7,2.4,Flood,0.8572,Severe
20259999,Solapur,0.0,7.1,44.1,15.6,0.15,Pune Division,290,2,0,0.7,-1.63,Heatwave,0.7871,Severe
20259999,Satara,3.0,13.8,42.3,30.5,0.07,Pune Division,287,15,0,0.7,-2.78,Drought,0.9172,Severe
20259999,Sangli,2.6,8.5,36.8,26.2,0.04,Pune Division,329,5,0,0.65,-2.08,Drought,0.9051,Severe
20259999,Buldhana,0.0,11.0,48.3,19.8,0.08,Vidarbha,268,3,0,0.68,-1.34,Heatwave,0.9401,Severe
20259999,Pune,0.0,5.6,43.6,12.2,0.11,Pune Division,603,10,0,0.75,-1.26,Heatwave,0.7795,Severe
20259999,Raigad,1.9,12.5,37.3,23.7,0.06,Konkan,368,12,1,0.75,-1.57,Drought,0.9106,Severe
20259999,Nagpur,184.9,28.8,24.7,94.5,0.91,Vidarbha,470,3,0,0.7,-0.17,Landslide,0.619,High
20259999,Parbhani,247.7,18.3,27.6,90.9,0.93,Marathwada,295,2,0,0.7,4.01,Flood,0.9564,Severe
20259999,Jalgaon,189.6,21.0,25.3,90.7,0.86,Nashik Division,360,3,0,0.65,4.86,Flood,0.8975,Severe
20259999,Bhandara,174.1,11.9,21.4,80.8,0.98,Vidarbha,294,2,0,0.68,0.84,Landslide,0.5857,High
20259999,Satara,156.6,22.7,24.1,89.9,0.91,Pune Division,287,15,0,0.7,0.03,Landslide,0.7233,Severe
20259999,Buldhana,0.2,16.4,41.8,21.9,0.08,Vidarbha,268,3,0,0.68,-1.6,Drought,0.9185,Severe
20259999,Mumbai Suburban,154.5,117.6,23.7,94.3,0.81,Konkan,20980,3,1,0.8,2.77,Cyclone,0.8038,Severe
20259999,Hingoli,1.8,13.2,41.6,34.6,0.09,Marathwada,244,3,0,0.68,-1.94,Drought,0.9076,Severe
20259999,Ratnagiri,193.8,115.5,26.4,90.6,0.82,Konkan,197,18,1,0.8,0.83,Cyclone,0.8557,Severe
20259999,Satara,178.2,82.5,24.6,88.0,0.78,Pune Division,287,15,0,0.7,3.09,Cyclone,0.6123,High
20259999,Beed,131.6,76.0,24.7,94.3,0.93,Marathwada,242,2,0,0.8,0.13,Cyclone,0.5307,High
20259999,Chandrapur,1.0,5.5,39.5,15.3,0.11,Vidarbha,193,3,0,0.75,-1.8,Drought,0.9,Severe
20259999,Yavatmal,0.0,16.6,51.2,14.2,0.07,Vidarbha,204,4,0,0.72,-2.49,Heatwave,1.0,Severe
20259999,Hingoli,163.0,34.1,26.5,97.1,0.91,Marathwada,244,3,0,0.68,6.35,Flood,0.9524,Severe
20259999,Mumbai Suburban,1.1,7.2,36.1,27.4,0.06,Konkan,20980,3,1,0.8,-2.53,Drought,0.9136,Severe
20259999,Aurangabad,227.2,37.5,23.1,85.2,0.86,Marathwada,366,3,0,0.72,4.83,Flood,0.9629,Severe
20259999,Amravati,2.7,10.6,38.2,33.3,0.06,Vidarbha,237,4,0,0.68,-2.6,Drought,0.9044,Severe
20259999,Sindhudurg,0.0,8.9,45.1,16.7,0.05,Konkan,167,20,1,0.75,-1.99,Heatwave,0.8288,Severe
20259999,Akola,145.8,18.6,20.3,88.8,0.94,Vidarbha,320,2,0,0.65,0.03,Landslide,0.515,High
20259999,Nagpur,0.6,7.0,39.4,25.6,0.11,Vidarbha,470,3,0,0.7,-2.89,Drought,0.896,Severe
20259999,Osmanabad,0.0,12.9,43.1,25.7,0.07,Marathwada,219,3,0,0.75,-2.45,Heatwave,0.733,Severe
20259999,Palghar,162.1,10.4,21.5,84.6,0.91,Konkan,362,8,1,0.7,-0.57,Landslide,0.6377,High
20259999,Hingoli,0.0,12.2,42.8,27.5,0.06,Marathwada,244,3,0,0.68,-1.26,Heatwave,0.7108,High
20259999,Nanded,0.0,5.1,42.0,15.4,0.15,Marathwada,319,3,0,0.72,-1.81,Heatwave,0.7079,High
20259999,Nashik,162.7,80.6,23.6,90.5,0.81,Nashik Division,393,8,0,0.7,2.13,Cyclone,0.5827,High
20259999,Nashik,236.3,34.5,27.7,94.9,0.86,Nashik Division,393,8,0,0.7,5.24,Flood,0.9994,Severe
20259999,Ratnagiri,176.4,36.4,25.1,93.9,0.83,Konkan,197,18,1,0.8,4.49,Flood,0.8653,Severe
20259999,Mumbai City,0.0,11.1,44.7,25.1,0.1,Konkan,19652,2,1,0.85,-1.73,Heatwave,0.8065,Severe
20259999,Kolhapur,209.5,99.0,23.9,91.1,0.76,Pune Division,504,12,0,0.75,1.75,Cyclone,0.7192,High
20259999,Nagpur,195.2,18.8,22.4,90.8,0.81,Vidarbha,470,3,0,0.7,3.23,Flood,0.8089,Severe
20259999,Sangli,156.4,15.6,26.7,86.0,0.98,Pune Division,329,5,0,0.65,4.87,Flood,0.863,Severe
20259999,Latur,174.3,79.8,23.2,96.4,0.78,Marathwada,343,2,0,0.75,2.44,Cyclone,0.6024,High
20259999,Ahmednagar,257.5,21.6,23.1,92.2,0.93,Nashik Division,266,4,0,0.68,0.0,Landslide,0.7964,Severe
20259999,Sindhudurg,194.2,139.1,23.7,88.8,0.82,Konkan,167,20,1,0.75,1.49,Cyclone,0.93,Severe
20259999,Ratnagiri,181.4,136.0,24.2,88.0,0.83,Konkan,197,18,1,0.8,2.58,Cyclone,0.9054,Severe
20259999,Ahmednagar,0.0,12.6,41.3,11.3,0.12,Nashik Division,266,4,0,0.68,-1.26,Heatwave,0.6848,High
20259999,Latur,142.3,28.0,24.0,86.6,0.84,Marathwada,343,2,0,0.75,5.93,Flood,0.8913,Severe
20259999,Aurangabad,244.1,19.2,20.4,93.6,0.9,Marathwada,366,3,0,0.72,1.31,Landslide,0.7532,Severe
20259999,Mumbai City,0.0,6.0,43.3,20.4,0.07,Konkan,19652,2,1,0.85,-1.89,Heatwave,0.7614,Severe
20259999,Buldhana,145.7,20.3,26.7,95.9,0.89,Vidarbha,268,3,0,0.68,4.27,Flood,0.8004,Severe
20259999,Nashik,0.0,13.3,45.6,26.6,0.15,Nashik Division,393,8,0,0.7,-2.37,Heatwave,0.8235,Severe
20259999,Buldhana,172.6,86.4,25.5,91.8,0.87,Vidarbha,268,3,0,0.68,2.85,Cyclone,0.6149,High
20259999,Nanded,1.4,14.9,39.8,28.0,0.07,Marathwada,319,3,0,0.72,-1.51,Drought,0.9148,Severe
20259999,Osmanabad,1.0,11.8,36.8,17.6,0.09,Marathwada,219,3,0,0.75,-1.62,Drought,0.8982,Severe
20259999,Jalgaon,113.4,18.1,20.0,87.7,0.83,Nashik Division,360,3,0,0.65,1.17,Landslide,0.4452,Medium
20259999,Amravati,206.4,90.4,26.6,93.2,0.87,Vidarbha,237,4,0,0.68,3.49,Cyclone,0.6789,High
20259999,Mumbai Suburban,1.0,7.4,42.3,29.9,0.04,Konkan,20980,3,1,0.8,-1.53,Drought,0.9477,Severe
20259999,Sindhudurg,240.6,23.1,27.0,85.1,0.82,Konkan,167,20,1,0.75,4.53,Flood,0.9639,Severe
20259999,Washim,183.9,18.7,25.1,89.4,0.92,Vidarbha,244,3,0,0.65,1.38,Landslide,0.6128,High
20259999,Yavatmal,2.0,11.8,40.3,22.6,0.11,Vidarbha,204,4,0,0.72,-1.94,Drought,0.8967,Severe
20259999,Hingoli,86.3,72.3,23.8,90.3,0.83,Marathwada,244,3,0,0.68,0.75,Cyclone,0.4384,Medium
20259999,Osmanabad,168.6,20.6,24.8,96.6,0.87,Marathwada,219,3,0,0.75,3.57,Flood,0.8002,Severe
20259999,Yavatmal,203.1,16.7,21.1,84.9,0.81,Vidarbha,204,4,0,0.72,1.38,Landslide,0.666,High
20259999,Gadchiroli,2.4,10.5,42.3,24.7,0.08,Vidarbha,74,8,0,0.85,-2.26,Drought,0.9298,Severe
20259999,Nandurbar,0.0,9.4,42.7,14.1,0.09,Nashik Division,277,10,0,0.72,-2.47,Heatwave,0.7377,Severe
20259999,Yavatmal,152.8,39.4,27.2,94.3,0.96,Vidarbha,204,4,0,0.72,2.34,Flood,0.7136,High
20259999,Nanded,163.5,94.8,26.4,90.2,0.79,Marathwada,319,3,0,0.72,0.89,Cyclone,0.6332,High
20259999,Nandurbar,0.1,10.1,42.6,32.4,0.07,Nashik Division,277,10,0,0.72,-2.15,Drought,0.9306,Severe
20259999,Palghar,138.8,10.5,24.5,82.2,0.96,Konkan,362,8,1,0.7,0.61,Landslide,0.5903,High
20259999,Latur,206.1,95.1,25.9,91.5,0.87,Marathwada,343,2,0,0.75,1.09,Cyclone,0.7011,High
20259999,Ahmednagar,292.2,33.4,24.5,93.0,0.85,Nashik Division,266,4,0,0.68,1.64,Flood,0.8754,Severe
20259999,Sindhudurg,246.9,44.5,26.3,86.1,0.86,Konkan,167,20,1,0.75,4.09,Flood,0.9543,Severe
20259999,Parbhani,198.0,19.8,24.3,84.7,0.94,Marathwada,295,2,0,0.7,-0.56,Landslide,0.6375,High
20259999,Pune,219.5,23.7,22.9,90.0,0.81,Pune Division,603,10,0,0.75,1.13,Landslide,0.7899,Severe
20259999,Yavatmal,0.0,7.2,48.2,23.3,0.06,Vidarbha,204,4,0,0.72,-1.3,Heatwave,0.9332,Severe
20259999,Solapur,147.4,94.2,26.0,91.3,0.85,Pune Division,290,2,0,0.7,3.21,Cyclone,0.6051,High
20259999,Buldhana,333.2,22.9,23.4,88.9,0.87,Vidarbha,268,3,0,0.68,3.07,Flood,1.0,Severe
20259999,Beed,183.0,100.5,26.3,88.3,0.76,Marathwada,242,2,0,0.8,2.76,Cyclone,0.6895,High
20259999,Nanded,253.0,16.6,23.5,93.3,0.95,Marathwada,319,3,0,0.72,6.08,Flood,1.0,Severe
20259999,Nashik,155.3,103.3,25.1,97.1,0.91,Nashik Division,393,8,0,0.7,3.18,Cyclone,0.6473,High
20259999,Osmanabad,178.8,10.1,25.2,93.2,0.95,Marathwada,219,3,0,0.75,-0.38,Landslide,0.6143,High
20259999,Kolhapur,1.9,10.6,42.3,25.4,0.07,Pune Division,504,12,0,0.75,-2.91,Drought,0.926,Severe
20259999,Raigad,201.4,37.6,23.9,95.2,0.92,Konkan,368,12,1,0.75,4.39,Flood,0.908,Severe
20259999,Jalna,179.5,78.2,23.4,97.7,0.95,Marathwada,254,2,0,0.7,0.46,Cyclone,0.5999,High
20259999,Jalna,214.9,86.5,24.6,91.6,0.89,Marathwada,254,2,0,0.7,0.63,Cyclone,0.6807,High
20259999,Aurangabad,0.0,9.4,43.6,12.9,0.11,Marathwada,366,3,0,0.72,-1.39,Heatwave,0.7751,Severe
20259999,Solapur,0.0,5.6,45.8,22.7,0.09,Pune Division,290,2,0,0.7,-2.31,Heatwave,0.839,Severe
20259999,Kolhapur,0.0,9.7,43.0,20.5,0.06,Pune Division,504,12,0,0.75,-1.65,Heatwave,0.7396,Severe
20259999,Satara,2.5,9.4,37.2,26.0,0.11,Pune Division,287,15,0,0.7,-2.22,Drought,0.8806,Severe
20259999,Ratnagiri,1.1,12.6,36.1,21.6,0.03,Konkan,197,18,1,0.8,-2.22,Drought,0.9271,Severe
20259999,Ahmednagar,167.5,30.8,23.2,86.6,0.88,Nashik Division,266,4,0,0.68,1.9,Flood,0.6955,High
20259999,Pune,0.0,5.5,40.6,19.9,0.12,Pune Division,603,10,0,0.75,-2.46,Heatwave,0.6474,High
20259999,Palghar,150.2,32.8,26.0,85.5,0.95,Konkan,362,8,1,0.7,6.03,Flood,0.9212,Severe
20259999,Raigad,168.7,186.8,25.7,96.1,0.88,Konkan,368,12,1,0.75,1.15,Cyclone,1.0,Severe
20259999,Chandrapur,326.3,15.5,26.2,97.4,0.92,Vidarbha,193,3,0,0.75,6.47,Flood,1.0,Severe
20259999,Akola,310.2,23.5,24.7,89.1,0.83,Vidarbha,320,2,0,0.65,3.66,Flood,1.0,Severe
20259999,Latur,237.2,36.5,22.3,92.2,0.79,Marathwada,343,2,0,0.75,2.84,Flood,0.8554,Severe
20259999,Jalgaon,201.0,28.7,24.9,82.3,0.87,Nashik Division,360,3,0,0.65,0.67,Landslide,0.6462,High
20259999,Solapur,233.9,21.8,23.2,86.4,0.98,Pune Division,290,2,0,0.7,0.4,Landslide,0.7223,Severe
20259999,Nagpur,0.0,10.1,50.2,25.3,0.12,Vidarbha,470,3,0,0.7,-2.05,Heatwave,1.0,Severe
20259999,Parbhani,205.2,22.1,23.7,92.7,0.83,Marathwada,295,2,0,0.7,-0.08,Landslide,0.6427,High
20259999,Sangli,1.1,13.9,42.8,22.3,0.03,Pune Division,329,5,0,0.65,-1.65,Drought,0.9388,Severe
20259999,Sindhudurg,2.9,13.6,42.6,19.0,0.03,Konkan,167,20,1,0.75,-2.27,Drought,0.9418,Severe
20259999,Aurangabad,2.9,15.7,40.6,18.3,0.09,Marathwada,366,3,0,0.72,-1.91,Drought,0.9038,Severe
20259999,Kolhapur,103.4,107.0,24.1,88.6,0.91,Pune Division,504,12,0,0.75,2.18,Cyclone,0.5868,High
20259999,Nandurbar,157.7,16.2,23.0,90.9,0.83,Nashik Division,277,10,0,0.72,2.79,Flood,0.7282,Severe
20259999,Hingoli,182.1,90.6,23.1,91.7,0.85,Marathwada,244,3,0,0.68,0.65,Cyclone,0.6432,High
20259999,Jalgaon,341.5,33.8,26.7,96.4,0.92,Nashik Division,360,3,0,0.65,4.12,Flood,1.0,Severe
20259999,Jalgaon,316.5,29.4,25.7,86.0,0.88,Nashik Division,360,3,0,0.65,4.99,Flood,1.0,Severe
20259999,Jalgaon,219.1,26.5,24.1,88.0,0.84,Nashik Division,360,3,0,0.65,0.86,Landslide,0.684,High
20259999,Jalna,153.1,26.0,24.2,94.1,0.83,Marathwada,254,2,0,0.7,0.62,Landslide,0.5255,High
20259999,Nashik,157.4,27.2,21.2,82.4,0.84,Nashik Division,393,8,0,0.7,0.56,Landslide,0.6202,High
20259999,Bhandara,119.4,81.9,26.6,97.7,0.76,Vidarbha,294,2,0,0.68,1.65,Cyclone,0.5201,High
20259999,Hingoli,206.8,24.5,25.2,93.6,0.92,Marathwada,244,3,0,0.68,2.18,Flood,0.7807,Severe
20259999,Ratnagiri,223.3,41.8,27.2,90.7,0.86,Konkan,197,18,1,0.8,6.16,Flood,1.0,Severe
20259999,Sangli,217.9,17.9,27.9,91.7,0.91,Pune Division,329,5,0,0.65,4.85,Flood,0.9497,Severe
20259999,Palghar,0.0,15.6,44.4,15.1,0.08,Konkan,362,8,1,0.7,-1.89,Heatwave,0.7998,Severe
20259999,Ratnagiri,192.9,40.6,26.8,93.6,0.84,Konkan,197,18,1,0.8,4.08,Flood,0.8693,Severe
20259999,Solapur,311.5,38.5,22.1,88.1,0.89,Pune Division,290,2,0,0.7,5.09,Flood,1.0,Severe
20259999,Gondia,133.2,95.6,23.7,95.6,0.79,Vidarbha,253,5,0,0.7,2.43,Cyclone,0.5885,High
20259999,Akola,330.3,30.8,22.8,92.4,0.8,Vidarbha,320,2,0,0.65,2.52,Flood,0.9771,Severe
20259999,Amravati,139.4,29.1,27.6,94.4,0.8,Vidarbha,237,4,0,0.68,2.62,Flood,0.6805,High
20259999,Kolhapur,101.9,21.6,25.8,83.6,0.85,Pune Division,504,12,0,0.75,-1.0,Landslide,0.5573,High
20259999,Parbhani,309.2,40.1,26.4,89.6,0.94,Marathwada,295,2,0,0.7,4.2,Flood,1.0,Severe
20259999,Mumbai City,337.3,33.6,26.4,93.8,0.91,Konkan,19652,2,1,0.85,1.59,Flood,0.9706,Severe
20259999,Bhandara,2.9,6.2,40.8,34.2,0.05,Vidarbha,294,2,0,0.68,-1.71,Drought,0.9186,Severe
20259999,Beed,150.0,95.8,25.5,89.4,0.76,Marathwada,242,2,0,0.8,0.48,Cyclone,0.6243,High
20259999,Bhandara,145.6,22.3,22.7,80.6,0.81,Vidarbha,294,2,0,0.68,-0.77,Landslide,0.5046,High
20259999,Nagpur,0.0,5.1,47.4,16.5,0.11,Vidarbha,470,3,0,0.7,-1.56,Heatwave,0.9137,Severe
20259999,Chandrapur,118.6,91.7,23.9,93.3,0.78,Vidarbha,193,3,0,0.75,2.8,Cyclone,0.5586,High
20259999,Latur,125.1,98.2,24.3,93.6,0.92,Marathwada,343,2,0,0.75,1.35,Cyclone,0.59,High
20259999,Chandrapur,167.7,43.2,26.2,85.7,0.84,Vidarbha,193,3,0,0.75,1.75,Flood,0.6881,High
20259999,Wardha,120.2,18.8,25.6,82.2,0.85,Vidarbha,206,2,0,0.65,-0.24,Landslide,0.4484,Medium
20259999,Hingoli,182.0,29.9,23.7,91.8,0.86,Marathwada,244,3,0,0.68,1.08,Landslide,0.6055,High
20259999,Jalgaon,0.0,15.5,41.8,19.9,0.12,Nashik Division,360,3,0,0.65,-1.73,Heatwave,0.6841,High
20259999,Chandrapur,155.1,20.2,25.4,89.6,0.93,Vidarbha,193,3,0,0.75,4.23,Flood,0.8261,Severe
20259999,Kolhapur,341.5,26.7,24.4,93.7,0.94,Pune Division,504,12,0,0.75,4.63,Flood,1.0,Severe
20259999,Jalna,147.1,84.9,23.8,94.8,0.79,Marathwada,254,2,0,0.7,0.0,Cyclone,0.5736,High
20259999,Bhandara,155.1,13.9,21.6,85.0,0.89,Vidarbha,294,2,0,0.68,-0.83,Landslide,0.534,High
20259999,Yavatmal,0.4,10.3,36.7,25.7,0.04,Vidarbha,204,4,0,0.72,-1.81,Drought,0.9194,Severe
20259999,Nashik,0.0,7.4,43.3,21.4,0.16,Nashik Division,393,8,0,0.7,-2.01,Heatwave,0.7444,Severe
20259999,Hingoli,290.3,40.0,26.5,86.9,0.9,Marathwada,244,3,0,0.68,1.9,Flood,0.895,Severe
20259999,Thane,200.7,107.2,25.5,91.5,0.76,Konkan,1157,5,1,0.75,1.88,Cyclone,0.8334,Severe
20259999,Chandrapur,158.7,76.8,23.3,97.5,0.87,Vidarbha,193,3,0,0.75,3.16,Cyclone,0.5691,High
20259999,Amravati,2.2,14.9,41.4,28.3,0.05,Vidarbha,237,4,0,0.68,-2.39,Drought,0.9234,Severe
20259999,Kolhapur,178.2,19.6,23.2,90.2,0.93,Pune Division,504,12,0,0.75,2.77,Flood,0.7779,Severe
20259999,Thane,342.1,20.4,25.6,90.5,0.85,Konkan,1157,5,1,0.75,4.33,Flood,1.0,Severe
20259999,Thane,343.0,39.3,26.5,94.9,0.86,Konkan,1157,5,1,0.75,5.26,Flood,1.0,Severe
20259999,Sangli,104.8,105.9,24.2,93.5,0.81,Pune Division,329,5,0,0.65,1.48,Cyclone,0.5752,High
20259999,Dhule,251.7,21.7,22.2,81.2,0.87,Nashik Division,285,4,0,0.62,-0.54,Landslide,0.7713,Severe
20259999,Sindhudurg,2.1,14.7,39.1,17.2,0.05,Konkan,167,20,1,0.75,-2.61,Drought,0.9216,Severe
20259999,Parbhani,178.0,19.9,25.9,84.5,0.91,Marathwada,295,2,0,0.7,-0.4,Landslide,0.5895,High
20259999,Aurangabad,0.0,13.4,43.7,25.8,0.14,Marathwada,366,3,0,0.72,-1.72,Heatwave,0.7532,Severe
20259999,Nashik,219.7,31.4,22.4,86.2,0.95,Nashik Division,393,8,0,0.7,1.8,Flood,0.7857,Severe
20259999,Buldhana,119.5,70.0,25.3,94.0,0.91,Vidarbha,268,3,0,0.68,1.77,Cyclone,0.4806,Medium
20259999,Mumbai City,254.5,19.4,26.2,86.9,0.78,Konkan,19652,2,1,0.85,4.62,Flood,0.9954,Severe
20259999,Raigad,192.6,155.5,25.2,90.7,0.91,Konkan,368,12,1,0.75,0.94,Cyclone,0.9822,Severe
20259999,Kolhapur,0.0,14.2,41.0,26.3,0.07,Pune Division,504,12,0,0.75,-1.21,Heatwave,0.6502,High
20259999,Mumbai City,136.0,10.3,24.4,90.4,0.94,Konkan,19652,2,1,0.85,-0.36,Landslide,0.513,High
20259999,Solapur,2.0,10.7,40.9,27.7,0.04,Pune Division,290,2,0,0.7,-1.83,Drought,0.9286,Severe
20259999,Yavatmal,101.7,96.2,24.1,91.9,0.81,Vidarbha,204,4,0,0.72,0.8,Cyclone,0.5452,High
20259999,Amravati,214.9,21.3,21.4,93.8,0.83,Vidarbha,237,4,0,0.68,0.99,Landslide,0.6905,High
20259999,Gondia,84.2,76.5,25.9,90.5,0.82,Vidarbha,253,5,0,0.7,2.88,Cyclone,0.4513,Medium
20259999,Palghar,130.3,196.0,24.9,97.7,0.8,Konkan,362,8,1,0.7,2.52,Cyclone,1.0,Severe
20259999,Nanded,235.2,25.5,26.6,93.1,0.88,Marathwada,319,3,0,0.72,5.4,Flood,1.0,Severe
20259999,Jalna,0.0,16.3,45.2,25.8,0.14,Marathwada,254,2,0,0.7,-1.97,Heatwave,0.8095,Severe
20259999,Nanded,207.3,34.2,23.0,97.7,0.92,Marathwada,319,3,0,0.72,5.27,Flood,0.9658,Severe
20259999,Washim,239.5,23.4,21.8,87.3,0.82,Vidarbha,244,3,0,0.65,0.18,Landslide,0.7279,Severe
20259999,Pune,1.1,10.0,39.9,17.8,0.06,Pune Division,603,10,0,0.75,-2.33,Drought,0.9238,Severe
20259999,Amravati,0.0,18.8,44.6,15.3,0.16,Vidarbha,237,4,0,0.68,-2.02,Heatwave,0.8052,Severe
20259999,Ahmednagar,218.6,71.1,24.1,97.2,0.95,Nashik Division,266,4,0,0.68,2.1,Cyclone,0.6329,High
20259999,Wardha,145.8,26.1,24.5,91.2,0.97,Vidarbha,206,2,0,0.65,0.22,Landslide,0.5181,High
20259999,Nandurbar,147.4,89.2,24.3,95.8,0.89,Nashik Division,277,10,0,0.72,1.58,Cyclone,0.5904,High
20259999,Akola,0.0,11.9,38.9,30.9,0.07,Vidarbha,320,2,0,0.65,-1.59,Drought,0.9091,Severe
20259999,Osmanabad,0.2,10.0,37.0,19.6,0.08,Marathwada,219,3,0,0.75,-2.9,Drought,0.9063,Severe
20259999,Parbhani,209.7,18.4,20.1,94.8,0.87,Marathwada,295,2,0,0.7,0.95,Landslide,0.6568,High
20259999,Kolhapur,1.6,6.8,37.4,21.2,0.08,Pune Division,504,12,0,0.75,-2.5,Drought,0.903,Severe
20259999,Thane,321.0,30.0,24.0,98.0,0.85,Konkan,1157,5,1,0.75,3.64,Flood,1.0,Severe
20259999,Akola,140.4,26.6,22.5,86.8,0.78,Vidarbha,320,2,0,0.65,1.55,Flood,0.6137,High
20259999,Jalgaon,259.1,29.4,27.6,88.1,0.83,Nashik Division,360,3,0,0.65,6.1,Flood,1.0,Severe
20259999,Sindhudurg,177.2,155.7,23.7,96.5,0.78,Konkan,167,20,1,0.75,1.4,Cyclone,0.9598,Severe
20259999,Dhule,1.6,13.7,42.6,29.8,0.07,Nashik Division,285,4,0,0.62,-1.6,Drought,0.9153,Severe
20259999,Ahmednagar,0.0,15.5,40.3,16.0,0.13,Nashik Division,266,4,0,0.68,-1.47,Heatwave,0.6366,High
20259999,Jalgaon,288.2,43.7,27.4,95.3,0.92,Nashik Division,360,3,0,0.65,2.68,Flood,0.9371,Severe
20259999,Nandurbar,268.0,27.2,25.0,94.0,0.97,Nashik Division,277,10,0,0.72,2.98,Flood,0.9368,Severe
20259999,Raigad,0.0,16.7,43.4,27.9,0.1,Konkan,368,12,1,0.75,-1.57,Heatwave,0.7403,Severe
20259999,Nandurbar,1.5,16.1,39.8,23.2,0.04,Nashik Division,277,10,0,0.72,-2.41,Drought,0.928,Severe
20259999,Nashik,187.9,70.5,23.2,96.3,0.86,Nashik Division,393,8,0,0.7,1.85,Cyclone,0.5868,High
20259999,Dhule,317.7,43.3,25.3,87.0,0.96,Nashik Division,285,4,0,0.62,1.7,Flood,0.9302,Severe
20259999,Thane,299.6,42.8,27.9,92.6,0.8,Konkan,1157,5,1,0.75,3.8,Flood,1.0,Severe
20259999,Solapur,88.0,71.1,23.3,95.3,0.85,Pune Division,290,2,0,0.7,1.29,Cyclone,0.439,Medium
20259999,Dhule,2.2,13.0,42.1,18.3,0.1,Nashik Division,285,4,0,0.62,-1.58,Drought,0.8977,Severe
20259999,Nashik,302.8,21.9,23.0,95.2,0.92,Nashik Division,393,8,0,0.7,2.41,Flood,0.9497,Severe
20259999,Dhule,2.5,15.1,38.3,28.2,0.04,Nashik Division,285,4,0,0.62,-2.24,Drought,0.9084,Severe
20259999,Solapur,137.2,29.3,24.5,90.8,0.79,Pune Division,290,2,0,0.7,3.31,Flood,0.7178,High
20259999,Osmanabad,0.1,12.9,41.8,19.7,0.05,Marathwada,219,3,0,0.75,-2.09,Drought,0.9393,Severe
20259999,Aurangabad,1.8,17.3,42.9,24.7,0.07,Marathwada,366,3,0,0.72,-2.03,Drought,0.9258,Severe
20259999,Chandrapur,0.0,11.7,44.5,18.3,0.12,Vidarbha,193,3,0,0.75,-2.07,Heatwave,0.8023,Severe
20259999,Beed,92.7,88.1,23.2,96.6,0.79,Marathwada,242,2,0,0.8,2.01,Cyclone,0.5127,High
20259999,Ahmednagar,1.1,6.9,36.3,32.5,0.03,Nashik Division,266,4,0,0.68,-2.91,Drought,0.9158,Severe
20259999,Wardha,0.8,14.4,37.0,19.7,0.08,Vidarbha,206,2,0,0.65,-1.52,Drought,0.8942,Severe
20259999,Palghar,0.0,5.6,41.2,26.3,0.06,Konkan,362,8,1,0.7,-1.39,Heatwave,0.653,High
20259999,Aurangabad,149.2,30.2,25.2,91.7,0.89,Marathwada,366,3,0,0.72,1.59,Flood,0.6536,High
20259999,Gadchiroli,0.3,12.4,40.0,28.6,0.04,Vidarbha,74,8,0,0.85,-2.06,Drought,0.946,Severe
20259999,Gondia,191.3,25.5,24.2,81.8,0.91,Vidarbha,253,5,0,0.7,1.42,Landslide,0.6614,High
20259999,Bhandara,0.8,8.7,42.3,22.2,0.04,Vidarbha,294,2,0,0.68,-2.1,Drought,0.9364,Severe
20259999,Latur,0.0,12.7,40.9,17.2,0.15,Marathwada,343,2,0,0.75,-2.06,Heatwave,0.6645,High
20259999,Thane,2.6,6.3,37.0,29.7,0.1,Konkan,1157,5,1,0.75,-2.2,Drought,0.8889,Severe
20259999,Ahmednagar,0.0,10.3,42.1,15.9,0.08,Nashik Division,266,4,0,0.68,-1.71,Heatwave,0.7068,High
20259999,Bhandara,302.3,28.1,22.8,89.4,0.88,Vidarbha,294,2,0,0.68,5.76,Flood,1.0,Severe
20259999,Akola,0.5,7.1,38.9,16.5,0.09,Vidarbha,320,2,0,0.65,-2.4,Drought,0.8984,Severe
20259999,Beed,0.0,15.2,42.7,16.0,0.08,Marathwada,242,2,0,0.8,-1.97,Heatwave,0.7419,Severe
20259999,Bhandara,198.3,96.7,24.4,88.5,0.95,Vidarbha,294,2,0,0.68,0.92,Cyclone,0.6878,High
20259999,Raigad,0.9,8.9,39.4,23.1,0.06,Konkan,368,12,1,0.75,-2.06,Drought,0.9224,Severe
20259999,Dhule,0.0,14.6,44.9,16.3,0.12,Nashik Division,285,4,0,0.62,-2.28,Heatwave,0.8088,Severe
20259999,Jalna,0.0,16.5,42.4,24.7,0.13,Marathwada,254,2,0,0.7,-1.42,Heatwave,0.7028,High
20259999,Buldhana,216.1,77.4,25.9,96.3,0.75,Vidarbha,268,3,0,0.68,1.24,Cyclone,0.6502,High
20259999,Nashik,137.9,32.0,24.6,85.2,0.83,Nashik Division,393,8,0,0.7,2.92,Flood,0.7021,High
20259999,Parbhani,183.9,41.9,24.8,90.1,0.92,Marathwada,295,2,0,0.7,6.05,Flood,0.9718,Severe
20259999,Osmanabad,180.7,22.2,21.9,91.6,0.97,Marathwada,219,3,0,0.75,1.36,Landslide,0.6206,High
20259999,Ratnagiri,144.2,214.5,23.8,95.1,0.81,Konkan,197,18,1,0.8,0.94,Cyclone,1.0,Severe
20259999,Solapur,134.8,23.1,25.6,86.6,0.87,Pune Division,290,2,0,0.7,4.64,Flood,0.8035,Severe
20259999,Palghar,172.9,39.5,23.4,93.8,0.87,Konkan,362,8,1,0.7,2.07,Flood,0.7146,High
20259999,Akola,139.2,13.5,22.1,89.8,0.84,Vidarbha,320,2,0,0.65,-0.54,Landslide,0.4902,Medium
20259999,Nashik,140.3,106.8,23.8,93.6,0.79,Nashik Division,393,8,0,0.7,0.72,Cyclone,0.6364,High
20259999,Solapur,160.2,85.6,27.0,96.6,0.75,Pune Division,290,2,0,0.7,0.18,Cyclone,0.5956,High
20259999,Amravati,0.0,14.4,50.9,21.3,0.08,Vidarbha,237,4,0,0.68,-1.89,Heatwave,1.0,Severe
20259999,Sindhudurg,113.2,210.0,25.2,89.6,0.85,Konkan,167,20,1,0.75,0.32,Cyclone,1.0,Severe
20259999,Beed,101.3,81.7,26.2,88.6,0.77,Marathwada,242,2,0,0.8,1.04,Cyclone,0.5043,High
20259999,Buldhana,86.3,86.3,26.8,97.5,0.81,Vidarbha,268,3,0,0.68,2.56,Cyclone,0.4851,Medium
20259999,Buldhana,82.9,88.3,23.6,95.8,0.9,Vidarbha,268,3,0,0.68,2.76,Cyclone,0.4867,Medium
20259999,Dhule,0.0,9.8,43.2,24.1,0.13,Nashik Division,285,4,0,0.62,-2.04,Heatwave,0.7271,Severe
20259999,Bhandara,175.2,75.9,23.4,96.7,0.85,Vidarbha,294,2,0,0.68,1.35,Cyclone,0.5838,High
20259999,Chandrapur,115.9,16.7,22.4,93.6,0.97,Vidarbha,193,3,0,0.75,-0.7,Landslide,0.4748,Medium
20259999,Raigad,2.8,8.8,37.7,15.7,0.05,Konkan,368,12,1,0.75,-1.96,Drought,0.9135,Severe
20259999,Bhandara,148.5,27.6,20.3,94.1,0.9,Vidarbha,294,2,0,0.68,0.65,Landslide,0.5201,High
20259999,Jalna,299.9,20.0,22.3,90.1,0.95,Marathwada,254,2,0,0.7,5.27,Flood,1.0,Severe
20259999,Nagpur,197.7,75.2,26.1,94.6,0.84,Vidarbha,470,3,0,0.7,3.38,Cyclone,0.6172,High
20259999,Raigad,216.0,17.4,23.7,88.6,0.87,Konkan,368,12,1,0.75,-0.23,Landslide,0.816,Severe
20259999,Beed,348.0,19.0,27.8,92.8,0.94,Marathwada,242,2,0,0.8,4.75,Flood,1.0,Severe
20259999,Palghar,281.8,24.6,27.5,86.5,0.84,Konkan,362,8,1,0.7,1.66,Flood,0.8604,Severe
20259999,Sindhudurg,0.0,11.5,42.2,19.7,0.14,Konkan,167,20,1,0.75,-1.4,Heatwave,0.71,High
20259999,Nagpur,0.0,11.4,44.3,10.9,0.12,Vidarbha,470,3,0,0.7,-2.42,Heatwave,0.8043,Severe
20259999,Buldhana,1.4,7.0,40.8,30.0,0.04,Vidarbha,268,3,0,0.68,-2.93,Drought,0.9283,Severe
20259999,Latur,230.3,13.7,24.4,87.2,0.88,Marathwada,343,2,0,0.75,1.13,Landslide,0.7092,High
20259999,Akola,170.9,22.0,22.2,90.6,0.93,Vidarbha,320,2,0,0.65,0.74,Landslide,0.5705,High
20259999,Osmanabad,2.2,14.0,41.8,27.9,0.06,Marathwada,219,3,0,0.75,-2.29,Drought,0.9275,Severe
20259999,Beed,182.6,25.3,27.6,92.5,0.82,Marathwada,242,2,0,0.8,4.82,Flood,0.893,Severe
20259999,Thane,2.2,7.7,42.1,25.5,0.1,Konkan,1157,5,1,0.75,-2.51,Drought,0.9107,Severe
20259999,Osmanabad,117.3,15.0,21.6,94.7,0.92,Marathwada,219,3,0,0.75,1.33,Landslide,0.4729,Medium
20259999,Hingoli,174.6,93.1,25.5,94.7,0.8,Marathwada,244,3,0,0.68,1.43,Cyclone,0.6402,High
20259999,Parbhani,0.0,12.4,43.3,13.6,0.14,Marathwada,295,2,0,0.7,-2.03,Heatwave,0.76,Severe
20259999,Jalna,2.5,13.8,41.9,17.8,0.03,Marathwada,254,2,0,0.7,-1.6,Drought,0.9353,Severe
20259999,Hingoli,94.9,89.2,26.4,95.5,0.76,Marathwada,244,3,0,0.68,0.73,Cyclone,0.5077,High
20259999,Pune,2.1,6.8,37.7,18.9,0.05,Pune Division,603,10,0,0.75,-1.62,Drought,0.916,Severe
20259999,Solapur,2.2,15.3,38.5,30.3,0.11,Pune Division,290,2,0,0.7,-1.95,Drought,0.8868,Severe
20259999,Parbhani,256.4,11.3,25.1,89.1,0.87,Marathwada,295,2,0,0.7,-0.86,Landslide,0.7619,Severe
20259999,Nandurbar,195.5,29.0,26.1,96.9,0.95,Nashik Division,277,10,0,0.72,3.75,Flood,0.8627,Severe
20259999,Thane,175.1,26.2,22.7,97.6,0.89,Konkan,1157,5,1,0.75,2.14,Flood,0.7302,Severe
20259999,Nashik,0.0,13.2,43.2,10.6,0.15,Nashik Division,393,8,0,0.7,-2.14,Heatwave,0.7621,Severe
20259999,Gondia,136.1,24.2,23.2,93.5,0.95,Vidarbha,253,5,0,0.7,-0.19,Landslide,0.5412,High
20259999,Mumbai City,134.8,10.6,25.1,82.1,0.96,Konkan,19652,2,1,0.85,1.28,Landslide,0.5123,High
20259999,Mumbai Suburban,0.0,17.1,42.2,25.4,0.14,Konkan,20980,3,1,0.8,-2.4,Heatwave,0.7036,High
20259999,Hingoli,120.2,44.4,24.4,91.7,0.82,Marathwada,244,3,0,0.68,4.55,Flood,0.7654,Severe
20259999,Raigad,190.3,166.2,25.9,90.4,0.84,Konkan,368,12,1,0.75,0.52,Cyclone,1.0,Severe
20259999,Chandrapur,161.5,16.2,24.4,84.6,0.81,Vidarbha,193,3,0,0.75,-0.07,Landslide,0.5614,High
20259999,Latur,0.0,14.4,44.0,23.2,0.15,Marathwada,343,2,0,0.75,-1.94,Heatwave,0.773,Severe
20259999,Gadchiroli,1.3,14.3,36.1,21.3,0.09,Vidarbha,74,8,0,0.85,-1.99,Drought,0.9044,Severe
20259999,Gondia,2.4,15.2,40.8,23.8,0.11,Vidarbha,253,5,0,0.7,-2.15,Drought,0.8953,Severe
20259999,Palghar,152.7,23.9,25.5,82.7,0.81,Konkan,362,8,1,0.7,1.2,Landslide,0.6066,High
20259999,Ratnagiri,132.8,125.9,25.6,91.3,0.93,Konkan,197,18,1,0.8,0.38,Cyclone,0.7989,Severe
20259999,Mumbai City,120.3,11.3,24.5,82.5,0.96,Konkan,19652,2,1,0.85,-0.08,Landslide,0.4797,Medium
20259999,Gadchiroli,113.6,79.0,25.3,93.6,0.9,Vidarbha,74,8,0,0.85,2.65,Cyclone,0.5187,High
20259999,Jalna,167.2,105.6,27.0,96.2,0.76,Marathwada,254,2,0,0.7,1.12,Cyclone,0.6728,High
20259999,Gondia,0.0,7.9,46.3,13.9,0.11,Vidarbha,253,5,0,0.7,-1.63,Heatwave,0.8761,Severe
20259999,Aurangabad,158.4,15.6,23.4,85.3,0.85,Marathwada,366,3,0,0.72,2.23,Flood,0.6997,High
20259999,Bhandara,141.5,27.0,23.3,93.8,0.85,Vidarbha,294,2,0,0.68,2.24,Flood,0.6692,High
20259999,Bhandara,0.7,15.3,42.9,15.5,0.09,Vidarbha,294,2,0,0.68,-2.6,Drought,0.9166,Severe
20259999,Amravati,0.0,7.5,44.3,15.7,0.12,Vidarbha,237,4,0,0.68,-2.03,Heatwave,0.7927,Severe
20259999,Sindhudurg,0.3,8.8,40.6,17.0,0.07,Konkan,167,20,1,0.75,-2.82,Drought,0.9248,Severe
20259999,Chandrapur,131.0,11.3,24.0,87.0,0.95,Vidarbha,193,3,0,0.75,-0.75,Landslide,0.5068,High
20259999,Nagpur,0.0,11.4,49.5,20.1,0.16,Vidarbha,470,3,0,0.7,-1.95,Heatwave,0.9881,Severe
20259999,Gadchiroli,1.4,8.1,39.9,17.5,0.11,Vidarbha,74,8,0,0.85,-1.71,Drought,0.9102,Severe
20259999,Mumbai Suburban,0.5,11.7,41.4,19.4,0.03,Konkan,20980,3,1,0.8,-2.18,Drought,0.9504,Severe
20259999,Buldhana,144.0,24.8,25.7,82.1,0.89,Vidarbha,268,3,0,0.68,-0.86,Landslide,0.523,High
20259999,Mumbai Suburban,247.0,16.4,27.8,95.8,0.81,Konkan,20980,3,1,0.8,6.11,Flood,1.0,Severe
20259999,Hingoli,205.5,28.8,27.0,93.6,0.79,Marathwada,244,3,0,0.68,6.29,Flood,0.9989,Severe
20259999,Wardha,199.3,26.2,23.2,85.3,0.84,Vidarbha,206,2,0,0.65,-0.79,Landslide,0.6254,High
20259999,Mumbai Suburban,152.1,205.5,26.0,91.0,0.84,Konkan,20980,3,1,0.8,1.14,Cyclone,1.0,Severe
20259999,Pune,0.0,19.0,44.8,11.0,0.16,Pune Division,603,10,0,0.75,-1.6,Heatwave,0.8286,Severe
20259999,Nagpur,0.7,14.0,41.5,19.8,0.05,Vidarbha,470,3,0,0.7,-2.54,Drought,0.931,Severe
20259999,Ratnagiri,0.0,6.3,41.9,21.8,0.09,Konkan,197,18,1,0.8,-1.79,Heatwave,0.6992,High
20259999,Nandurbar,279.9,16.0,25.9,83.0,0.82,Nashik Division,277,10,0,0.72,0.88,Landslide,0.9238,Severe
20259999,Latur,296.5,30.2,27.1,94.8,0.94,Marathwada,343,2,0,0.75,6.28,Flood,1.0,Severe
20259999,Buldhana,181.6,41.7,26.6,97.0,0.79,Vidarbha,268,3,0,0.68,4.64,Flood,0.8644,Severe
20259999,Thane,1.5,7.0,36.9,15.2,0.08,Konkan,1157,5,1,0.75,-2.46,Drought,0.9014,Severe
20259999,Satara,1.0,7.2,42.6,21.4,0.06,Pune Division,287,15,0,0.7,-1.74,Drought,0.9299,Severe
20259999,Latur,283.3,34.1,27.7,87.7,0.98,Marathwada,343,2,0,0.75,5.65,Flood,1.0,Severe
20259999,Nagpur,272.3,34.5,22.4,87.8,0.97,Vidarbha,470,3,0,0.7,4.17,Flood,1.0,Severe
20259999,Nagpur,0.0,5.2,49.6,23.2,0.07,Vidarbha,470,3,0,0.7,-1.26,Heatwave,0.9858,Severe
20259999,Bhandara,0.0,5.6,45.3,15.6,0.13,Vidarbha,294,2,0,0.68,-1.76,Heatwave,0.8318,Severe
20259999,Ratnagiri,0.0,13.6,45.9,20.6,0.06,Konkan,197,18,1,0.8,-2.43,Heatwave,0.8571,Severe
20259999,Buldhana,2.5,9.5,40.3,24.8,0.11,Vidarbha,268,3,0,0.68,-1.58,Drought,0.891,Severe
20259999,Palghar,0.0,18.0,45.5,13.9,0.14,Konkan,362,8,1,0.7,-1.58,Heatwave,0.845,Severe
20259999,Nandurbar,163.6,73.4,25.7,90.2,0.83,Nashik Division,277,10,0,0.72,2.09,Cyclone,0.5621,High
20259999,Nagpur,0.0,10.6,44.2,26.9,0.13,Vidarbha,470,3,0,0.7,-2.5,Heatwave,0.7684,Severe
20259999,Dhule,259.6,28.6,26.7,90.5,0.81,Nashik Division,285,4,0,0.62,6.38,Flood,1.0,Severe
20259999,Sangli,191.0,16.3,25.4,80.5,0.81,Pune Division,329,5,0,0.65,0.5,Landslide,0.6458,High
20259999,Ratnagiri,0.6,7.9,40.6,24.4,0.07,Konkan,197,18,1,0.8,-2.81,Drought,0.9288,Severe
20259999,Bhandara,0.4,9.9,41.7,26.4,0.04,Vidarbha,294,2,0,0.68,-2.44,Drought,0.9354,Severe
20259999,Satara,239.0,40.3,24.6,90.6,0.96,Pune Division,287,15,0,0.7,4.38,Flood,0.9686,Severe
20259999,Sangli,209.4,21.5,22.4,94.9,0.96,Pune Division,329,5,0,0.65,0.87,Landslide,0.7021,High
20259999,Thane,122.0,195.4,23.5,89.1,0.89,Konkan,1157,5,1,0.75,3.49,Cyclone,1.0,Severe
20259999,Aurangabad,0.8,7.6,39.7,16.3,0.06,Marathwada,366,3,0,0.72,-2.0,Drought,0.921,Severe
20259999,Bhandara,247.1,24.9,25.2,83.2,0.87,Vidarbha,294,2,0,0.68,1.45,Landslide,0.739,Severe
20259999,Gondia,214.5,31.4,24.8,96.7,0.96,Vidarbha,253,5,0,0.7,5.61,Flood,1.0,Severe
20259999,Sangli,135.3,98.7,23.9,91.4,0.76,Pune Division,329,5,0,0.65,1.16,Cyclone,0.597,High
20259999,Yavatmal,272.0,16.3,25.4,83.4,0.83,Vidarbha,204,4,0,0.72,0.3,Landslide,0.823,Severe
20259999,Ahmednagar,345.4,19.3,24.4,97.1,0.82,Nashik Division,266,4,0,0.68,5.72,Flood,1.0,Severe
20259999,Dhule,152.7,24.6,24.7,94.4,0.89,Nashik Division,285,4,0,0.62,0.54,Landslide,0.5506,High
20259999,Washim,0.0,15.2,47.2,17.9,0.14,Vidarbha,244,3,0,0.65,-2.43,Heatwave,0.8981,Severe
20259999,Thane,288.1,17.7,24.1,96.8,0.89,Konkan,1157,5,1,0.75,2.83,Flood,0.9512,Severe
20259999,Gadchiroli,268.2,25.6,23.9,81.8,0.87,Vidarbha,74,8,0,0.85,-0.65,Landslide,0.8874,Severe
20259999,Wardha,1.1,10.2,42.2,25.5,0.1,Vidarbha,206,2,0,0.65,-2.06,Drought,0.905,Severe
20259999,Nanded,0.0,15.5,44.2,18.3,0.06,Marathwada,319,3,0,0.72,-2.09,Heatwave,0.7876,Severe
20259999,Washim,146.2,39.9,26.6,87.4,0.92,Vidarbha,244,3,0,0.65,4.84,Flood,0.8359,Severe
20259999,Bhandara,134.0,13.2,21.4,85.5,0.94,Vidarbha,294,2,0,0.68,0.84,Landslide,0.4915,Medium
20259999,Solapur,169.6,38.5,23.7,86.9,0.85,Pune Division,290,2,0,0.7,4.42,Flood,0.8434,Severe
20259999,Palghar,194.8,34.0,27.0,87.2,0.97,Konkan,362,8,1,0.7,4.15,Flood,0.8859,Severe
20259999,Sangli,118.8,96.8,24.0,92.6,0.9,Pune Division,329,5,0,0.65,0.33,Cyclone,0.5659,High
20259999,Nanded,167.4,94.3,24.8,92.9,0.94,Marathwada,319,3,0,0.72,2.56,Cyclone,0.6374,High
20259999,Amravati,122.5,106.6,26.0,95.1,0.81,Vidarbha,237,4,0,0.68,1.93,Cyclone,0.6071,High
20259999,Thane,0.0,12.2,45.0,25.0,0.14,Konkan,1157,5,1,0.75,-1.46,Heatwave,0.8083,Severe
20259999,Aurangabad,0.0,18.7,40.2,16.6,0.07,Marathwada,366,3,0,0.72,-1.44,Heatwave,0.6355,High
20259999,Gadchiroli,2.9,15.1,41.5,27.5,0.1,Vidarbha,74,8,0,0.85,-1.86,Drought,0.9158,Severe
20259999,Jalgaon,273.0,13.8,25.7,86.0,0.9,Nashik Division,360,3,0,0.65,-0.69,Landslide,0.8112,Severe
20259999,Kolhapur,157.6,38.3,27.2,96.6,0.84,Pune Division,504,12,0,0.75,4.8,Flood,0.8498,Severe
20259999,Nandurbar,191.0,29.3,25.7,90.3,0.94,Nashik Division,277,10,0,0.72,-0.56,Landslide,0.7357,Severe
20259999,Chandrapur,211.2,11.8,20.7,81.6,0.93,Vidarbha,193,3,0,0.75,-0.65,Landslide,0.6852,High
20259999,Mumbai City,227.2,23.7,23.1,87.0,0.87,Konkan,19652,2,1,0.85,1.15,Landslide,0.7112,High
20259999,Sindhudurg,233.8,17.2,25.1,84.9,0.93,Konkan,167,20,1,0.75,-0.89,Landslide,0.974,Severe
20259999,Sangli,0.0,17.3,45.8,18.3,0.14,Pune Division,329,5,0,0.65,-1.59,Heatwave,0.8428,Severe
20259999,Hingoli,0.2,14.3,39.7,15.3,0.05,Marathwada,244,3,0,0.68,-1.62,Drought,0.9236,Severe
20259999,Pune,2.4,5.1,38.0,15.6,0.04,Pune Division,603,10,0,0.75,-2.67,Drought,0.9206,Severe
20259999,Chandrapur,314.9,40.9,25.7,97.1,0.88,Vidarbha,193,3,0,0.75,5.95,Flood,1.0,Severe
20259999,Dhule,1.2,11.5,38.3,28.3,0.11,Nashik Division,285,4,0,0.62,-2.96,Drought,0.8815,Severe
20259999,Jalna,180.8,23.6,22.8,81.8,0.81,Marathwada,254,2,0,0.7,1.38,Landslide,0.5858,High
20259999,Yavatmal,170.0,21.7,23.7,92.6,0.91,Vidarbha,204,4,0,0.72,1.59,Flood,0.6899,High
20259999,Nashik,192.5,23.0,27.7,87.4,0.92,Nashik Division,393,8,0,0.7,1.71,Flood,0.7324,Severe
20259999,Nandurbar,160.9,25.9,24.7,94.3,0.97,Nashik Division,277,10,0,0.72,-0.8,Landslide,0.671,High
20259999,Wardha,240.3,26.1,24.9,87.1,0.83,Vidarbha,206,2,0,0.65,-0.75,Landslide,0.7167,High
20259999,Gadchiroli,259.5,23.0,20.9,94.0,0.98,Vidarbha,74,8,0,0.85,0.08,Landslide,0.8789,Severe
20259999,Mumbai Suburban,0.0,16.7,44.4,27.4,0.06,Konkan,20980,3,1,0.8,-1.75,Heatwave,0.7852,Severe
20259999,Aurangabad,115.7,77.6,24.1,94.5,0.76,Marathwada,366,3,0,0.72,0.28,Cyclone,0.5042,High
20259999,Chandrapur,182.3,95.1,24.5,90.1,0.76,Vidarbha,193,3,0,0.75,1.71,Cyclone,0.6655,High
20259999,Raigad,0.0,18.2,42.5,17.6,0.07,Konkan,368,12,1,0.75,-2.17,Heatwave,0.7259,Severe
20259999,Satara,215.6,75.6,25.0,92.6,0.78,Pune Division,287,15,0,0.7,2.32,Cyclone,0.6454,High
20259999,Ahmednagar,205.3,22.9,22.4,91.8,0.84,Nashik Division,266,4,0,0.68,5.04,Flood,0.9331,Severe
20259999,Gondia,196.4,35.1,23.6,94.5,0.78,Vidarbha,253,5,0,0.7,2.26,Flood,0.7497,Severe
20259999,Sangli,0.6,9.7,36.1,30.2,0.07,Pune Division,329,5,0,0.65,-1.65,Drought,0.8958,Severe
20259999,Parbhani,0.0,9.1,44.4,22.2,0.08,Marathwada,295,2,0,0.7,-1.73,Heatwave,0.7856,Severe
20259999,Amravati,106.0,24.4,21.5,94.2,0.9,Vidarbha,237,4,0,0.68,-0.92,Landslide,0.4525,Medium
20259999,Amravati,184.4,76.0,23.7,90.4,0.91,Vidarbha,237,4,0,0.68,0.33,Cyclone,0.5979,High
20259999,Jalna,188.2,77.6,25.0,91.1,0.78,Marathwada,254,2,0,0.7,2.14,Cyclone,0.611,High
20259999,Aurangabad,110.8,96.8,25.4,97.1,0.82,Marathwada,366,3,0,0.72,0.74,Cyclone,0.5609,High
20259999,Latur,94.1,80.1,24.1,92.1,0.76,Marathwada,343,2,0,0.75,3.05,Cyclone,0.4832,Medium
20259999,Mumbai City,0.0,15.0,42.6,23.7,0.14,Konkan,19652,2,1,0.85,-1.63,Heatwave,0.7276,Severe
20259999,Jalna,2.3,11.4,36.8,17.3,0.11,Marathwada,254,2,0,0.7,-2.68,Drought,0.8796,Severe
20259999,Jalgaon,140.3,79.9,25.6,89.6,0.9,Nashik Division,360,3,0,0.65,2.41,Cyclone,0.5418,High
20259999,Nagpur,163.8,26.3,23.0,94.9,0.88,Vidarbha,470,3,0,0.7,-0.83,Landslide,0.5686,High
20259999,Wardha,130.7,22.5,24.1,94.6,0.88,Vidarbha,206,2,0,0.65,1.64,Flood,0.6185,High
20259999,Gondia,0.0,11.8,38.8,20.9,0.09,Vidarbha,253,5,0,0.7,-1.65,Drought,0.9047,Severe
20259999,Ratnagiri,207.2,200.1,26.7,89.1,0.84,Konkan,197,18,1,0.8,0.0,Cyclone,1.0,Severe
20259999,Bhandara,135.8,22.8,23.9,82.4,0.84,Vidarbha,294,2,0,0.68,0.16,Landslide,0.4856,Medium
20259999,Jalgaon,1.8,11.3,39.6,17.7,0.07,Nashik Division,360,3,0,0.65,-2.93,Drought,0.9056,Severe
20259999,Kolhapur,1.9,6.8,40.5,18.8,0.06,Pune Division,504,12,0,0.75,-2.74,Drought,0.9233,Severe
20259999,Ahmednagar,265.4,17.7,25.9,91.4,0.81,Nashik Division,266,4,0,0.68,0.65,Landslide,0.8021,Severe
20259999,Buldhana,176.1,22.7,27.5,91.5,0.91,Vidarbha,268,3,0,0.68,2.9,Flood,0.7721,Severe
20259999,Sangli,0.0,10.3,41.9,14.4,0.09,Pune Division,329,5,0,0.65,-1.64,Heatwave,0.699,High
20259999,Washim,0.4,11.2,36.6,15.5,0.1,Vidarbha,244,3,0,0.65,-1.78,Drought,0.885,Severe
20259999,Beed,2.4,13.4,41.9,22.8,0.07,Marathwada,242,2,0,0.8,-1.84,Drought,0.9277,Severe
20259999,Buldhana,181.7,87.8,25.7,89.4,0.78,Vidarbha,268,3,0,0.68,2.64,Cyclone,0.6332,High
20259999,Nandurbar,119.4,95.8,26.9,88.6,0.87,Nashik Division,277,10,0,0.72,1.68,Cyclone,0.5704,High
20259999,Aurangabad,118.8,27.9,23.5,94.0,0.86,Marathwada,366,3,0,0.72,0.69,Landslide,0.4673,Medium
20259999,Palghar,0.0,12.7,41.6,21.9,0.15,Konkan,362,8,1,0.7,-1.91,Heatwave,0.6773,High
20259999,Yavatmal,1.2,14.2,40.0,33.5,0.03,Vidarbha,204,4,0,0.72,-1.94,Drought,0.9343,Severe
20259999,Jalna,146.1,26.7,23.6,94.7,0.97,Marathwada,254,2,0,0.7,1.43,Landslide,0.5237,High
20259999,Nanded,0.0,17.6,42.6,24.7,0.11,Marathwada,319,3,0,0.72,-1.99,Drought,0.9129,Severe
20259999,Nandurbar,121.2,28.3,23.8,92.6,0.96,Nashik Division,277,10,0,0.72,0.12,Landslide,0.5807,High
20259999,Ratnagiri,0.0,7.8,40.4,13.4,0.1,Konkan,197,18,1,0.8,-2.35,Heatwave,0.6576,High
20259999,Dhule,93.0,97.3,26.6,92.9,0.83,Nashik Division,285,4,0,0.62,3.34,Cyclone,0.5258,High
20259999,Nandurbar,2.2,13.5,37.2,34.8,0.07,Nashik Division,277,10,0,0.72,-2.41,Drought,0.9016,Severe
20259999,Raigad,0.0,6.6,45.4,24.3,0.13,Konkan,368,12,1,0.75,-2.45,Heatwave,0.8253,Severe
20259999,Thane,151.7,21.7,25.5,88.4,0.91,Konkan,1157,5,1,0.75,4.54,Flood,0.8357,Severe
20259999,Dhule,0.0,18.9,41.0,20.7,0.09,Nashik Division,285,4,0,0.62,-1.9,Heatwave,0.6484,High
20259999,Washim,0.1,17.8,40.4,25.0,0.06,Vidarbha,244,3,0,0.65,-2.19,Drought,0.9193,Severe
20259999,Gadchiroli,184.1,82.7,26.0,93.0,0.76,Vidarbha,74,8,0,0.85,0.27,Cyclone,0.6368,High
20259999,Ahmednagar,197.5,97.1,25.9,97.0,0.78,Nashik Division,266,4,0,0.68,1.36,Cyclone,0.6879,High
20259999,Ahmednagar,181.6,81.9,26.6,92.1,0.94,Nashik Division,266,4,0,0.68,1.81,Cyclone,0.6134,High
20259999,Solapur,208.0,15.4,22.3,88.3,0.97,Pune Division,290,2,0,0.7,0.61,Landslide,0.663,High
20259999,Ahmednagar,0.0,6.9,41.1,15.2,0.15,Nashik Division,266,4,0,0.68,-2.28,Heatwave,0.6693,High
20259999,Jalgaon,1.6,14.3,36.8,20.4,0.11,Nashik Division,360,3,0,0.65,-2.6,Drought,0.8771,Severe
20259999,Jalgaon,0.4,8.0,40.5,24.1,0.07,Nashik Division,360,3,0,0.65,-2.82,Drought,0.9141,Severe
20259999,Pune,144.8,26.4,23.8,94.2,0.81,Pune Division,603,10,0,0.75,0.98,Landslide,0.6218,High
20259999,Ahmednagar,0.0,15.9,44.3,18.3,0.13,Nashik Division,266,4,0,0.68,-1.92,Heatwave,0.7875,Severe
20259999,Pune,261.1,17.7,22.4,89.1,0.94,Pune Division,603,10,0,0.75,0.84,Landslide,0.8965,Severe
20259999,Hingoli,0.6,13.8,41.0,34.7,0.07,Marathwada,244,3,0,0.68,-2.59,Drought,0.9184,Severe
20259999,Nanded,2.9,7.3,38.3,25.8,0.04,Marathwada,319,3,0,0.72,-2.97,Drought,0.917,Severe
20259999,Palghar,0.0,16.4,45.7,27.7,0.1,Konkan,362,8,1,0.7,-1.26,Heatwave,0.8252,Severe
20259999,Chandrapur,1.3,15.6,39.7,21.7,0.06,Vidarbha,193,3,0,0.75,-1.65,Drought,0.9222,Severe
20259999,Aurangabad,0.6,17.9,41.3,34.2,0.05,Marathwada,366,3,0,0.72,-2.75,Drought,0.9326,Severe
20259999,Jalna,233.8,20.2,26.4,89.7,0.82,Marathwada,254,2,0,0.7,3.16,Flood,0.8681,Severe
20259999,Ratnagiri,2.2,11.3,39.7,17.8,0.1,Konkan,197,18,1,0.8,-1.61,Drought,0.9061,Severe
20259999,Jalna,124.1,31.1,25.8,97.9,0.98,Marathwada,254,2,0,0.7,5.79,Flood,0.87,Severe
20259999,Solapur,2.9,13.0,41.6,23.1,0.06,Pune Division,290,2,0,0.7,-2.31,Drought,0.9192,Severe
20259999,Jalgaon,191.7,16.3,25.9,93.9,0.89,Nashik Division,360,3,0,0.65,4.92,Flood,0.9089,Severe
20259999,Latur,0.0,5.7,42.2,13.8,0.06,Marathwada,343,2,0,0.75,-2.2,Heatwave,0.7218,Severe
20259999,Thane,275.2,15.7,21.4,92.5,0.88,Konkan,1157,5,1,0.75,0.05,Landslide,0.8522,Severe
20259999,Gadchiroli,1.2,9.2,38.0,32.6,0.04,Vidarbha,74,8,0,0.85,-2.73,Drought,0.9348,Severe
20259999,Pune,0.0,10.2,42.5,24.5,0.15,Pune Division,603,10,0,0.75,-1.47,Heatwave,0.7121,High
20259999,Gondia,349.2,39.1,27.0,97.4,0.81,Vidarbha,253,5,0,0.7,3.99,Flood,1.0,Severe
20259999,Sangli,159.3,26.8,24.6,90.8,0.98,Pune Division,329,5,0,0.65,-0.35,Landslide,0.5914,High
20259999,Yavatmal,0.0,7.4,51.1,20.7,0.14,Vidarbha,204,4,0,0.72,-1.79,Heatwave,1.0,Severe
20259999,Wardha,83.7,93.2,26.3,89.8,0.76,Vidarbha,206,2,0,0.65,2.98,Cyclone,0.5012,High
20259999,Ratnagiri,134.1,106.7,23.3,94.4,0.81,Konkan,197,18,1,0.8,3.03,Cyclone,0.7368,Severe
20259999,Satara,1.5,5.8,37.9,28.5,0.09,Pune Division,287,15,0,0.7,-2.64,Drought,0.8958,Severe
20259999,Nandurbar,1.1,6.7,39.0,27.0,0.03,Nashik Division,277,10,0,0.72,-2.48,Drought,0.9306,Severe
20259999,Chandrapur,2.0,7.6,40.1,28.5,0.11,Vidarbha,193,3,0,0.75,-2.95,Drought,0.8989,Severe
20259999,Palghar,0.5,15.0,37.6,20.8,0.1,Konkan,362,8,1,0.7,-1.63,Drought,0.8936,Severe
20259999,Gondia,199.3,72.3,25.9,95.0,0.82,Vidarbha,253,5,0,0.7,1.33,Cyclone,0.6099,High
20259999,Akola,301.3,39.4,23.3,87.0,0.81,Vidarbha,320,2,0,0.65,3.82,Flood,1.0,Severe
20259999,Pune,0.0,10.8,41.3,23.5,0.07,Pune Division,603,10,0,0.75,-1.46,Heatwave,0.6674,High
20259999,Nanded,0.0,16.2,40.3,27.1,0.13,Marathwada,319,3,0,0.72,-2.08,Heatwave,0.6184,High
20259999,Nandurbar,255.1,28.1,25.3,92.1,0.95,Nashik Division,277,10,0,0.72,0.43,Landslide,0.881,Severe
20259999,Gadchiroli,0.0,16.5,46.2,16.7,0.13,Vidarbha,74,8,0,0.85,-1.85,Heatwave,0.8816,Severe
20259999,Nashik,2.1,15.1,37.9,17.9,0.05,Nashik Division,393,8,0,0.7,-2.24,Drought,0.9118,Severe
20259999,Nanded,0.0,13.5,40.3,19.2,0.09,Marathwada,319,3,0,0.72,-1.8,Heatwave,0.6342,High
20259999,Mumbai Suburban,206.6,126.9,23.7,94.8,0.93,Konkan,20980,3,1,0.8,1.89,Cyclone,0.9129,Severe
20259999,Raigad,0.0,6.9,43.0,18.2,0.05,Konkan,368,12,1,0.75,-1.92,Heatwave,0.7442,Severe
20259999,Palghar,219.3,149.7,26.8,94.0,0.78,Konkan,362,8,1,0.7,0.91,Cyclone,0.9979,Severe
20259999,Sindhudurg,126.2,36.3,27.3,91.7,0.9,Konkan,167,20,1,0.75,2.31,Flood,0.6633,High
20259999,Bhandara,0.0,11.5,51.4,19.4,0.07,Vidarbha,294,2,0,0.68,-2.15,Heatwave,1.0,Severe
20259999,Satara,134.9,87.6,25.3,90.4,0.77,Pune Division,287,15,0,0.7,0.09,Cyclone,0.5643,High
20259999,Bhandara,116.5,16.7,24.6,90.7,0.91,Vidarbha,294,2,0,0.68,1.13,Landslide,0.4491,Medium
20259999,Mumbai City,324.6,23.4,24.1,93.1,0.97,Konkan,19652,2,1,0.85,3.36,Flood,1.0,Severe
20259999,Bhandara,0.0,11.7,47.9,24.4,0.13,Vidarbha,294,2,0,0.68,-1.25,Heatwave,0.9153,Severe
20259999,Sangli,148.4,34.4,28.0,88.0,0.84,Pune Division,329,5,0,0.65,6.36,Flood,0.9161,Severe
20259999,Bhandara,0.0,14.8,50.2,17.8,0.11,Vidarbha,294,2,0,0.68,-1.31,Heatwave,1.0,Severe
20259999,Hingoli,204.7,79.7,26.7,92.2,0.88,Marathwada,244,3,0,0.68,0.58,Cyclone,0.6407,High
20259999,Amravati,213.7,17.7,22.1,80.0,0.94,Vidarbha,237,4,0,0.68,1.22,Landslide,0.6988,High
20259999,Sindhudurg,156.8,183.5,24.1,98.0,0.87,Konkan,167,20,1,0.75,2.38,Cyclone,1.0,Severe
20259999,Dhule,0.0,14.2,41.1,27.0,0.1,Nashik Division,285,4,0,0.62,-2.47,Heatwave,0.6397,High
20259999,Buldhana,0.0,8.0,43.5,21.1,0.11,Vidarbha,268,3,0,0.68,-1.51,Heatwave,0.7508,Severe
20259999,Wardha,0.0,8.2,46.1,25.7,0.06,Vidarbha,206,2,0,0.65,-1.83,Heatwave,0.8397,Severe
20259999,Satara,176.9,12.2,22.7,88.4,0.8,Pune Division,287,15,0,0.7,-0.71,Landslide,0.758,Severe
20259999,Nagpur,0.2,6.7,37.6,23.6,0.09,Vidarbha,470,3,0,0.7,-2.8,Drought,0.8992,Severe
20259999,Sindhudurg,2.6,13.5,36.3,23.8,0.08,Konkan,167,20,1,0.75,-1.53,Drought,0.8951,Severe
20259999,Yavatmal,96.6,84.1,23.6,89.9,0.82,Vidarbha,204,4,0,0.72,3.12,Cyclone,0.4972,Medium
20259999,Palghar,91.6,184.2,25.4,92.8,0.95,Konkan,362,8,1,0.7,2.96,Cyclone,0.9214,Severe
20259999,Parbhani,0.0,15.0,41.6,14.2,0.06,Marathwada,295,2,0,0.7,-2.43,Heatwave,0.6927,High
20259999,Kolhapur,0.3,8.1,42.2,21.7,0.05,Pune Division,504,12,0,0.75,-1.93,Drought,0.9402,Severe
20259999,Jalgaon,2.3,7.0,37.1,16.4,0.06,Nashik Division,360,3,0,0.65,-2.29,Drought,0.8984,Severe
20259999,Gadchiroli,219.1,36.8,26.2,87.7,0.79,Vidarbha,74,8,0,0.85,4.23,Flood,0.9175,Severe
20259999,Amravati,1.1,16.7,38.7,28.8,0.08,Vidarbha,237,4,0,0.68,-2.92,Drought,0.903,Severe
20259999,Gondia,0.1,9.8,41.2,18.5,0.08,Vidarbha,253,5,0,0.7,-2.57,Drought,0.9184,Severe
20259999,Parbhani,240.7,23.5,26.9,87.4,0.84,Marathwada,295,2,0,0.7,2.42,Flood,0.839,Severe
20259999,Nagpur,2.0,10.4,36.7,33.2,0.07,Vidarbha,470,3,0,0.7,-2.39,Drought,0.8983,Severe
20259999,Gondia,136.8,75.3,23.9,90.4,0.93,Vidarbha,253,5,0,0.7,1.86,Cyclone,0.5262,High
20259999,Beed,203.1,28.0,22.4,92.1,0.88,Marathwada,242,2,0,0.8,0.75,Landslide,0.653,High
20259999,Jalgaon,278.3,22.2,22.2,83.9,0.81,Nashik Division,360,3,0,0.65,0.77,Landslide,0.8142,Severe
20259999,Pune,0.0,10.5,42.2,24.0,0.1,Pune Division,603,10,0,0.75,-1.35,Heatwave,0.7014,High
20259999,Ratnagiri,148.7,20.1,27.1,96.3,0.91,Konkan,197,18,1,0.8,4.82,Flood,0.8523,Severe
20259999,Jalgaon,120.8,16.4,23.9,87.9,0.8,Nashik Division,360,3,0,0.65,2.27,Flood,0.6274,High
20259999,Mumbai City,231.3,42.3,22.2,89.5,0.94,Konkan,19652,2,1,0.85,4.64,Flood,0.9834,Severe
20259999,Yavatmal,2.8,7.2,42.8,33.9,0.06,Vidarbha,204,4,0,0.72,-1.53,Drought,0.9264,Severe
20259999,Wardha,2.0,8.5,36.9,26.6,0.05,Vidarbha,206,2,0,0.65,-2.0,Drought,0.9031,Severe
20259999,Raigad,0.0,11.4,42.4,18.4,0.06,Konkan,368,12,1,0.75,-1.78,Heatwave,0.7204,Severe
20259999,Nanded,0.0,6.8,42.8,10.1,0.09,Marathwada,319,3,0,0.72,-2.36,Heatwave,0.7496,Severe
20259999,Sindhudurg,155.5,117.0,24.1,92.9,0.84,Konkan,167,20,1,0.75,0.94,Cyclone,0.7982,Severe
20259999,Parbhani,87.4,75.1,26.1,94.7,0.85,Marathwada,295,2,0,0.7,1.64,Cyclone,0.4514,Medium
20259999,Satara,0.9,10.5,39.4,26.9,0.05,Pune Division,287,15,0,0.7,-2.76,Drought,0.922,Severe
20259999,Nashik,0.0,11.8,45.3,22.5,0.15,Nashik Division,393,8,0,0.7,-1.58,Heatwave,0.82,Severe
20259999,Osmanabad,214.4,29.3,20.9,80.8,0.9,Marathwada,219,3,0,0.75,1.46,Landslide,0.6894,High
20259999,Nandurbar,0.0,9.7,42.2,15.8,0.1,Nashik Division,277,10,0,0.72,-2.06,Heatwave,0.7148,High
20259999,Hingoli,163.2,18.7,20.0,87.4,0.85,Marathwada,244,3,0,0.68,-0.86,Landslide,0.5622,High
20259999,Sindhudurg,218.4,93.2,25.8,93.2,0.83,Konkan,167,20,1,0.75,1.81,Cyclone,0.8133,Severe
20259999,Gondia,143.5,94.3,25.3,90.0,0.89,Vidarbha,253,5,0,0.7,0.65,Cyclone,0.5996,High
20259999,Chandrapur,268.9,42.0,24.7,95.1,0.81,Vidarbha,193,3,0,0.75,2.28,Flood,0.8764,Severe
20259999,Aurangabad,213.8,24.9,21.8,89.3,0.83,Marathwada,366,3,0,0.72,-0.45,Landslide,0.678,High
20259999,Bhandara,291.8,30.2,23.4,92.2,0.85,Vidarbha,294,2,0,0.68,5.69,Flood,1.0,Severe
20259999,Gadchiroli,126.9,44.6,22.4,94.0,0.87,Vidarbha,74,8,0,0.85,2.75,Flood,0.6956,High
20259999,Jalna,254.5,15.0,22.2,89.5,0.8,Marathwada,254,2,0,0.7,0.18,Landslide,0.7506,Severe
20259999,Osmanabad,276.5,26.6,26.0,97.2,0.82,Marathwada,219,3,0,0.75,4.16,Flood,0.9997,Severe
20259999,Sindhudurg,148.8,20.9,25.8,84.8,0.83,Konkan,167,20,1,0.75,0.28,Landslide,0.7728,Severe
20259999,Sindhudurg,163.0,19.5,24.7,83.4,0.84,Konkan,167,20,1,0.75,0.47,Landslide,0.8058,Severe
20259999,Jalna,0.9,10.1,37.7,16.3,0.07,Marathwada,254,2,0,0.7,-2.59,Drought,0.9061,Severe
20259999,Nandurbar,121.9,40.3,27.7,94.3,0.93,Nashik Division,277,10,0,0.72,6.17,Flood,0.8831,Severe
20259999,Sindhudurg,2.7,15.0,40.9,17.3,0.04,Konkan,167,20,1,0.75,-1.74,Drought,0.9312,Severe
20259999,Kolhapur,1.1,10.6,37.8,18.5,0.04,Pune Division,504,12,0,0.75,-2.45,Drought,0.9244,Severe
20259999,Hingoli,228.5,12.1,21.0,87.5,0.97,Marathwada,244,3,0,0.68,-0.38,Landslide,0.7211,Severe
20259999,Chandrapur,191.8,23.1,27.4,85.6,0.91,Vidarbha,193,3,0,0.75,1.72,Flood,0.7354,Severe
20259999,Aurangabad,2.5,16.6,37.3,17.5,0.07,Marathwada,366,3,0,0.72,-2.59,Drought,0.9009,Severe
20259999,Buldhana,144.5,18.9,22.4,86.1,0.87,Vidarbha,268,3,0,0.68,3.1,Flood,0.7272,Severe
20259999,Solapur,132.6,16.4,25.9,81.4,0.85,Pune Division,290,2,0,0.7,-0.79,Landslide,0.4813,Medium
20259999,Nashik,141.4,90.3,23.7,89.7,0.88,Nashik Division,393,8,0,0.7,1.35,Cyclone,0.5831,High
20259999,Sangli,163.1,72.5,26.8,90.6,0.93,Pune Division,329,5,0,0.65,3.33,Cyclone,0.5513,High
20259999,Wardha,2.3,8.1,41.2,30.9,0.05,Vidarbha,206,2,0,0.65,-1.93,Drought,0.9192,Severe
20259999,Nandurbar,119.5,92.9,27.0,91.4,0.79,Nashik Division,277,10,0,0.72,0.39,Cyclone,0.5609,High
20259999,Palghar,0.0,12.2,42.8,19.4,0.15,Konkan,362,8,1,0.7,-1.71,Heatwave,0.729,Severe
20259999,Nandurbar,279.4,25.5,25.3,86.2,0.89,Nashik Division,277,10,0,0.72,0.31,Landslide,0.9296,Severe
20259999,Nagpur,0.0,7.5,43.8,23.3,0.08,Vidarbha,470,3,0,0.7,-1.69,Heatwave,0.7601,Severe
20259999,Yavatmal,155.2,27.2,23.6,82.5,0.88,Vidarbha,204,4,0,0.72,1.32,Landslide,0.5652,High
20259999,Nagpur,0.2,8.5,37.1,25.7,0.09,Vidarbha,470,3,0,0.7,-2.56,Drought,0.8972,Severe
20259999,Washim,2.7,10.5,41.5,19.7,0.11,Vidarbha,244,3,0,0.65,-2.14,Drought,0.892,Severe
20259999,Parbhani,140.6,29.8,27.4,96.4,0.79,Marathwada,295,2,0,0.7,3.02,Flood,0.7063,High
20259999,Solapur,0.0,15.9,41.1,16.2,0.12,Pune Division,290,2,0,0.7,-1.87,Heatwave,0.6693,High
20259999,Wardha,266.7,33.9,26.5,88.0,0.91,Vidarbha,206,2,0,0.65,3.46,Flood,0.9467,Severe
20259999,Thane,1.0,16.7,41.2,34.4,0.08,Konkan,1157,5,1,0.75,-2.64,Drought,0.9203,Severe
20259999,Gondia,174.2,83.1,25.1,91.9,0.78,Vidarbha,253,5,0,0.7,0.08,Cyclone,0.6083,High
20259999,Nanded,97.5,92.6,26.0,95.1,0.79,Marathwada,319,3,0,0.72,2.12,Cyclone,0.5269,High
20259999,Nanded,0.0,8.0,44.5,22.8,0.08,Marathwada,319,3,0,0.72,-2.42,Heatwave,0.7903,Severe
20259999,Nanded,238.7,42.3,22.3,95.0,0.89,Marathwada,319,3,0,0.72,3.63,Flood,0.9158,Severe
20259999,Parbhani,2.7,16.8,42.8,30.5,0.05,Marathwada,295,2,0,0.7,-1.94,Drought,0.9292,Severe
20259999,Dhule,96.2,82.7,26.8,91.4,0.89,Nashik Division,285,4,0,0.62,2.0,Cyclone,0.482,Medium
20259999,Sangli,127.5,19.4,24.1,92.0,0.89,Pune Division,329,5,0,0.65,-0.59,Landslide,0.5109,High
20259999,Pune,0.0,16.8,42.5,22.5,0.11,Pune Division,603,10,0,0.75,-2.19,Heatwave,0.7161,High
20259999,Beed,89.4,78.4,25.0,93.0,0.89,Marathwada,242,2,0,0.8,2.61,Cyclone,0.4754,Medium
20259999,Palghar,0.0,11.1,43.8,20.4,0.1,Konkan,362,8,1,0.7,-1.72,Heatwave,0.7659,Severe
20259999,Mumbai City,0.1,15.2,40.5,24.9,0.08,Konkan,19652,2,1,0.85,-1.98,Drought,0.9306,Severe
20259999,Nagpur,310.6,34.6,24.8,97.1,0.95,Vidarbha,470,3,0,0.7,4.0,Flood,1.0,Severe
20259999,Latur,0.0,13.8,42.0,18.3,0.06,Marathwada,343,2,0,0.75,-2.04,Heatwave,0.7051,High
20259999,Parbhani,339.2,43.9,25.3,92.9,0.82,Marathwada,295,2,0,0.7,4.98,Flood,1.0,Severe
20259999,Wardha,185.5,35.1,23.9,85.6,0.95,Vidarbha,206,2,0,0.65,3.05,Flood,0.7989,Severe
20259999,Akola,137.2,22.6,23.1,95.1,0.84,Vidarbha,320,2,0,0.65,5.52,Flood,0.8492,Severe
20259999,Nandurbar,233.4,35.6,25.9,92.8,0.96,Nashik Division,277,10,0,0.72,2.64,Flood,0.8601,Severe
20259999,Akola,259.1,11.6,20.3,83.5,0.91,Vidarbha,320,2,0,0.65,-0.35,Landslide,0.767,Severe
20259999,Sangli,0.0,11.9,43.7,14.5,0.08,Pune Division,329,5,0,0.65,-1.7,Heatwave,0.7688,Severe
20259999,Chandrapur,215.8,17.9,23.2,88.3,0.87,Vidarbha,193,3,0,0.75,0.16,Landslide,0.6895,High
20259999,Gadchiroli,90.1,109.6,23.2,89.5,0.83,Vidarbha,74,8,0,0.85,0.46,Cyclone,0.5855,High
20259999,Thane,124.2,93.0,23.7,97.3,0.88,Konkan,1157,5,1,0.75,3.19,Cyclone,0.6713,High
20259999,Bhandara,1.5,8.0,37.4,19.5,0.09,Vidarbha,294,2,0,0.68,-2.94,Drought,0.8918,Severe
20259999,Beed,126.0,29.4,23.4,90.4,0.95,Marathwada,242,2,0,0.8,5.35,Flood,0.8528,Severe
20259999,Akola,271.6,11.2,22.3,87.3,0.83,Vidarbha,320,2,0,0.65,1.17,Landslide,0.7871,Severe
20259999,Buldhana,300.1,35.1,25.6,87.5,0.82,Vidarbha,268,3,0,0.68,1.74,Flood,0.8893,Severe
20259999,Sindhudurg,131.3,198.3,26.0,92.4,0.91,Konkan,167,20,1,0.75,3.42,Cyclone,1.0,Severe
20259999,Pune,2.8,6.0,42.3,23.0,0.08,Pune Division,603,10,0,0.75,-2.72,Drought,0.9184,Severe
20259999,Jalna,347.8,37.1,24.0,95.8,0.93,Marathwada,254,2,0,0.7,2.91,Flood,1.0,Severe
20259999,Nagpur,258.1,22.5,25.6,85.7,0.83,Vidarbha,470,3,0,0.7,-0.55,Landslide,0.7757,Severe
20259999,Sindhudurg,114.0,168.7,25.1,90.3,0.91,Konkan,167,20,1,0.75,1.35,Cyclone,0.9083,Severe
20259999,Osmanabad,0.0,10.7,44.9,16.0,0.1,Marathwada,219,3,0,0.75,-1.7,Heatwave,0.8224,Severe
20259999,Solapur,1.1,12.9,40.9,26.9,0.1,Pune Division,290,2,0,0.7,-2.06,Drought,0.9048,Severe
20259999,Mumbai Suburban,207.4,17.1,22.8,84.9,0.87,Konkan,20980,3,1,0.8,1.06,Landslide,0.6756,High
20259999,Nashik,99.9,87.5,26.4,89.1,0.88,Nashik Division,393,8,0,0.7,2.12,Cyclone,0.5115,High
20259999,Ahmednagar,2.7,13.3,37.6,19.4,0.1,Nashik Division,266,4,0,0.68,-1.66,Drought,0.884,Severe
20259999,Hingoli,0.0,17.5,44.6,24.7,0.11,Marathwada,244,3,0,0.68,-1.31,Heatwave,0.7864,Severe
20259999,Osmanabad,2.7,10.7,38.1,20.4,0.03,Marathwada,219,3,0,0.75,-2.22,Drought,0.9244,Severe
20259999,Chandrapur,307.5,41.9,25.7,91.3,0.98,Vidarbha,193,3,0,0.75,3.74,Flood,1.0,Severe
20259999,Nandurbar,0.0,16.4,42.0,19.1,0.09,Nashik Division,277,10,0,0.72,-2.32,Heatwave,0.7005,High
20259999,Jalgaon,280.8,18.9,27.9,92.9,0.88,Nashik Division,360,3,0,0.65,3.41,Flood,0.9619,Severe
20259999,Jalna,0.9,6.6,41.3,26.9,0.08,Marathwada,254,2,0,0.7,-2.67,Drought,0.916,Severe
20259999,Jalna,192.2,84.3,24.4,95.6,0.76,Marathwada,254,2,0,0.7,1.93,Cyclone,0.6393,High
20259999,Satara,209.2,106.6,23.6,95.2,0.77,Pune Division,287,15,0,0.7,2.09,Cyclone,0.7391,Severe
20259999,Mumbai City,211.7,90.5,26.3,88.8,0.87,Konkan,19652,2,1,0.85,0.82,Cyclone,0.8042,Severe
20259999,Satara,0.3,12.8,38.8,18.8,0.07,Pune Division,287,15,0,0.7,-1.59,Drought,0.9126,Severe
20259999,Satara,123.8,27.0,25.6,84.2,0.86,Pune Division,287,15,0,0.7,-0.68,Landslide,0.6446,High
20259999,Ratnagiri,174.9,25.8,22.6,86.5,0.9,Konkan,197,18,1,0.8,0.45,Landslide,0.8155,Severe
20259999,Yavatmal,228.0,23.0,27.7,89.7,0.8,Vidarbha,204,4,0,0.72,1.71,Flood,0.7732,Severe
20259999,Kolhapur,0.0,17.7,41.9,20.4,0.13,Pune Division,504,12,0,0.75,-1.98,Heatwave,0.697,High
20259999,Ahmednagar,0.0,8.4,45.3,24.8,0.06,Nashik Division,266,4,0,0.68,-2.21,Heatwave,0.8134,Severe
20259999,Jalna,1.5,14.9,37.5,34.1,0.09,Marathwada,254,2,0,0.7,-2.7,Drought,0.8942,Severe
20259999,Parbhani,0.3,9.7,40.6,21.6,0.08,Marathwada,295,2,0,0.7,-2.63,Drought,0.9154,Severe
20259999,Yavatmal,0.0,10.4,50.1,12.5,0.09,Vidarbha,204,4,0,0.72,-1.9,Heatwave,1.0,Severe
20259999,Aurangabad,0.0,11.7,45.9,13.5,0.13,Marathwada,366,3,0,0.72,-1.78,Heatwave,0.8633,Severe
20259999,Latur,214.0,27.1,22.8,93.0,0.82,Marathwada,343,2,0,0.75,0.63,Landslide,0.6665,High
20259999,Pune,209.7,22.2,21.8,92.5,0.83,Pune Division,603,10,0,0.75,-0.87,Landslide,0.7698,Severe
20259999,Jalna,110.5,96.8,25.7,88.9,0.78,Marathwada,254,2,0,0.7,1.78,Cyclone,0.5584,High
20259999,Dhule,317.7,44.1,25.9,93.8,0.91,Nashik Division,285,4,0,0.62,4.61,Flood,1.0,Severe
20259999,Osmanabad,197.9,17.7,22.7,87.9,0.82,Marathwada,219,3,0,0.75,-0.1,Landslide,0.6443,High
20259999,Parbhani,146.5,27.8,22.9,82.0,0.87,Marathwada,295,2,0,0.7,-0.71,Landslide,0.5146,High
20259999,Bhandara,0.0,11.6,50.3,20.5,0.12,Vidarbha,294,2,0,0.68,-2.24,Heatwave,1.0,Severe
20259999,Kolhapur,2.4,10.9,36.8,22.6,0.05,Pune Division,504,12,0,0.75,-2.85,Drought,0.9113,Severe
20259999,Ahmednagar,0.0,18.2,45.6,25.4,0.14,Nashik Division,266,4,0,0.68,-2.41,Heatwave,0.8239,Severe
20259999,Satara,2.0,10.9,42.3,28.9,0.11,Pune Division,287,15,0,0.7,-2.84,Drought,0.9027,Severe
20259999,Washim,275.2,11.6,22.3,89.7,0.96,Vidarbha,244,3,0,0.65,-0.36,Landslide,0.8222,Severe
20259999,Satara,3.0,13.5,40.2,23.2,0.06,Pune Division,287,15,0,0.7,-1.63,Drought,0.9133,Severe
20259999,Jalna,0.0,7.6,46.0,19.5,0.14,Marathwada,254,2,0,0.7,-2.31,Heatwave,0.8532,Severe
20259999,Gadchiroli,242.4,23.7,22.8,88.8,0.85,Vidarbha,74,8,0,0.85,5.05,Flood,1.0,Severe
20259999,Washim,2.0,5.9,38.3,15.4,0.09,Vidarbha,244,3,0,0.65,-2.04,Drought,0.8907,Severe
20259999,Jalna,125.2,32.7,26.7,95.2,0.79,Marathwada,254,2,0,0.7,6.03,Flood,0.8572,Severe
20259999,Pune,230.9,16.3,25.4,90.3,0.93,Pune Division,603,10,0,0.75,3.52,Flood,0.9059,Severe
20259999,Parbhani,143.3,19.0,22.8,85.6,0.89,Marathwada,295,2,0,0.7,5.47,Flood,0.8685,Severe
20259999,Jalna,0.0,13.6,44.1,16.1,0.09,Marathwada,254,2,0,0.7,-2.09,Heatwave,0.7861,Severe
20259999,Akola,259.6,30.9,25.1,93.9,0.79,Vidarbha,320,2,0,0.65,3.8,Flood,0.9372,Severe
20259999,Nanded,225.7,44.4,22.8,94.0,0.86,Marathwada,319,3,0,0.72,4.06,Flood,0.9156,Severe
20259999,Wardha,89.8,100.5,24.9,95.4,0.79,Vidarbha,206,2,0,0.65,2.7,Cyclone,0.5347,High
20259999,Osmanabad,1.4,13.9,42.4,23.2,0.05,Marathwada,219,3,0,0.75,-1.7,Drought,0.9372,Severe
20259999,Nandurbar,2.9,14.0,38.8,29.0,0.03,Nashik Division,277,10,0,0.72,-2.78,Drought,0.9236,Severe
20259999,Ahmednagar,1.1,11.5,42.3,27.6,0.06,Nashik Division,266,4,0,0.68,-2.82,Drought,0.9264,Severe
20259999,Nashik,0.0,19.7,42.6,18.5,0.1,Nashik Division,393,8,0,0.7,-1.35,Heatwave,0.723,Severe
20259999,Osmanabad,0.0,15.4,42.3,10.5,0.15,Marathwada,219,3,0,0.75,-1.27,Heatwave,0.7323,Severe
20259999,Sangli,0.0,19.2,44.9,22.3,0.14,Pune Division,329,5,0,0.65,-1.72,Heatwave,0.7998,Severe
20259999,Wardha,1.2,17.6,38.5,32.4,0.04,Vidarbha,206,2,0,0.65,-2.5,Drought,0.9168,Severe
20259999,Gondia,0.3,10.4,41.4,16.6,0.03,Vidarbha,253,5,0,0.7,-2.51,Drought,0.941,Severe
20259999,Amravati,193.9,18.3,24.9,91.5,0.94,Vidarbha,237,4,0,0.68,0.15,Landslide,0.6543,High
20259999,Ahmednagar,1.5,8.2,37.2,29.7,0.07,Nashik Division,266,4,0,0.68,-2.68,Drought,0.9,Severe
20259999,Osmanabad,195.1,29.5,23.5,87.8,0.92,Marathwada,219,3,0,0.75,-0.82,Landslide,0.648,High
20259999,Ahmednagar,159.4,33.9,25.6,85.8,0.83,Nashik Division,266,4,0,0.68,3.45,Flood,0.7655,Severe
20259999,Raigad,251.8,29.1,26.0,97.4,0.91,Konkan,368,12,1,0.75,4.41,Flood,0.9883,Severe
20259999,Yavatmal,1.9,7.2,38.2,29.7,0.09,Vidarbha,204,4,0,0.72,-1.52,Drought,0.8976,Severe
20259999,Palghar,2.0,17.8,40.4,32.6,0.06,Konkan,362,8,1,0.7,-2.39,Drought,0.9176,Severe
20259999,Nanded,1.3,17.6,37.4,15.7,0.06,Marathwada,319,3,0,0.72,-2.13,Drought,0.91,Severe
20259999,Nashik,2.9,9.1,38.2,24.7,0.07,Nashik Division,393,8,0,0.7,-3.0,Drought,0.9011,Severe
20259999,Amravati,1.0,17.4,37.5,15.8,0.1,Vidarbha,237,4,0,0.68,-1.87,Drought,0.8895,Severe
20259999,Washim,3.0,11.5,42.7,25.1,0.07,Vidarbha,244,3,0,0.65,-2.33,Drought,0.9138,Severe
20259999,Parbhani,0.0,10.7,43.1,15.2,0.09,Marathwada,295,2,0,0.7,-2.48,Heatwave,0.749,Severe
20259999,Latur,215.9,29.7,21.9,82.8,0.87,Marathwada,343,2,0,0.75,0.18,Landslide,0.6758,High
20259999,Amravati,248.8,23.8,26.5,91.6,0.81,Vidarbha,237,4,0,0.68,4.38,Flood,0.9597,Severe
20259999,Mumbai City,0.0,9.2,41.8,25.6,0.09,Konkan,19652,2,1,0.85,-1.92,Heatwave,0.6927,High
20259999,Thane,210.4,120.6,26.3,94.4,0.78,Konkan,1157,5,1,0.75,0.51,Cyclone,0.8926,Severe
20259999,Nagpur,0.0,6.7,50.6,27.9,0.09,Vidarbha,470,3,0,0.7,-1.91,Heatwave,1.0,Severe
20259999,Yavatmal,103.7,72.3,26.0,94.9,0.78,Vidarbha,204,4,0,0.72,1.76,Cyclone,0.4686,Medium
20259999,Buldhana,206.4,74.1,24.1,89.7,0.87,Vidarbha,268,3,0,0.68,0.61,Cyclone,0.6246,High
20259999,Yavatmal,207.7,74.4,25.7,93.5,0.82,Vidarbha,204,4,0,0.72,0.47,Cyclone,0.6315,High
20259999,Jalgaon,97.6,102.5,25.0,92.8,0.82,Nashik Division,360,3,0,0.65,2.76,Cyclone,0.5531,High
20259999,Ratnagiri,248.5,15.1,24.2,86.8,0.92,Konkan,197,18,1,0.8,3.9,Flood,0.9598,Severe
20259999,Buldhana,96.1,70.6,24.0,96.2,0.84,Vidarbha,268,3,0,0.68,3.21,Cyclone,0.4475,Medium
20259999,Satara,121.0,10.7,23.7,85.1,0.86,Pune Division,287,15,0,0.7,0.72,Landslide,0.6382,High
20259999,Kolhapur,1.0,11.9,40.6,19.1,0.1,Pune Division,504,12,0,0.75,-2.02,Drought,0.9089,Severe
20259999,Yavatmal,0.0,7.0,44.3,23.7,0.16,Vidarbha,204,4,0,0.72,-1.63,Heatwave,0.7807,Severe
20259999,Buldhana,0.7,18.0,39.0,33.6,0.06,Vidarbha,268,3,0,0.68,-1.61,Drought,0.9146,Severe
20259999,Parbhani,275.8,18.1,24.8,96.5,0.83,Marathwada,295,2,0,0.7,5.44,Flood,1.0,Severe
20259999,Jalgaon,1.7,5.9,40.2,15.3,0.06,Nashik Division,360,3,0,0.65,-1.6,Drought,0.9128,Severe
20259999,Amravati,0.8,9.1,40.4,30.2,0.07,Vidarbha,237,4,0,0.68,-1.68,Drought,0.9153,Severe
20259999,Amravati,0.0,16.6,38.6,18.8,0.03,Vidarbha,237,4,0,0.68,-2.89,Drought,0.9289,Severe
20259999,Yavatmal,197.2,16.3,26.2,95.6,0.96,Vidarbha,204,4,0,0.72,4.25,Flood,0.8961,Severe
20259999,Sindhudurg,1.6,14.2,42.0,33.7,0.09,Konkan,167,20,1,0.75,-2.02,Drought,0.9169,Severe
20259999,Sindhudurg,0.0,6.7,44.3,27.9,0.13,Konkan,167,20,1,0.75,-2.48,Heatwave,0.7753,Severe
20259999,Sindhudurg,261.4,35.7,26.3,92.3,0.82,Konkan,167,20,1,0.75,6.21,Flood,1.0,Severe
20259999,Amravati,0.0,14.7,43.1,16.0,0.09,Vidarbha,237,4,0,0.68,-1.9,Heatwave,0.7454,Severe
20259999,Amravati,2.7,13.6,39.5,31.5,0.1,Vidarbha,237,4,0,0.68,-1.76,Drought,0.8916,Severe
20259999,Buldhana,2.9,12.3,43.0,30.4,0.07,Vidarbha,268,3,0,0.68,-2.42,Drought,0.9184,Severe
20259999,Mumbai Suburban,219.1,157.1,25.0,96.4,0.91,Konkan,20980,3,1,0.8,0.25,Cyclone,1.0,Severe
20259999,Nagpur,271.8,22.8,25.9,86.9,0.86,Vidarbha,470,3,0,0.7,2.01,Flood,0.8678,Severe
20259999,Yavatmal,0.4,17.3,39.6,33.5,0.06,Vidarbha,204,4,0,0.72,-1.93,Drought,0.922,Severe
20259999,Solapur,224.6,15.0,25.5,84.4,0.87,Pune Division,290,2,0,0.7,-0.74,Landslide,0.6903,High
20259999,Gondia,138.5,98.4,23.3,91.1,0.81,Vidarbha,253,5,0,0.7,0.03,Cyclone,0.6057,High
20259999,Ahmednagar,0.0,13.2,44.0,18.9,0.13,Nashik Division,266,4,0,0.68,-2.46,Heatwave,0.7746,Severe
20259999,Washim,0.0,5.5,47.1,12.7,0.14,Vidarbha,244,3,0,0.65,-2.09,Heatwave,0.9046,Severe
20259999,Jalgaon,0.0,10.6,44.3,24.6,0.07,Nashik Division,360,3,0,0.65,-1.33,Heatwave,0.7719,Severe
20259999,Jalna,0.5,9.4,40.2,33.1,0.05,Marathwada,254,2,0,0.7,-1.85,Drought,0.9265,Severe
20259999,Dhule,230.3,29.4,23.8,95.1,0.97,Nashik Division,285,4,0,0.62,5.08,Flood,0.989,Severe
20259999,Hingoli,260.9,28.0,20.6,85.4,0.95,Marathwada,244,3,0,0.68,-0.68,Landslide,0.792,Severe
20259999,Raigad,2.5,7.8,36.1,20.4,0.05,Konkan,368,12,1,0.75,-2.24,Drought,0.9082,Severe
20259999,Raigad,175.5,36.2,25.5,97.8,0.98,Konkan,368,12,1,0.75,5.85,Flood,0.9607,Severe
20259999,Sindhudurg,125.4,31.1,23.3,92.3,0.87,Konkan,167,20,1,0.75,4.38,Flood,0.7783,Severe
20259999,Pune,0.0,11.5,45.8,14.1,0.08,Pune Division,603,10,0,0.75,-2.39,Heatwave,0.8612,Severe
20259999,Nashik,0.0,10.7,43.6,20.4,0.12,Nashik Division,393,8,0,0.7,-2.04,Heatwave,0.7581,Severe
20259999,Sangli,264.3,15.4,27.3,86.8,0.91,Pune Division,329,5,0,0.65,5.38,Flood,1.0,Severe
20259999,Pune,270.6,16.8,24.6,96.9,0.94,Pune Division,603,10,0,0.75,3.03,Flood,0.9424,Severe
20259999,Satara,195.8,17.2,28.0,96.3,0.87,Pune Division,287,15,0,0.7,4.83,Flood,0.9122,Severe
20259999,Latur,0.1,6.5,41.4,30.1,0.08,Marathwada,343,2,0,0.75,-2.69,Drought,0.9242,Severe
20259999,Mumbai Suburban,0.0,11.1,43.1,26.2,0.1,Konkan,20980,3,1,0.8,-1.69,Heatwave,0.737,Severe
20259999,Bhandara,1.4,12.3,40.1,19.8,0.09,Vidarbha,294,2,0,0.68,-1.91,Drought,0.903,Severe
20259999,Amravati,0.0,5.2,52.0,20.5,0.07,Vidarbha,237,4,0,0.68,-2.13,Heatwave,1.0,Severe
20259999,Hingoli,0.0,7.1,40.2,24.4,0.13,Marathwada,244,3,0,0.68,-2.1,Heatwave,0.6159,High
20259999,Jalna,0.0,17.7,42.0,24.3,0.07,Marathwada,254,2,0,0.7,-1.54,Heatwave,0.6881,High
20259999,Raigad,179.3,23.0,24.2,82.6,0.97,Konkan,368,12,1,0.75,0.54,Landslide,0.7434,Severe
20259999,Latur,103.7,25.7,20.5,82.1,0.9,Marathwada,343,2,0,0.75,0.51,Landslide,0.4263,Medium
20259999,Jalna,1.2,15.1,42.8,20.4,0.09,Marathwada,254,2,0,0.7,-1.61,Drought,0.9165,Severe
20259999,Sindhudurg,0.0,15.2,41.3,19.6,0.11,Konkan,167,20,1,0.75,-1.59,Heatwave,0.6752,High
20259999,Latur,127.7,17.0,22.5,94.7,0.81,Marathwada,343,2,0,0.75,4.61,Flood,0.7864,Severe
20259999,Mumbai Suburban,0.0,8.2,45.2,20.6,0.15,Konkan,20980,3,1,0.8,-1.75,Heatwave,0.8299,Severe
20259999,Raigad,0.0,11.2,45.6,15.4,0.15,Konkan,368,12,1,0.75,-1.84,Heatwave,0.8509,Severe
20259999,Palghar,0.0,7.3,45.0,11.1,0.08,Konkan,362,8,1,0.7,-2.1,Heatwave,0.8311,Severe
20259999,Sangli,0.0,5.2,41.8,26.8,0.08,Pune Division,329,5,0,0.65,-2.03,Heatwave,0.6703,High
20259999,Sangli,2.4,7.5,42.1,30.2,0.09,Pune Division,329,5,0,0.65,-2.87,Drought,0.9045,Severe
20259999,Aurangabad,1.8,16.2,40.1,19.3,0.04,Marathwada,366,3,0,0.72,-1.95,Drought,0.9281,Severe
20259999,Beed,159.7,15.8,24.4,92.6,0.92,Marathwada,242,2,0,0.8,5.55,Flood,0.9139,Severe
20259999,Aurangabad,222.9,29.7,25.4,93.1,0.85,Marathwada,366,3,0,0.72,0.88,Landslide,0.7005,High
20259999,Kolhapur,0.0,5.4,44.1,20.7,0.07,Pune Division,504,12,0,0.75,-2.28,Heatwave,0.7819,Severe
20259999,Satara,191.8,23.0,22.4,95.0,0.96,Pune Division,287,15,0,0.7,5.6,Flood,0.9642,Severe
20259999,Aurangabad,0.0,9.0,38.8,31.7,0.06,Marathwada,366,3,0,0.72,-2.98,Drought,0.9202,Severe
20259999,Sindhudurg,189.8,29.0,25.6,82.7,0.83,Konkan,167,20,1,0.75,-0.59,Landslide,0.865,Severe
20259999,Yavatmal,122.9,20.8,21.5,81.4,0.86,Vidarbha,204,4,0,0.72,-0.31,Landslide,0.4905,Medium
20259999,Nashik,0.0,7.2,45.6,18.8,0.12,Nashik Division,393,8,0,0.7,-1.67,Heatwave,0.8391,Severe
20259999,Sangli,0.0,16.3,43.5,12.1,0.13,Pune Division,329,5,0,0.65,-1.59,Heatwave,0.7658,Severe
20259999,Pune,206.3,23.0,20.2,88.2,0.91,Pune Division,603,10,0,0.75,-0.48,Landslide,0.7702,Severe
20259999,Sangli,0.8,14.3,40.2,31.9,0.05,Pune Division,329,5,0,0.65,-1.63,Drought,0.9205,Severe
20259999,Solapur,102.3,16.2,22.0,82.5,0.86,Pune Division,290,2,0,0.7,0.46,Landslide,0.4142,Medium
20259999,Ahmednagar,174.6,18.7,22.5,87.6,0.95,Nashik Division,266,4,0,0.68,1.05,Landslide,0.6118,High
20259999,Amravati,127.1,12.1,25.0,80.7,0.92,Vidarbha,237,4,0,0.68,-0.89,Landslide,0.502,High
20259999,Ahmednagar,192.6,89.5,25.8,96.0,0.9,Nashik Division,266,4,0,0.68,0.72,Cyclone,0.6552,High
20259999,Chandrapur,0.0,10.2,51.7,20.5,0.1,Vidarbha,193,3,0,0.75,-1.64,Heatwave,1.0,Severe
20259999,Hingoli,283.0,43.7,25.7,87.4,0.83,Marathwada,244,3,0,0.68,6.05,Flood,1.0,Severe
20259999,Akola,0.1,5.7,39.7,18.8,0.08,Vidarbha,320,2,0,0.65,-2.17,Drought,0.9074,Severe
20259999,Chandrapur,0.0,9.5,48.8,24.9,0.16,Vidarbha,193,3,0,0.75,-1.41,Heatwave,0.9563,Severe
20259999,Sindhudurg,175.4,115.1,26.8,90.1,0.8,Konkan,167,20,1,0.75,0.52,Cyclone,0.8218,Severe
20259999,Raigad,0.8,7.7,42.8,15.4,0.08,Konkan,368,12,1,0.75,-2.22,Drought,0.9274,Severe
20259999,Chandrapur,173.8,105.5,27.0,89.7,0.77,Vidarbha,193,3,0,0.75,0.49,Cyclone,0.6874,High
20259999,Thane,0.0,6.0,40.5,20.0,0.12,Konkan,1157,5,1,0.75,-2.23,Heatwave,0.6433,High
20259999,Jalgaon,0.0,18.0,40.7,23.9,0.11,Nashik Division,360,3,0,0.65,-1.38,Heatwave,0.6333,High
20259999,Gondia,0.8,12.5,36.1,24.5,0.04,Vidarbha,253,5,0,0.7,-2.36,Drought,0.9136,Severe
20259999,Hingoli,312.8,40.0,22.9,93.2,0.78,Marathwada,244,3,0,0.68,5.74,Flood,1.0,Severe
20259999,Sindhudurg,2.2,6.2,39.7,20.8,0.11,Konkan,167,20,1,0.75,-1.71,Drought,0.8966,Severe
20259999,Amravati,1.0,16.7,38.3,29.7,0.09,Vidarbha,237,4,0,0.68,-2.97,Drought,0.8972,Severe
20259999,Mumbai City,0.1,18.0,36.9,25.9,0.09,Konkan,19652,2,1,0.85,-2.7,Drought,0.9118,Severe
20259999,Hingoli,138.3,13.0,25.7,82.9,0.96,Marathwada,244,3,0,0.68,-0.71,Landslide,0.5172,High
20259999,Gadchiroli,0.0,18.2,47.4,16.5,0.09,Vidarbha,74,8,0,0.85,-2.15,Heatwave,0.9287,Severe
20259999,Palghar,0.0,17.4,41.0,20.4,0.15,Konkan,362,8,1,0.7,-1.47,Heatwave,0.657,High
20259999,Ahmednagar,262.8,11.8,25.2,85.7,0.96,Nashik Division,266,4,0,0.68,0.82,Landslide,0.8113,Severe
20259999,Wardha,148.7,36.4,24.2,87.9,0.88,Vidarbha,206,2,0,0.65,1.84,Flood,0.6589,High
20259999,Mumbai City,2.0,15.0,40.0,20.2,0.1,Konkan,19652,2,1,0.85,-2.97,Drought,0.913,Severe
20259999,Solapur,0.0,11.4,40.1,11.2,0.12,Pune Division,290,2,0,0.7,-1.25,Heatwave,0.6404,High
20259999,Washim,191.2,16.4,21.5,80.3,0.85,Vidarbha,244,3,0,0.65,0.12,Landslide,0.6222,High
20259999,Mumbai City,0.0,6.3,44.3,26.1,0.15,Konkan,19652,2,1,0.85,-1.7,Heatwave,0.7889,Severe
20259999,Hingoli,339.3,37.1,26.1,94.8,0.84,Marathwada,244,3,0,0.68,5.15,Flood,1.0,Severe
20259999,Akola,0.0,11.4,51.0,10.3,0.1,Vidarbha,320,2,0,0.65,-2.15,Heatwave,1.0,Severe
20259999,Nandurbar,145.9,29.8,24.8,86.9,0.94,Nashik Division,277,10,0,0.72,3.33,Flood,0.7574,Severe
20259999,Jalgaon,249.4,13.4,22.2,89.0,0.89,Nashik Division,360,3,0,0.65,-0.5,Landslide,0.7572,Severe
20259999,Beed,0.0,14.7,40.6,27.5,0.07,Marathwada,242,2,0,0.8,-1.5,Heatwave,0.6372,High
20259999,Aurangabad,212.4,20.9,21.2,89.6,0.91,Marathwada,366,3,0,0.72,1.0,Landslide,0.6829,High
20259999,Bhandara,0.0,7.6,51.3,12.0,0.15,Vidarbha,294,2,0,0.68,-1.79,Heatwave,1.0,Severe
20259999,Jalna,0.0,19.8,43.5,14.0,0.11,Marathwada,254,2,0,0.7,-1.43,Heatwave,0.767,Severe
20259999,Palghar,2.7,9.4,39.6,30.6,0.05,Konkan,362,8,1,0.7,-2.44,Drought,0.9164,Severe
20259999,Nanded,219.4,108.8,24.0,97.0,0.77,Marathwada,319,3,0,0.72,2.48,Cyclone,0.7638,Severe
20259999,Amravati,139.4,77.0,23.5,89.4,0.87,Vidarbha,237,4,0,0.68,2.13,Cyclone,0.5338,High
20259999,Sindhudurg,229.1,40.9,23.0,85.2,0.91,Konkan,167,20,1,0.75,1.77,Flood,0.798,Severe
20259999,Jalna,1.4,10.6,40.0,16.8,0.1,Marathwada,254,2,0,0.7,-2.06,Drought,0.9001,Severe
20259999,Washim,143.6,104.1,26.5,90.2,0.91,Vidarbha,244,3,0,0.65,0.65,Cyclone,0.6274,High
20259999,Solapur,0.0,5.8,43.7,20.0,0.12,Pune Division,290,2,0,0.7,-1.34,Heatwave,0.7628,Severe
20259999,Dhule,216.9,31.0,26.2,94.0,0.85,Nashik Division,285,4,0,0.62,3.43,Flood,0.8533,Severe
20259999,Palghar,184.4,210.2,24.6,91.4,0.85,Konkan,362,8,1,0.7,3.04,Cyclone,1.0,Severe
20259999,Osmanabad,121.2,98.4,23.8,88.1,0.93,Marathwada,219,3,0,0.75,3.19,Cyclone,0.5848,High
20259999,Thane,134.9,26.9,23.4,89.5,0.83,Konkan,1157,5,1,0.75,1.07,Landslide,0.5315,High
20259999,Buldhana,1.6,16.9,41.9,29.6,0.09,Vidarbha,268,3,0,0.68,-2.84,Drought,0.9095,Severe
20259999,Satara,167.2,77.1,23.8,90.1,0.88,Pune Division,287,15,0,0.7,3.21,Cyclone,0.5778,High
20259999,Gadchiroli,1.0,10.1,37.1,27.3,0.08,Vidarbha,74,8,0,0.85,-2.34,Drought,0.9139,Severe
20259999,Nanded,161.7,94.9,24.5,96.8,0.88,Marathwada,319,3,0,0.72,0.72,Cyclone,0.6309,High
20259999,Jalna,301.2,18.1,26.5,89.7,0.89,Marathwada,254,2,0,0.7,2.9,Flood,0.9713,Severe
20259999,Akola,336.7,35.3,23.3,89.7,0.88,Vidarbha,320,2,0,0.65,4.52,Flood,1.0,Severe
20259999,Jalgaon,0.0,10.3,45.3,11.5,0.1,Nashik Division,360,3,0,0.65,-1.49,Heatwave,0.837,Severe
20259999,Pune,2.1,15.7,40.6,15.3,0.04,Pune Division,603,10,0,0.75,-2.49,Drought,0.932,Severe
20259999,Osmanabad,0.0,6.7,44.4,13.2,0.16,Marathwada,219,3,0,0.75,-1.43,Heatwave,0.8086,Severe
20259999,Dhule,0.0,11.4,41.6,23.8,0.09,Nashik Division,285,4,0,0.62,-1.52,Heatwave,0.6655,High
20259999,Chandrapur,0.4,9.7,36.8,27.0,0.03,Vidarbha,193,3,0,0.75,-1.71,Drought,0.9273,Severe
20259999,Bhandara,1.4,14.4,38.8,15.7,0.05,Vidarbha,294,2,0,0.68,-2.3,Drought,0.9158,Severe
20259999,Pune,188.8,19.0,23.1,88.2,0.86,Pune Division,603,10,0,0.75,-0.56,Landslide,0.7258,Severe
20259999,Raigad,212.0,30.2,25.9,96.8,0.92,Konkan,368,12,1,0.75,1.73,Flood,0.7698,Severe
20259999,Ahmednagar,278.1,19.4,25.8,88.2,0.88,Nashik Division,266,4,0,0.68,-0.17,Landslide,0.8377,Severe
20259999,Latur,0.0,6.6,40.2,15.3,0.09,Marathwada,343,2,0,0.75,-1.78,Heatwave,0.6411,High
20259999,Ratnagiri,346.3,23.8,24.6,86.3,0.83,Konkan,197,18,1,0.8,1.74,Flood,0.9767,Severe
20259999,Raigad,264.3,20.4,23.2,97.0,0.83,Konkan,368,12,1,0.75,3.05,Flood,0.917,Severe
20259999,Beed,170.6,20.5,22.1,88.9,0.98,Marathwada,242,2,0,0.8,1.49,Landslide,0.5898,High
20259999,Parbhani,0.0,11.1,43.0,16.4,0.16,Marathwada,295,2,0,0.7,-1.58,Heatwave,0.7428,Severe
20259999,Solapur,0.1,9.4,41.2,31.2,0.05,Pune Division,290,2,0,0.7,-2.19,Drought,0.932,Severe
20259999,Latur,1.3,8.0,40.9,20.0,0.1,Marathwada,343,2,0,0.75,-2.21,Drought,0.9091,Severe
20259999,Beed,152.3,26.1,20.7,91.5,0.87,Marathwada,242,2,0,0.8,0.17,Landslide,0.5377,High
20259999,Hingoli,178.3,107.1,24.7,94.0,0.84,Marathwada,244,3,0,0.68,1.63,Cyclone,0.6924,High
20259999,Washim,157.0,18.1,22.0,89.1,0.81,Vidarbha,244,3,0,0.65,2.6,Flood,0.706,High
20259999,Solapur,0.0,8.4,42.0,10.6,0.12,Pune Division,290,2,0,0.7,-1.76,Heatwave,0.7155,High
20259999,Mumbai Suburban,0.0,5.2,40.1,21.9,0.14,Konkan,20980,3,1,0.8,-1.48,Heatwave,0.629,High
20259999,Beed,194.2,23.2,24.5,83.7,0.86,Marathwada,242,2,0,0.8,-0.23,Landslide,0.6309,High
20259999,Mumbai Suburban,188.9,220.0,26.9,94.9,0.83,Konkan,20980,3,1,0.8,1.36,Cyclone,1.0,Severe
20259999,Dhule,2.5,11.0,38.1,30.5,0.1,Nashik Division,285,4,0,0.62,-2.37,Drought,0.8807,Severe
20259999,Solapur,1.6,5.6,36.2,27.3,0.05,Pune Division,290,2,0,0.7,-1.89,Drought,0.9067,Severe
20259999,Thane,230.4,20.3,20.7,89.8,0.91,Konkan,1157,5,1,0.75,0.29,Landslide,0.7544,Severe
20259999,Gondia,96.2,90.4,24.9,89.8,0.87,Vidarbha,253,5,0,0.7,2.43,Cyclone,0.5156,High
20259999,Ratnagiri,0.0,6.5,42.8,11.5,0.13,Konkan,197,18,1,0.8,-1.47,Heatwave,0.7548,Severe
20259999,Jalgaon,0.0,16.1,44.7,10.5,0.1,Nashik Division,360,3,0,0.65,-1.81,Heatwave,0.8157,Severe
20259999,Gondia,281.1,40.9,23.1,97.4,0.79,Vidarbha,253,5,0,0.7,6.42,Flood,1.0,Severe
20259999,Osmanabad,0.0,16.4,40.8,25.8,0.16,Marathwada,219,3,0,0.75,-2.5,Heatwave,0.6434,High
20259999,Gondia,236.4,28.8,23.4,90.8,0.97,Vidarbha,253,5,0,0.7,2.55,Flood,0.8592,Severe
20259999,Solapur,175.6,31.6,27.6,92.5,0.83,Pune Division,290,2,0,0.7,3.7,Flood,0.808,Severe
20259999,Beed,221.0,36.9,27.6,94.8,0.87,Marathwada,242,2,0,0.8,2.25,Flood,0.812,Severe
20259999,Beed,303.0,38.3,22.5,87.3,0.98,Marathwada,242,2,0,0.8,2.57,Flood,0.9784,Severe
20259999,Jalgaon,264.4,19.5,25.5,85.0,0.84,Nashik Division,360,3,0,0.65,0.24,Landslide,0.7859,Severe
20259999,Raigad,0.7,8.6,40.7,22.4,0.04,Konkan,368,12,1,0.75,-2.79,Drought,0.9373,Severe
20259999,Ratnagiri,207.2,16.8,24.5,93.7,0.9,Konkan,197,18,1,0.8,2.89,Flood,0.8318,Severe
20259999,Aurangabad,102.7,76.9,25.2,94.6,0.94,Marathwada,366,3,0,0.72,1.48,Cyclone,0.4824,Medium
20259999,Sindhudurg,2.9,10.9,41.5,33.3,0.08,Konkan,167,20,1,0.75,-2.64,Drought,0.9148,Severe
20259999,Nagpur,277.8,22.8,25.3,83.0,0.84,Vidarbha,470,3,0,0.7,1.38,Landslide,0.821,Severe
20259999,Solapur,134.4,18.4,23.5,89.1,0.85,Pune Division,290,2,0,0.7,1.3,Landslide,0.4854,Medium
20259999,Mumbai City,0.9,12.6,42.6,32.8,0.09,Konkan,19652,2,1,0.85,-2.59,Drought,0.9318,Severe
20259999,Bhandara,250.9,13.6,23.6,86.6,0.88,Vidarbha,294,2,0,0.68,0.14,Landslide,0.7485,Severe
20259999,Gadchiroli,0.3,15.2,41.8,33.9,0.07,Vidarbha,74,8,0,0.85,-2.25,Drought,0.9396,Severe
20259999,Bhandara,0.0,11.9,47.5,16.0,0.05,Vidarbha,294,2,0,0.68,-1.94,Heatwave,0.9166,Severe
20259999,Osmanabad,1.7,15.4,39.1,34.2,0.05,Marathwada,219,3,0,0.75,-1.88,Drought,0.923,Severe
20259999,Sindhudurg,231.8,39.1,23.8,86.3,0.88,Konkan,167,20,1,0.75,4.14,Flood,0.936,Severe
20259999,Akola,313.0,29.3,27.1,91.2,0.89,Vidarbha,320,2,0,0.65,6.48,Flood,1.0,Severe
20259999,Jalgaon,209.8,17.1,25.5,97.7,0.97,Nashik Division,360,3,0,0.65,2.13,Flood,0.7871,Severe
20259999,Solapur,102.8,76.5,26.6,88.8,0.91,Pune Division,290,2,0,0.7,0.82,Cyclone,0.4792,Medium
20259999,Chandrapur,0.0,18.7,48.3,13.8,0.08,Vidarbha,193,3,0,0.75,-1.3,Heatwave,0.9591,Severe
20259999,Akola,1.8,11.0,38.6,19.5,0.08,Vidarbha,320,2,0,0.65,-1.92,Drought,0.8971,Severe
20259999,Wardha,2.4,16.1,42.4,18.2,0.05,Vidarbha,206,2,0,0.65,-1.71,Drought,0.9237,Severe
20259999,Sindhudurg,201.9,90.5,24.3,92.1,0.84,Konkan,167,20,1,0.75,2.97,Cyclone,0.7795,Severe
20259999,Kolhapur,0.0,5.3,42.5,11.9,0.09,Pune Division,504,12,0,0.75,-2.29,Heatwave,0.7373,Severe
20259999,Akola,247.5,13.2,22.8,93.8,0.98,Vidarbha,320,2,0,0.65,-0.37,Landslide,0.7479,Severe
20259999,Nanded,180.1,27.4,27.3,95.2,0.95,Marathwada,319,3,0,0.72,5.5,Flood,0.9402,Severe
20259999,Palghar,0.0,13.4,42.3,18.3,0.07,Konkan,362,8,1,0.7,-2.09,Heatwave,0.7117,High
20259999,Chandrapur,261.6,22.2,23.0,90.7,0.91,Vidarbha,193,3,0,0.75,1.46,Landslide,0.7966,Severe
20259999,Dhule,208.1,106.7,25.0,89.3,0.91,Nashik Division,285,4,0,0.62,2.05,Cyclone,0.7298,Severe
20259999,Pune,166.9,15.7,25.4,87.1,0.82,Pune Division,603,10,0,0.75,3.68,Flood,0.7964,Severe
20259999,Thane,2.5,6.1,38.9,22.5,0.06,Konkan,1157,5,1,0.75,-2.54,Drought,0.9148,Severe
20259999,Washim,169.7,76.9,26.7,93.1,0.81,Vidarbha,244,3,0,0.65,0.56,Cyclone,0.5759,High
20259999,Sangli,206.2,24.1,20.5,88.3,0.85,Pune Division,329,5,0,0.65,0.54,Landslide,0.6839,High
20259999,Nashik,2.9,7.1,43.0,22.8,0.09,Nashik Division,393,8,0,0.7,-2.14,Drought,0.9113,Severe
20259999,Sindhudurg,135.4,180.7,23.5,92.9,0.85,Konkan,167,20,1,0.75,0.71,Cyclone,0.9804,Severe
20259999,Wardha,140.9,18.2,20.9,88.0,0.86,Vidarbha,206,2,0,0.65,0.22,Landslide,0.496,Medium
20259999,Nandurbar,189.1,72.2,25.6,91.4,0.76,Nashik Division,277,10,0,0.72,3.03,Cyclone,0.5963,High
20259999,Nagpur,314.4,36.3,27.4,88.3,0.97,Vidarbha,470,3,0,0.7,1.83,Flood,0.942,Severe
20259999,Amravati,104.9,87.4,23.3,91.9,0.83,Vidarbha,237,4,0,0.68,0.8,Cyclone,0.5167,High
20259999,Thane,0.0,14.4,41.7,11.2,0.06,Konkan,1157,5,1,0.75,-2.34,Heatwave,0.7076,High
20259999,Nagpur,139.2,72.3,24.8,97.5,0.85,Vidarbha,470,3,0,0.7,2.62,Cyclone,0.5198,High
20259999,Dhule,0.0,16.7,41.9,17.7,0.1,Nashik Division,285,4,0,0.62,-1.3,Heatwave,0.6894,High
20259999,Dhule,160.9,98.2,24.0,90.9,0.82,Nashik Division,285,4,0,0.62,1.58,Cyclone,0.6307,High
20259999,Nanded,102.5,28.0,22.5,83.5,0.89,Marathwada,319,3,0,0.72,0.65,Landslide,0.4336,Medium
20259999,Ahmednagar,0.4,13.3,42.2,33.2,0.09,Nashik Division,266,4,0,0.68,-2.74,Drought,0.9149,Severe
20259999,Aurangabad,209.1,81.1,25.8,95.9,0.77,Marathwada,366,3,0,0.72,2.04,Cyclone,0.656,High
20259999,Gadchiroli,210.9,17.2,22.5,84.8,0.98,Vidarbha,74,8,0,0.85,0.45,Landslide,0.7695,Severe
20259999,Raigad,1.6,5.6,38.0,23.9,0.07,Konkan,368,12,1,0.75,-1.54,Drought,0.9099,Severe
20259999,Bhandara,0.0,14.1,39.9,28.0,0.1,Vidarbha,294,2,0,0.68,-2.35,Drought,0.9026,Severe
20259999,Aurangabad,2.8,16.5,41.0,22.3,0.09,Marathwada,366,3,0,0.72,-2.53,Drought,0.9057,Severe
20259999,Mumbai City,238.5,44.9,26.8,94.5,0.87,Konkan,19652,2,1,0.85,3.06,Flood,0.8923,Severe
20259999,Buldhana,0.0,15.8,50.7,17.0,0.06,Vidarbha,268,3,0,0.68,-1.4,Heatwave,1.0,Severe
20259999,Nanded,149.3,18.5,23.0,94.8,0.92,Marathwada,319,3,0,0.72,2.52,Flood,0.7125,High
20259999,Raigad,159.3,17.4,20.6,89.4,0.84,Konkan,368,12,1,0.75,1.01,Landslide,0.6854,High
20259999,Mumbai City,268.7,37.9,23.4,97.6,0.9,Konkan,19652,2,1,0.85,1.53,Flood,0.8558,Severe
20259999,Parbhani,193.3,87.5,24.2,91.3,0.76,Marathwada,295,2,0,0.7,0.99,Cyclone,0.6516,High
20259999,Thane,91.4,172.5,23.5,91.8,0.9,Konkan,1157,5,1,0.75,2.92,Cyclone,0.8871,Severe
20259999,Osmanabad,1.2,15.0,42.9,34.0,0.1,Marathwada,219,3,0,0.75,-2.76,Drought,0.9174,Severe
20259999,Latur,170.5,85.6,24.1,93.9,0.82,Marathwada,343,2,0,0.75,2.66,Cyclone,0.6161,High
20259999,Thane,94.9,189.4,26.7,97.0,0.93,Konkan,1157,5,1,0.75,2.59,Cyclone,0.9487,Severe
20259999,Sindhudurg,164.0,148.6,25.1,92.6,0.94,Konkan,167,20,1,0.75,0.65,Cyclone,0.9163,Severe
20259999,Beed,284.1,17.2,24.9,91.3,0.84,Marathwada,242,2,0,0.8,6.15,Flood,1.0,Severe
20259999,Aurangabad,0.0,10.5,44.1,23.4,0.14,Marathwada,366,3,0,0.72,-2.24,Heatwave,0.7735,Severe
20259999,Jalna,0.0,11.6,41.1,27.4,0.07,Marathwada,254,2,0,0.7,-2.25,Heatwave,0.6469,High
20259999,Aurangabad,335.9,15.3,22.0,91.6,0.88,Marathwada,366,3,0,0.72,2.32,Flood,0.9934,Severe
20259999,Ahmednagar,174.1,27.8,20.1,94.6,0.91,Nashik Division,266,4,0,0.68,-0.62,Landslide,0.6067,High
20259999,Dhule,243.8,22.0,23.8,88.2,0.91,Nashik Division,285,4,0,0.62,4.27,Flood,0.9543,Severe
20259999,Mumbai Suburban,123.3,37.5,25.0,96.7,0.9,Konkan,20980,3,1,0.8,3.73,Flood,0.7465,Severe
20259999,Gondia,216.0,21.3,23.1,80.4,0.97,Vidarbha,253,5,0,0.7,0.61,Landslide,0.723,Severe
20259999,Hingoli,0.2,12.9,40.3,25.0,0.05,Marathwada,244,3,0,0.68,-2.2,Drought,0.926,Severe
20259999,Kolhapur,196.9,24.7,26.2,92.6,0.82,Pune Division,504,12,0,0.75,6.35,Flood,1.0,Severe
20259999,Nandurbar,0.0,13.5,44.2,21.0,0.08,Nashik Division,277,10,0,0.72,-1.46,Heatwave,0.7822,Severe
20259999,Buldhana,280.1,44.3,26.5,88.7,0.86,Vidarbha,268,3,0,0.68,3.42,Flood,0.9613,Severe
20259999,Buldhana,0.0,15.5,43.8,11.5,0.06,Vidarbha,268,3,0,0.68,-1.77,Heatwave,0.7817,Severe
20259999,Nandurbar,160.7,29.3,20.1,91.5,0.97,Nashik Division,277,10,0,0.72,-0.15,Landslide,0.6706,High
20259999,Jalgaon,0.7,17.5,40.8,34.5,0.1,Nashik Division,360,3,0,0.65,-2.28,Drought,0.9008,Severe
20259999,Kolhapur,222.0,13.7,24.1,85.9,0.94,Pune Division,504,12,0,0.75,-0.91,Landslide,0.8365,Severe
20259999,Washim,217.0,28.8,24.3,91.9,0.96,Vidarbha,244,3,0,0.65,0.69,Landslide,0.6912,High
20259999,Aurangabad,0.0,11.4,44.3,25.6,0.16,Marathwada,366,3,0,0.72,-1.26,Heatwave,0.7769,Severe
20259999,Aurangabad,176.9,41.5,24.2,93.1,0.91,Marathwada,366,3,0,0.72,5.41,Flood,0.9238,Severe
20259999,Solapur,142.8,82.2,24.5,97.8,0.92,Pune Division,290,2,0,0.7,1.68,Cyclone,0.5582,High
20259999,Pune,111.3,101.4,26.1,92.6,0.77,Pune Division,603,10,0,0.75,0.96,Cyclone,0.58,High
20259999,Beed,292.3,17.2,26.0,94.3,0.91,Marathwada,242,2,0,0.8,5.3,Flood,1.0,Severe
20259999,Ahmednagar,205.7,28.8,23.7,89.2,0.93,Nashik Division,266,4,0,0.68,-0.17,Landslide,0.6798,High
20259999,Thane,1.3,13.3,39.4,29.4,0.11,Konkan,1157,5,1,0.75,-2.54,Drought,0.8986,Severe
20259999,Nashik,270.6,23.4,26.8,90.6,0.8,Nashik Division,393,8,0,0.7,6.47,Flood,1.0,Severe
20259999,Pune,235.3,39.4,26.5,85.3,0.91,Pune Division,603,10,0,0.75,3.68,Flood,0.9193,Severe
20259999,Dhule,2.8,14.5,36.1,17.3,0.1,Nashik Division,285,4,0,0.62,-1.73,Drought,0.8716,Severe
20259999,Ratnagiri,0.0,14.3,41.7,24.3,0.12,Konkan,197,18,1,0.8,-1.6,Heatwave,0.6864,High
20259999,Beed,0.8,9.2,38.3,29.0,0.07,Marathwada,242,2,0,0.8,-2.22,Drought,0.9189,Severe
20259999,Dhule,2.3,9.2,39.1,20.5,0.06,Nashik Division,285,4,0,0.62,-1.98,Drought,0.9034,Severe
20259999,Sangli,0.0,19.7,43.0,27.9,0.1,Pune Division,329,5,0,0.65,-2.21,Heatwave,0.7148,High
20259999,Latur,328.1,39.6,26.4,92.9,0.9,Marathwada,343,2,0,0.75,6.48,Flood,1.0,Severe
20259999,Raigad,190.5,26.5,25.0,85.2,0.8,Konkan,368,12,1,0.75,2.79,Flood,0.7792,Severe
20259999,Solapur,238.2,23.7,23.4,86.0,0.96,Pune Division,290,2,0,0.7,0.15,Landslide,0.7299,Severe
20259999,Bhandara,0.0,10.3,51.5,14.3,0.06,Vidarbha,294,2,0,0.68,-2.41,Heatwave,1.0,Severe
20259999,Buldhana,0.6,8.0,37.9,15.8,0.04,Vidarbha,268,3,0,0.68,-2.02,Drought,0.9195,Severe
20259999,Pune,0.0,10.3,42.4,23.4,0.06,Pune Division,603,10,0,0.75,-2.09,Heatwave,0.7104,High
20259999,Thane,138.0,10.5,24.3,80.3,0.98,Konkan,1157,5,1,0.75,-0.45,Landslide,0.5535,High
20259999,Raigad,228.6,30.5,27.1,94.5,0.8,Konkan,368,12,1,0.75,2.55,Flood,0.8262,Severe
20259999,Gadchiroli,0.6,7.9,37.7,27.8,0.04,Vidarbha,74,8,0,0.85,-2.14,Drought,0.9357,Severe
20259999,Amravati,208.1,76.0,26.1,88.1,0.9,Vidarbha,237,4,0,0.68,2.58,Cyclone,0.6335,High
20259999,Jalna,163.9,15.6,24.0,91.7,0.96,Marathwada,254,2,0,0.7,-0.61,Landslide,0.5628,High
20259999,Hingoli,0.8,10.6,42.3,24.1,0.05,Marathwada,244,3,0,0.68,-2.76,Drought,0.9319,Severe
20259999,Nashik,2.9,15.1,36.8,26.2,0.06,Nashik Division,393,8,0,0.7,-1.81,Drought,0.9,Severe
20259999,Nagpur,171.4,28.4,20.5,90.7,0.93,Vidarbha,470,3,0,0.7,1.49,Landslide,0.5906,High
20259999,Jalgaon,205.7,20.6,20.7,83.3,0.94,Nashik Division,360,3,0,0.65,0.26,Landslide,0.6638,High
20259999,Sangli,264.3,11.1,20.5,83.7,0.85,Pune Division,329,5,0,0.65,-0.76,Landslide,0.8147,Severe
20259999,Yavatmal,1.7,12.1,38.4,29.1,0.1,Vidarbha,204,4,0,0.72,-2.48,Drought,0.8946,Severe
20259999,Washim,188.2,19.1,24.8,87.0,0.87,Vidarbha,244,3,0,0.65,2.61,Flood,0.7655,Severe
20259999,Nashik,0.1,12.2,37.2,15.0,0.1,Nashik Division,393,8,0,0.7,-1.99,Drought,0.8934,Severe
20259999,Nandurbar,127.2,86.7,23.3,92.2,0.78,Nashik Division,277,10,0,0.72,0.89,Cyclone,0.5518,High
20259999,Nanded,2.9,17.3,37.4,33.0,0.04,Marathwada,319,3,0,0.72,-2.24,Drought,0.9134,Severe
20259999,Kolhapur,346.0,15.2,25.8,94.6,0.96,Pune Division,504,12,0,0.75,5.92,Flood,1.0,Severe
20259999,Satara,174.7,97.3,25.0,90.8,0.88,Pune Division,287,15,0,0.7,3.37,Cyclone,0.6564,High
20259999,Latur,0.1,11.5,41.4,21.3,0.09,Marathwada,343,2,0,0.75,-1.6,Drought,0.9198,Severe
20259999,Satara,2.8,11.1,38.9,22.1,0.06,Pune Division,287,15,0,0.7,-1.99,Drought,0.9088,Severe
20259999,Bhandara,291.0,21.1,23.2,94.1,0.95,Vidarbha,294,2,0,0.68,2.71,Flood,0.9508,Severe
20259999,Pune,181.3,10.2,24.8,84.3,0.8,Pune Division,603,10,0,0.75,1.01,Landslide,0.7029,High
20259999,Osmanabad,0.0,15.3,45.5,19.7,0.11,Marathwada,219,3,0,0.75,-2.12,Heatwave,0.8384,Severe
20259999,Dhule,0.0,10.4,40.9,13.4,0.15,Nashik Division,285,4,0,0.62,-1.71,Heatwave,0.6591,High
20259999,Hingoli,0.4,11.6,42.3,18.2,0.09,Marathwada,244,3,0,0.68,-2.11,Drought,0.9153,Severe
20259999,Osmanabad,336.6,33.6,27.1,88.2,0.93,Marathwada,219,3,0,0.75,5.41,Flood,1.0,Severe
20259999,Jalgaon,0.5,15.7,36.7,24.3,0.05,Nashik Division,360,3,0,0.65,-2.76,Drought,0.9075,Severe
20259999,Satara,188.7,14.8,20.6,92.0,0.9,Pune Division,287,15,0,0.7,-0.61,Landslide,0.7946,Severe
20259999,Parbhani,128.4,77.3,26.2,89.7,0.77,Marathwada,295,2,0,0.7,1.81,Cyclone,0.5203,High
20259999,Latur,181.1,13.4,22.0,84.5,0.82,Marathwada,343,2,0,0.75,0.37,Landslide,0.5925,High
20259999,Beed,203.6,26.5,20.8,86.5,0.91,Marathwada,242,2,0,0.8,0.69,Landslide,0.6571,High
20259999,Washim,1.0,5.1,38.2,24.7,0.08,Vidarbha,244,3,0,0.65,-1.6,Drought,0.8983,Severe
20259999,Thane,0.0,18.0,46.0,24.0,0.12,Konkan,1157,5,1,0.75,-2.4,Heatwave,0.8492,Severe
20259999,Mumbai Suburban,2.3,6.6,40.6,20.9,0.09,Konkan,20980,3,1,0.8,-2.64,Drought,0.9138,Severe
20259999,Amravati,153.1,10.2,23.8,81.7,0.92,Vidarbha,237,4,0,0.68,1.31,Landslide,0.5605,High
20259999,Bhandara,306.1,25.6,27.4,95.2,0.79,Vidarbha,294,2,0,0.68,3.54,Flood,0.9994,Severe
20259999,Aurangabad,0.0,16.8,42.5,22.3,0.12,Marathwada,366,3,0,0.72,-1.23,Heatwave,0.7135,High
20259999,Chandrapur,1.3,14.4,41.8,33.0,0.04,Vidarbha,193,3,0,0.75,-2.55,Drought,0.9396,Severe
20259999,Gadchiroli,0.0,12.7,45.4,24.9,0.07,Vidarbha,74,8,0,0.85,-2.03,Heatwave,0.8341,Severe
20259999,Nanded,1.3,10.2,40.1,21.3,0.09,Marathwada,319,3,0,0.72,-2.63,Drought,0.9074,Severe
20259999,Latur,0.0,9.1,46.0,15.7,0.15,Marathwada,343,2,0,0.75,-1.98,Heatwave,0.8658,Severe
20259999,Washim,172.0,40.5,23.9,89.4,0.82,Vidarbha,244,3,0,0.65,6.31,Flood,0.9479,Severe
20259999,Satara,200.0,23.8,24.9,87.8,0.84,Pune Division,287,15,0,0.7,1.81,Flood,0.7382,Severe
20259999,Osmanabad,2.3,8.8,36.6,19.1,0.09,Marathwada,219,3,0,0.75,-1.55,Drought,0.8928,Severe
20259999,Chandrapur,0.0,11.1,47.8,25.2,0.06,Vidarbha,193,3,0,0.75,-1.72,Heatwave,0.9168,Severe
20259999,Ratnagiri,2.9,15.5,37.9,29.2,0.09,Konkan,197,18,1,0.8,-1.91,Drought,0.901,Severe
20259999,Sindhudurg,0.3,6.4,41.6,20.0,0.03,Konkan,167,20,1,0.75,-2.4,Drought,0.9468,Severe
20259999,Nashik,149.1,35.2,22.0,86.4,0.85,Nashik Division,393,8,0,0.7,1.92,Flood,0.6647,High
20259999,Akola,168.8,33.6,24.5,91.6,0.97,Vidarbha,320,2,0,0.65,3.6,Flood,0.8072,Severe
20259999,Bhandara,2.0,6.6,41.2,25.4,0.05,Vidarbha,294,2,0,0.68,-2.57,Drought,0.9233,Severe
20259999,Gadchiroli,156.6,22.6,26.7,90.6,0.82,Vidarbha,74,8,0,0.85,4.76,Flood,0.8529,Severe
20259999,Ahmednagar,122.5,15.5,21.3,85.7,0.94,Nashik Division,266,4,0,0.68,0.78,Landslide,0.4936,Medium
20259999,Jalgaon,277.7,32.2,26.3,95.0,0.93,Nashik Division,360,3,0,0.65,1.91,Flood,0.8769,Severe
20259999,Gondia,2.4,12.5,36.6,32.8,0.11,Vidarbha,253,5,0,0.7,-2.7,Drought,0.8785,Severe
20259999,Osmanabad,0.0,9.8,42.9,19.2,0.09,Marathwada,219,3,0,0.75,-1.29,Heatwave,0.7383,Severe
20259999,Chandrapur,121.5,77.4,23.5,92.9,0.91,Vidarbha,193,3,0,0.75,3.33,Cyclone,0.5152,High
20259999,Dhule,0.0,14.5,41.4,17.3,0.15,Nashik Division,285,4,0,0.62,-2.46,Heatwave,0.6707,High
20259999,Jalgaon,0.4,17.8,36.1,32.7,0.06,Nashik Division,360,3,0,0.65,-2.8,Drought,0.901,Severe
20259999,Latur,281.3,41.1,25.8,97.1,0.95,Marathwada,343,2,0,0.75,1.55,Flood,0.8747,Severe
20259999,Gadchiroli,0.9,10.9,36.7,20.6,0.08,Vidarbha,74,8,0,0.85,-2.67,Drought,0.9126,Severe
20259999,Mumbai Suburban,80.7,210.0,26.1,94.4,0.76,Konkan,20980,3,1,0.8,2.77,Cyclone,1.0,Severe
20259999,Yavatmal,0.0,6.4,47.8,19.0,0.09,Vidarbha,204,4,0,0.72,-2.28,Heatwave,0.9262,Severe
20259999,Wardha,292.9,19.6,24.4,93.5,0.95,Vidarbha,206,2,0,0.65,5.46,Flood,1.0,Severe
20259999,Beed,0.0,16.0,42.7,10.9,0.13,Marathwada,242,2,0,0.8,-1.66,Heatwave,0.7521,Severe
20259999,Hingoli,0.0,16.9,42.9,19.7,0.11,Marathwada,244,3,0,0.68,-2.13,Heatwave,0.7303,Severe
20259999,Washim,116.5,16.4,23.8,93.4,0.95,Vidarbha,244,3,0,0.65,-0.37,Landslide,0.4641,Medium
20259999,Chandrapur,0.6,17.6,39.8,18.7,0.1,Vidarbha,193,3,0,0.75,-2.41,Drought,0.9071,Severe
20259999,Sangli,135.1,80.4,25.0,96.9,0.92,Pune Division,329,5,0,0.65,2.01,Cyclone,0.5356,High
20259999,Jalgaon,0.7,5.5,38.2,30.9,0.06,Nashik Division,360,3,0,0.65,-2.51,Drought,0.9084,Severe
20259999,Parbhani,0.0,5.6,44.6,18.7,0.15,Marathwada,295,2,0,0.7,-1.99,Heatwave,0.8004,Severe
20259999,Mumbai Suburban,1.0,11.8,37.0,33.9,0.08,Konkan,20980,3,1,0.8,-2.92,Drought,0.9085,Severe
20259999,Pune,139.0,16.1,26.0,89.9,0.97,Pune Division,603,10,0,0.75,0.09,Landslide,0.6247,High
20259999,Aurangabad,0.0,14.0,42.5,12.9,0.07,Marathwada,366,3,0,0.72,-2.4,Heatwave,0.7323,Severe
20259999,Amravati,273.4,29.4,24.8,89.4,0.8,Vidarbha,237,4,0,0.68,5.31,Flood,1.0,Severe
20259999,Washim,0.7,17.0,37.6,25.6,0.06,Vidarbha,244,3,0,0.65,-2.83,Drought,0.906,Severe
20259999,Jalna,86.6,84.6,23.4,89.4,0.75,Marathwada,254,2,0,0.7,0.54,Cyclone,0.4819,Medium
20259999,Nandurbar,107.1,102.8,23.3,95.3,0.75,Nashik Division,277,10,0,0.72,2.57,Cyclone,0.5753,High
20259999,Pune,191.7,79.9,23.5,97.9,0.82,Pune Division,603,10,0,0.75,3.23,Cyclone,0.6289,High
20259999,Parbhani,133.8,21.3,20.3,92.0,0.88,Marathwada,295,2,0,0.7,0.75,Landslide,0.4871,Medium
20259999,Akola,149.8,77.5,24.5,96.0,0.81,Vidarbha,320,2,0,0.65,1.6,Cyclone,0.548,High
20259999,Buldhana,178.0,25.9,24.0,86.2,0.89,Vidarbha,268,3,0,0.68,1.42,Landslide,0.5995,High
20259999,Satara,187.0,28.2,21.9,94.5,0.82,Pune Division,287,15,0,0.7,1.26,Landslide,0.7827,Severe
20259999,Beed,0.9,16.5,42.3,20.8,0.04,Marathwada,242,2,0,0.8,-2.78,Drought,0.948,Severe
20259999,Kolhapur,0.0,12.1,42.8,25.9,0.08,Pune Division,504,12,0,0.75,-1.77,Heatwave,0.721,Severe
20259999,Solapur,1.8,17.4,40.2,33.0,0.05,Pune Division,290,2,0,0.7,-2.16,Drought,0.922,Severe
20259999,Palghar,152.4,33.4,23.3,93.3,0.97,Konkan,362,8,1,0.7,6.23,Flood,0.9394,Severe
20259999,Ahmednagar,130.8,21.2,23.5,89.9,0.93,Nashik Division,266,4,0,0.68,0.5,Landslide,0.5113,High
20259999,Solapur,0.0,13.6,45.1,26.6,0.1,Pune Division,290,2,0,0.7,-1.67,Heatwave,0.804,Severe
20259999,Ahmednagar,165.1,83.2,23.9,94.9,0.91,Nashik Division,266,4,0,0.68,1.59,Cyclone,0.593,High
20259999,Aurangabad,253.9,27.6,24.0,84.6,0.89,Marathwada,366,3,0,0.72,0.78,Landslide,0.7743,Severe
20259999,Osmanabad,2.8,13.9,40.6,26.1,0.05,Marathwada,219,3,0,0.75,-2.07,Drought,0.9251,Severe
20259999,Hingoli,0.0,7.9,44.9,21.9,0.12,Marathwada,244,3,0,0.68,-1.96,Heatwave,0.8036,Severe
20259999,Mumbai City,0.0,15.4,44.4,19.2,0.16,Konkan,19652,2,1,0.85,-1.26,Heatwave,0.8066,Severe
20259999,Nagpur,1.6,11.7,36.4,26.5,0.1,Vidarbha,470,3,0,0.7,-1.83,Drought,0.885,Severe
20259999,Sangli,128.8,17.2,21.4,84.7,0.9,Pune Division,329,5,0,0.65,-0.09,Landslide,0.5148,High
20259999,Gondia,89.0,80.7,23.7,92.9,0.82,Vidarbha,253,5,0,0.7,0.71,Cyclone,0.4725,Medium
20259999,Akola,270.9,31.7,27.1,87.4,0.95,Vidarbha,320,2,0,0.65,4.39,Flood,1.0,Severe
20259999,Osmanabad,182.9,26.7,24.8,86.1,0.95,Marathwada,219,3,0,0.75,2.11,Flood,0.7499,Severe
20259999,Jalna,237.8,41.6,27.9,85.3,0.86,Marathwada,254,2,0,0.7,5.59,Flood,1.0,Severe
20259999,Latur,2.8,16.9,42.4,16.6,0.04,Marathwada,343,2,0,0.75,-1.52,Drought,0.9368,Severe
20259999,Dhule,174.8,38.1,23.6,94.5,0.95,Nashik Division,285,4,0,0.62,5.42,Flood,0.917,Severe
20259999,Chandrapur,0.0,11.0,46.7,18.8,0.07,Vidarbha,193,3,0,0.75,-1.91,Heatwave,0.8868,Severe
20259999,Ahmednagar,242.3,39.6,25.1,88.0,0.91,Nashik Division,266,4,0,0.68,5.49,Flood,1.0,Severe
20259999,Nashik,218.4,29.5,24.5,81.0,0.83,Nashik Division,393,8,0,0.7,1.05,Landslide,0.7564,Severe
20259999,Thane,0.0,15.6,44.2,27.9,0.1,Konkan,1157,5,1,0.75,-1.54,Heatwave,0.7714,Severe
20259999,Bhandara,183.3,13.7,25.0,92.6,0.84,Vidarbha,294,2,0,0.68,-0.2,Landslide,0.5924,High
20259999,Nashik,2.2,13.5,43.0,32.4,0.06,Nashik Division,393,8,0,0.7,-2.51,Drought,0.9273,Severe
20259999,Nashik,229.3,37.1,22.1,97.0,0.93,Nashik Division,393,8,0,0.7,3.47,Flood,0.8955,Severe
20259999,Buldhana,118.5,26.3,24.6,89.5,0.82,Vidarbha,268,3,0,0.68,-0.34,Landslide,0.4586,Medium
20259999,Jalna,178.1,14.5,22.1,89.8,0.96,Marathwada,254,2,0,0.7,-0.04,Landslide,0.5947,High
20259999,Raigad,209.0,160.3,23.1,90.7,0.78,Konkan,368,12,1,0.75,1.87,Cyclone,1.0,Severe
20259999,Solapur,182.1,19.3,25.7,84.8,0.96,Pune Division,290,2,0,0.7,1.44,Landslide,0.6037,High
20259999,Raigad,222.4,38.6,22.2,92.6,0.9,Konkan,368,12,1,0.75,6.14,Flood,1.0,Severe
20259999,Nashik,0.0,15.6,45.4,13.0,0.13,Nashik Division,393,8,0,0.7,-1.55,Heatwave,0.8429,Severe
20259999,Gondia,0.0,6.2,48.6,10.9,0.09,Vidarbha,253,5,0,0.7,-1.99,Heatwave,0.9715,Severe
20259999,Solapur,300.3,42.9,26.4,95.1,0.79,Pune Division,290,2,0,0.7,2.52,Flood,0.9326,Severe
20259999,Dhule,158.6,97.7,24.5,88.4,0.82,Nashik Division,285,4,0,0.62,1.75,Cyclone,0.6256,High
20259999,Raigad,0.0,16.4,42.4,16.0,0.16,Konkan,368,12,1,0.75,-1.57,Heatwave,0.7252,Severe
20259999,Buldhana,209.8,104.3,23.4,89.0,0.85,Vidarbha,268,3,0,0.68,2.06,Cyclone,0.7304,Severe
20259999,Parbhani,80.3,95.6,26.9,90.3,0.93,Marathwada,295,2,0,0.7,0.38,Cyclone,0.5091,High
20259999,Parbhani,142.3,29.9,20.0,89.6,0.96,Marathwada,295,2,0,0.7,0.68,Landslide,0.5142,High
20259999,Satara,0.0,18.4,42.6,20.3,0.16,Pune Division,287,15,0,0.7,-1.22,Heatwave,0.7194,High
20259999,Satara,103.1,84.9,23.8,94.6,0.85,Pune Division,287,15,0,0.7,0.81,Cyclone,0.5076,High
20259999,Chandrapur,199.5,109.5,24.6,97.1,0.82,Vidarbha,193,3,0,0.75,2.34,Cyclone,0.7392,Severe
20259999,Mumbai Suburban,1.2,13.8,38.1,20.3,0.08,Konkan,20980,3,1,0.8,-1.53,Drought,0.9122,Severe
20259999,Buldhana,314.3,22.6,23.7,96.5,0.8,Vidarbha,268,3,0,0.68,4.53,Flood,1.0,Severe
20259999,Jalgaon,81.8,106.9,24.5,90.6,0.86,Nashik Division,360,3,0,0.65,2.22,Cyclone,0.544,High
20259999,Sindhudurg,237.9,31.5,24.5,86.9,0.84,Konkan,167,20,1,0.75,2.73,Flood,0.8576,Severe
20259999,Bhandara,0.0,5.1,43.9,13.7,0.09,Vidarbha,294,2,0,0.68,-1.8,Heatwave,0.7812,Severe
20259999,Pune,149.7,27.4,20.9,87.4,0.97,Pune Division,603,10,0,0.75,0.56,Landslide,0.6488,High
20259999,Gondia,219.2,15.6,25.9,93.2,0.8,Vidarbha,253,5,0,0.7,3.81,Flood,0.8796,Severe
20259999,Mumbai City,183.0,19.2,24.9,92.4,0.94,Konkan,19652,2,1,0.85,-0.09,Landslide,0.6187,High
20259999,Beed,0.0,10.2,44.1,22.6,0.16,Marathwada,242,2,0,0.8,-1.91,Heatwave,0.7831,Severe
20259999,Hingoli,340.2,32.9,22.1,86.4,0.95,Marathwada,244,3,0,0.68,5.65,Flood,1.0,Severe
20259999,Nashik,0.0,7.1,42.7,10.4,0.1,Nashik Division,393,8,0,0.7,-1.22,Heatwave,0.7431,Severe
20259999,Palghar,147.4,29.2,23.7,96.6,0.82,Konkan,362,8,1,0.7,3.79,Flood,0.7666,Severe
20259999,Amravati,192.5,26.6,21.4,85.7,0.94,Vidarbha,237,4,0,0.68,0.32,Landslide,0.6511,High
20259999,Yavatmal,178.4,28.4,24.2,81.8,0.9,Vidarbha,204,4,0,0.72,1.27,Landslide,0.6194,High
20259999,Wardha,149.0,96.1,26.1,94.9,0.95,Vidarbha,206,2,0,0.65,1.79,Cyclone,0.6088,High
20259999,Dhule,0.0,18.1,40.3,27.6,0.16,Nashik Division,285,4,0,0.62,-1.72,Heatwave,0.6074,High
20259999,Nashik,131.5,29.3,22.3,94.3,0.85,Nashik Division,393,8,0,0.7,2.5,Flood,0.6704,High
20259999,Raigad,2.5,5.8,42.8,16.9,0.07,Konkan,368,12,1,0.75,-2.16,Drought,0.9259,Severe
20259999,Osmanabad,0.0,18.7,42.8,12.6,0.13,Marathwada,219,3,0,0.75,-1.64,Heatwave,0.7476,Severe
20259999,Thane,0.3,7.8,39.1,34.9,0.07,Konkan,1157,5,1,0.75,-2.17,Drought,0.9188,Severe
20259999,Bhandara,241.0,14.5,21.8,81.5,0.92,Vidarbha,294,2,0,0.68,-0.55,Landslide,0.7303,Severe
20259999,Hingoli,100.7,17.1,20.7,86.4,0.84,Marathwada,244,3,0,0.68,1.06,Landslide,0.4206,Medium
20259999,Buldhana,0.0,10.7,50.0,23.7,0.14,Vidarbha,268,3,0,0.68,-1.26,Heatwave,0.9984,Severe
20259999,Palghar,308.9,30.3,23.7,88.9,0.82,Konkan,362,8,1,0.7,2.22,Flood,0.9334,Severe
20259999,Buldhana,0.2,16.5,42.5,26.7,0.1,Vidarbha,268,3,0,0.68,-2.72,Drought,0.9123,Severe
20259999,Sindhudurg,114.4,24.2,23.0,88.6,0.89,Konkan,167,20,1,0.75,0.21,Landslide,0.7014,High
20259999,Solapur,192.2,71.2,24.6,95.4,0.94,Pune Division,290,2,0,0.7,1.07,Cyclone,0.5956,High
20259999,Amravati,135.5,16.6,23.7,85.5,0.92,Vidarbha,237,4,0,0.68,-0.41,Landslide,0.5209,High
20259999,Bhandara,94.5,99.4,25.2,96.2,0.82,Vidarbha,294,2,0,0.68,2.67,Cyclone,0.5411,High
20259999,Jalna,0.0,17.3,43.9,22.9,0.14,Marathwada,254,2,0,0.7,-1.55,Heatwave,0.7648,Severe
20259999,Buldhana,0.0,11.4,46.7,23.0,0.07,Vidarbha,268,3,0,0.68,-1.43,Heatwave,0.8714,Severe
20259999,Gondia,2.3,17.7,43.0,32.7,0.04,Vidarbha,253,5,0,0.7,-2.36,Drought,0.9359,Severe
20259999,Palghar,306.0,19.5,24.3,85.9,0.88,Konkan,362,8,1,0.7,4.49,Flood,1.0,Severe
20259999,Gadchiroli,162.7,83.6,25.9,95.6,0.81,Vidarbha,74,8,0,0.85,0.24,Cyclone,0.6077,High
20259999,Parbhani,208.7,19.0,23.1,95.0,0.9,Marathwada,295,2,0,0.7,4.01,Flood,0.8895,Severe
20259999,Sangli,0.0,7.1,41.9,16.7,0.08,Pune Division,329,5,0,0.65,-1.38,Heatwave,0.6944,High
20259999,Nashik,0.0,8.6,41.6,14.1,0.13,Nashik Division,393,8,0,0.7,-2.05,Heatwave,0.6929,High
20259999,Wardha,0.0,17.6,50.5,15.8,0.08,Vidarbha,206,2,0,0.65,-2.1,Heatwave,1.0,Severe
20259999,Mumbai City,0.0,17.5,42.0,20.7,0.07,Konkan,19652,2,1,0.85,-1.89,Heatwave,0.7103,High
20259999,Aurangabad,0.2,12.5,37.7,28.5,0.09,Marathwada,366,3,0,0.72,-1.79,Drought,0.9016,Severe
20259999,Sangli,88.5,101.7,25.4,96.4,0.82,Pune Division,329,5,0,0.65,1.59,Cyclone,0.5368,High
20259999,Amravati,0.0,16.9,47.0,23.0,0.11,Vidarbha,237,4,0,0.68,-2.06,Heatwave,0.8831,Severe
20259999,Beed,142.8,94.1,23.2,90.8,0.75,Marathwada,242,2,0,0.8,1.25,Cyclone,0.6079,High
20259999,Gadchiroli,1.0,6.6,40.2,22.5,0.1,Vidarbha,74,8,0,0.85,-2.35,Drought,0.9173,Severe
20259999,Buldhana,190.9,21.3,24.3,92.9,0.91,Vidarbha,268,3,0,0.68,4.39,Flood,0.8827,Severe
20259999,Nashik,121.2,11.2,21.9,82.0,0.89,Nashik Division,393,8,0,0.7,0.3,Landslide,0.5437,High
20259999,Wardha,291.4,44.1,27.3,86.5,0.85,Vidarbha,206,2,0,0.65,2.78,Flood,0.9376,Severe
20259999,Satara,247.3,21.8,26.3,94.5,0.78,Pune Division,287,15,0,0.7,3.48,Flood,0.9023,Severe
20259999,Gadchiroli,177.8,87.4,25.9,95.6,0.92,Vidarbha,74,8,0,0.85,0.81,Cyclone,0.643,High
20259999,Chandrapur,0.1,15.2,36.3,21.2,0.08,Vidarbha,193,3,0,0.75,-2.39,Drought,0.9038,Severe
20259999,Nanded,0.0,17.0,45.8,16.3,0.05,Marathwada,319,3,0,0.72,-2.45,Heatwave,0.8538,Severe
20259999,Thane,121.8,25.3,26.5,97.5,0.87,Konkan,1157,5,1,0.75,3.33,Flood,0.7113,High
20259999,Palghar,1.8,7.4,40.6,24.1,0.08,Konkan,362,8,1,0.7,-2.64,Drought,0.9101,Severe
20259999,Sangli,308.1,28.2,25.1,88.8,0.95,Pune Division,329,5,0,0.65,4.11,Flood,1.0,Severe
20259999,Mumbai Suburban,271.3,23.3,26.9,89.0,0.98,Konkan,20980,3,1,0.8,4.53,Flood,1.0,Severe
20259999,Yavatmal,0.2,9.5,41.2,28.1,0.05,Vidarbha,204,4,0,0.72,-2.47,Drought,0.9336,Severe
20259999,Mumbai City,162.0,16.2,21.2,86.1,0.84,Konkan,19652,2,1,0.85,1.41,Landslide,0.5615,High
20259999,Jalna,2.7,10.6,38.6,19.6,0.08,Marathwada,254,2,0,0.7,-1.97,Drought,0.899,Severe
20259999,Kolhapur,0.0,5.8,45.5,27.6,0.1,Pune Division,504,12,0,0.75,-1.7,Heatwave,0.8226,Severe
20259999,Pune,1.0,6.0,39.2,31.4,0.03,Pune Division,603,10,0,0.75,-2.13,Drought,0.9348,Severe
20259999,Thane,0.0,8.4,44.8,11.6,0.08,Konkan,1157,5,1,0.75,-2.24,Heatwave,0.8274,Severe
20259999,Chandrapur,177.9,98.8,24.3,92.4,0.79,Vidarbha,193,3,0,0.75,2.35,Cyclone,0.6712,High
20259999,Satara,0.4,9.2,41.2,15.5,0.05,Pune Division,287,15,0,0.7,-2.76,Drought,0.9309,Severe
20259999,Satara,187.3,29.2,22.6,85.3,0.98,Pune Division,287,15,0,0.7,0.33,Landslide,0.7994,Severe
20259999,Akola,164.8,30.4,24.6,88.5,0.81,Vidarbha,320,2,0,0.65,3.06,Flood,0.7453,Severe
20259999,Gondia,110.5,13.1,25.7,88.1,0.81,Vidarbha,253,5,0,0.7,0.73,Landslide,0.4696,Medium
20259999,Sangli,127.3,32.8,27.2,90.3,0.83,Pune Division,329,5,0,0.65,3.96,Flood,0.7408,Severe
20259999,Parbhani,121.8,17.3,26.3,90.2,0.94,Marathwada,295,2,0,0.7,4.75,Flood,0.7996,Severe
20259999,Thane,116.2,112.8,26.0,89.6,0.92,Konkan,1157,5,1,0.75,0.46,Cyclone,0.7253,Severe
20259999,Beed,255.9,41.8,22.7,90.9,0.87,Marathwada,242,2,0,0.8,3.18,Flood,0.9221,Severe
20259999,Thane,0.0,14.8,40.8,16.8,0.15,Konkan,1157,5,1,0.75,-1.7,Heatwave,0.6614,High
20259999,Sangli,175.3,33.4,25.7,85.6,0.9,Pune Division,329,5,0,0.65,3.37,Flood,0.7937,Severe
20259999,Nagpur,199.4,10.0,23.8,91.2,0.84,Vidarbha,470,3,0,0.7,0.16,Landslide,0.6446,High
20259999,Nanded,200.6,42.5,24.3,95.7,0.82,Marathwada,319,3,0,0.72,1.74,Flood,0.7341,Severe
20259999,Raigad,150.5,160.4,24.1,88.7,0.85,Konkan,368,12,1,0.75,3.04,Cyclone,0.9354,Severe
20259999,Aurangabad,215.2,84.0,23.4,95.3,0.77,Marathwada,366,3,0,0.72,0.96,Cyclone,0.6748,High
20259999,Gondia,329.8,28.6,23.4,87.1,0.86,Vidarbha,253,5,0,0.7,5.06,Flood,1.0,Severe
20259999,Jalna,161.9,74.2,24.0,89.7,0.87,Marathwada,254,2,0,0.7,2.66,Cyclone,0.5602,High
20259999,Nandurbar,204.1,12.0,25.6,85.1,0.98,Nashik Division,277,10,0,0.72,1.45,Landslide,0.7692,Severe
20259999,Nashik,0.1,5.8,36.6,30.5,0.05,Nashik Division,393,8,0,0.7,-1.91,Drought,0.9136,Severe
20259999,Osmanabad,227.8,34.1,27.6,92.7,0.95,Marathwada,219,3,0,0.75,5.81,Flood,1.0,Severe
20259999,Sangli,215.1,18.9,20.5,85.7,0.98,Pune Division,329,5,0,0.65,-0.88,Landslide,0.717,High
20259999,Gadchiroli,0.0,17.6,48.8,20.3,0.13,Vidarbha,74,8,0,0.85,-1.94,Heatwave,0.9755,Severe
20259999,Jalgaon,140.5,108.5,25.7,93.3,0.76,Nashik Division,360,3,0,0.65,3.33,Cyclone,0.6374,High
20259999,Hingoli,276.7,24.7,22.8,89.2,0.82,Marathwada,244,3,0,0.68,0.4,Landslide,0.8146,Severe
20259999,Dhule,211.8,10.4,22.1,81.5,0.85,Nashik Division,285,4,0,0.62,-0.83,Landslide,0.6796,High
20259999,Buldhana,161.9,77.6,23.8,96.0,0.81,Vidarbha,268,3,0,0.68,1.1,Cyclone,0.5695,High
20259999,Wardha,277.3,23.6,22.2,87.6,0.86,Vidarbha,206,2,0,0.65,2.34,Flood,0.8908,Severe
20259999,Palghar,107.1,185.4,24.1,97.4,0.77,Konkan,362,8,1,0.7,1.92,Cyclone,0.9486,Severe
20259999,Sindhudurg,2.2,8.4,42.5,23.2,0.05,Konkan,167,20,1,0.75,-2.49,Drought,0.9348,Severe
20259999,Osmanabad,273.1,17.7,25.4,92.3,0.91,Marathwada,219,3,0,0.75,0.64,Landslide,0.8225,Severe
20259999,Buldhana,0.0,14.8,47.4,10.6,0.15,Vidarbha,268,3,0,0.68,-1.33,Heatwave,0.9235,Severe
20259999,Gadchiroli,0.0,5.4,49.6,24.3,0.11,Vidarbha,74,8,0,0.85,-1.98,Heatwave,0.9986,Severe
20259999,Gondia,83.4,87.6,23.7,97.4,0.87,Vidarbha,253,5,0,0.7,2.82,Cyclone,0.4871,Medium
20259999,Amravati,250.3,20.8,20.0,93.5,0.83,Vidarbha,237,4,0,0.68,0.13,Landslide,0.7702,Severe
20259999,Mumbai Suburban,248.3,25.4,24.5,95.4,0.81,Konkan,20980,3,1,0.8,4.6,Flood,0.9838,Severe
20259999,Ahmednagar,2.2,12.2,39.3,28.4,0.09,Nashik Division,266,4,0,0.68,-1.54,Drought,0.897,Severe
20259999,Beed,0.3,7.0,42.9,21.3,0.08,Marathwada,242,2,0,0.8,-2.59,Drought,0.9346,Severe
20259999,Ratnagiri,0.0,15.1,42.9,17.9,0.08,Konkan,197,18,1,0.8,-2.0,Heatwave,0.7459,Severe
20259999,Bhandara,96.2,95.8,23.4,94.6,0.86,Vidarbha,294,2,0,0.68,1.51,Cyclone,0.5316,High
20259999,Palghar,80.3,103.2,23.2,97.7,0.78,Konkan,362,8,1,0.7,0.16,Cyclone,0.6344,High
20259999,Mumbai Suburban,0.0,13.8,45.7,22.6,0.08,Konkan,20980,3,1,0.8,-1.28,Heatwave,0.8454,Severe
20259999,Hingoli,185.5,72.3,23.2,97.3,0.77,Marathwada,244,3,0,0.68,0.18,Cyclone,0.5873,High
20259999,Palghar,0.0,6.4,44.8,23.4,0.12,Konkan,362,8,1,0.7,-2.01,Heatwave,0.7988,Severe
20259999,Palghar,243.8,13.1,21.1,94.7,0.93,Konkan,362,8,1,0.7,-0.37,Landslide,0.8236,Severe
20259999,Kolhapur,2.5,14.5,41.8,19.2,0.08,Pune Division,504,12,0,0.75,-2.94,Drought,0.9174,Severe
20259999,Nashik,135.3,23.9,21.6,93.7,0.85,Nashik Division,393,8,0,0.7,0.39,Landslide,0.5714,High
20259999,Satara,2.2,12.5,37.6,15.3,0.09,Pune Division,287,15,0,0.7,-2.65,Drought,0.8922,Severe
20259999,Satara,183.9,20.6,24.5,91.7,0.92,Pune Division,287,15,0,0.7,1.35,Landslide,0.7858,Severe
20259999,Nandurbar,0.1,14.4,42.2,26.4,0.03,Nashik Division,277,10,0,0.72,-2.67,Drought,0.947,Severe
20259999,Satara,221.0,19.4,27.4,95.5,0.79,Pune Division,287,15,0,0.7,2.74,Flood,0.8186,Severe
20259999,Pune,205.5,25.5,20.8,92.0,0.91,Pune Division,603,10,0,0.75,1.45,Landslide,0.7684,Severe
20259999,Latur,245.2,20.7,24.8,84.1,0.89,Marathwada,343,2,0,0.75,0.41,Landslide,0.7437,Severe
20259999,Jalna,182.3,102.2,26.1,94.1,0.8,Marathwada,254,2,0,0.7,0.66,Cyclone,0.6841,High
20259999,Nandurbar,261.5,28.4,23.0,91.9,0.84,Nashik Division,277,10,0,0.72,1.98,Flood,0.8486,Severe
20259999,Yavatmal,212.5,22.7,22.2,86.6,0.81,Vidarbha,204,4,0,0.72,2.41,Flood,0.7907,Severe
20259999,Hingoli,100.6,87.6,23.4,91.0,0.91,Marathwada,244,3,0,0.68,1.28,Cyclone,0.5109,High
20259999,Satara,212.9,31.7,22.2,93.2,0.86,Pune Division,287,15,0,0.7,1.55,Flood,0.7467,Severe
20259999,Nagpur,2.7,14.1,42.6,20.0,0.09,Vidarbha,470,3,0,0.7,-1.79,Drought,0.9104,Severe
20259999,Jalgaon,2.1,9.8,42.1,31.9,0.04,Nashik Division,360,3,0,0.65,-1.64,Drought,0.928,Severe
20259999,Kolhapur,2.4,11.6,38.8,33.3,0.05,Pune Division,504,12,0,0.75,-2.61,Drought,0.9193,Severe
20259999,Parbhani,211.4,104.4,23.9,96.6,0.8,Marathwada,295,2,0,0.7,3.4,Cyclone,0.7351,Severe
20259999,Beed,1.7,7.4,40.5,16.5,0.08,Marathwada,242,2,0,0.8,-1.79,Drought,0.92,Severe
20259999,Osmanabad,0.0,15.4,42.0,14.5,0.13,Marathwada,219,3,0,0.75,-1.24,Heatwave,0.7127,High
20259999,Nagpur,0.0,6.4,50.2,25.6,0.11,Vidarbha,470,3,0,0.7,-2.02,Heatwave,1.0,Severe
20259999,Solapur,0.0,10.3,45.9,27.2,0.12,Pune Division,290,2,0,0.7,-2.07,Heatwave,0.8339,Severe
20259999,Beed,0.0,14.4,40.1,21.3,0.15,Marathwada,242,2,0,0.8,-2.19,Heatwave,0.6302,High
20259999,Chandrapur,179.1,81.7,25.8,89.8,0.87,Vidarbha,193,3,0,0.75,3.01,Cyclone,0.616,High
20259999,Nagpur,115.0,71.0,24.7,94.3,0.78,Vidarbha,470,3,0,0.7,2.68,Cyclone,0.4792,Medium
20259999,Dhule,1.9,14.5,41.5,23.8,0.07,Nashik Division,285,4,0,0.62,-1.52,Drought,0.9098,Severe
20259999,Sindhudurg,215.4,35.6,23.6,87.0,0.93,Konkan,167,20,1,0.75,3.68,Flood,0.8905,Severe
20259999,Nandurbar,2.7,17.1,40.2,24.6,0.04,Nashik Division,277,10,0,0.72,-1.81,Drought,0.9253,Severe
20259999,Aurangabad,2.3,5.1,38.9,23.2,0.1,Marathwada,366,3,0,0.72,-2.9,Drought,0.8946,Severe
20259999,Sangli,124.5,23.2,24.8,89.6,0.94,Pune Division,329,5,0,0.65,0.52,Landslide,0.5091,High
20259999,Nashik,1.1,17.4,38.0,16.3,0.06,Nashik Division,393,8,0,0.7,-2.45,Drought,0.9111,Severe
20259999,Solapur,0.9,5.6,39.9,31.7,0.06,Pune Division,290,2,0,0.7,-2.07,Drought,0.9194,Severe
20259999,Pune,2.4,7.5,41.1,25.0,0.09,Pune Division,603,10,0,0.75,-2.26,Drought,0.9105,Severe
20259999,Raigad,202.6,19.8,23.1,93.2,0.96,Konkan,368,12,1,0.75,0.13,Landslide,0.7949,Severe
20259999,Washim,269.4,23.3,25.2,93.2,0.91,Vidarbha,244,3,0,0.65,4.43,Flood,1.0,Severe
20259999,Chandrapur,0.1,9.4,39.0,16.2,0.1,Vidarbha,193,3,0,0.75,-2.48,Drought,0.9056,Severe
20259999,Osmanabad,0.0,17.8,43.4,22.8,0.15,Marathwada,219,3,0,0.75,-1.2,Heatwave,0.7505,Severe
20259999,Jalna,0.9,8.9,38.2,17.0,0.03,Marathwada,254,2,0,0.7,-2.13,Drought,0.9262,Severe
20259999,Ahmednagar,2.5,16.3,36.3,18.2,0.05,Nashik Division,266,4,0,0.68,-2.11,Drought,0.902,Severe
20259999,Ahmednagar,2.2,16.5,37.3,34.9,0.09,Nashik Division,266,4,0,0.68,-2.79,Drought,0.889,Severe
20259999,Nandurbar,1.9,16.5,37.4,29.6,0.05,Nashik Division,277,10,0,0.72,-1.79,Drought,0.9124,Severe
20259999,Chandrapur,217.1,93.4,25.3,97.5,0.84,Vidarbha,193,3,0,0.75,1.53,Cyclone,0.712,High
20259999,Ratnagiri,200.9,137.8,23.1,92.4,0.85,Konkan,197,18,1,0.8,2.12,Cyclone,0.9407,Severe
20259999,Nagpur,147.8,87.1,25.7,95.7,0.9,Vidarbha,470,3,0,0.7,1.2,Cyclone,0.582,High
20259999,Pune,276.5,17.4,25.7,92.0,0.88,Pune Division,603,10,0,0.75,0.35,Landslide,0.9251,Severe
20259999,Hingoli,113.8,28.7,23.6,94.0,0.91,Marathwada,244,3,0,0.68,0.08,Landslide,0.457,Medium
20259999,Osmanabad,2.4,6.8,41.5,35.0,0.1,Marathwada,219,3,0,0.75,-1.87,Drought,0.9076,Severe
20259999,Akola,0.0,11.3,49.6,23.0,0.12,Vidarbha,320,2,0,0.65,-1.46,Heatwave,0.9812,Severe
20259999,Nashik,181.0,26.5,22.1,90.0,0.94,Nashik Division,393,8,0,0.7,4.21,Flood,0.8628,Severe
20259999,Latur,184.6,15.8,22.9,86.1,0.97,Marathwada,343,2,0,0.75,-0.9,Landslide,0.6154,High
20259999,Chandrapur,0.0,8.3,47.0,23.3,0.09,Vidarbha,193,3,0,0.75,-2.46,Heatwave,0.8895,Severe
20259999,Ratnagiri,95.9,198.9,25.1,93.2,0.94,Konkan,197,18,1,0.8,2.29,Cyclone,0.9868,Severe
20259999,Nandurbar,0.7,6.7,41.3,28.8,0.08,Nashik Division,277,10,0,0.72,-2.94,Drought,0.9187,Severe
20259999,Raigad,0.0,8.5,45.5,23.5,0.09,Konkan,368,12,1,0.75,-1.59,Heatwave,0.8308,Severe
20259999,Gadchiroli,0.0,6.1,45.4,13.6,0.15,Vidarbha,74,8,0,0.85,-2.27,Heatwave,0.8567,Severe
20259999,Mumbai City,0.0,13.2,43.7,24.5,0.09,Konkan,19652,2,1,0.85,-1.81,Heatwave,0.7688,Severe
20259999,Beed,0.0,15.3,42.1,27.6,0.08,Marathwada,242,2,0,0.8,-2.49,Heatwave,0.6954,High
20259999,Washim,108.0,24.0,24.4,86.9,0.92,Vidarbha,244,3,0,0.65,0.35,Landslide,0.442,Medium
20259999,Gadchiroli,165.9,23.1,24.6,90.8,0.93,Vidarbha,74,8,0,0.85,3.34,Flood,0.8014,Severe
20259999,Parbhani,145.3,14.3,24.4,87.1,0.93,Marathwada,295,2,0,0.7,0.04,Landslide,0.5179,High
20259999,Ratnagiri,93.4,200.5,25.9,95.4,0.87,Konkan,197,18,1,0.8,1.7,Cyclone,0.9884,Severe
20259999,Sangli,275.1,17.0,25.5,88.6,0.87,Pune Division,329,5,0,0.65,4.29,Flood,1.0,Severe
20259999,Wardha,316.4,33.0,23.6,91.2,0.86,Vidarbha,206,2,0,0.65,3.27,Flood,1.0,Severe
20259999,Osmanabad,265.6,10.8,24.5,80.5,0.88,Marathwada,219,3,0,0.75,0.15,Landslide,0.8026,Severe
20259999,Raigad,104.4,20.8,25.2,91.6,0.93,Konkan,368,12,1,0.75,-0.65,Landslide,0.5709,High
20259999,Pune,181.4,21.9,22.4,87.5,0.87,Pune Division,603,10,0,0.75,4.02,Flood,0.8469,Severe
20259999,Akola,269.6,25.1,24.2,95.2,0.89,Vidarbha,320,2,0,0.65,6.27,Flood,1.0,Severe
20259999,Gadchiroli,1.6,12.2,38.3,19.9,0.1,Vidarbha,74,8,0,0.85,-2.84,Drought,0.9076,Severe
20259999,Gadchiroli,214.2,12.1,23.1,88.7,0.93,Vidarbha,74,8,0,0.85,-0.41,Landslide,0.7719,Severe
20259999,Ratnagiri,110.4,217.8,26.9,95.1,0.92,Konkan,197,18,1,0.8,0.31,Cyclone,1.0,Severe
20259999,Satara,0.0,9.2,43.1,22.0,0.08,Pune Division,287,15,0,0.7,-2.32,Heatwave,0.7354,Severe
20259999,Latur,163.7,13.0,20.9,80.7,0.95,Marathwada,343,2,0,0.75,-0.45,Landslide,0.5663,High
20259999,Nandurbar,0.0,19.5,43.6,23.0,0.12,Nashik Division,277,10,0,0.72,-2.31,Heatwave,0.7549,Severe
20259999,Latur,123.7,18.0,23.4,88.4,0.82,Marathwada,343,2,0,0.75,-0.91,Landslide,0.4633,Medium
20259999,Aurangabad,165.5,29.3,24.7,91.7,0.92,Marathwada,366,3,0,0.72,4.91,Flood,0.8779,Severe
20259999,Latur,111.3,21.7,25.7,88.2,0.88,Marathwada,343,2,0,0.75,-0.67,Landslide,0.4414,Medium
20259999,Nagpur,2.6,14.6,39.2,34.7,0.07,Vidarbha,470,3,0,0.7,-2.83,Drought,0.9062,Severe
20259999,Nagpur,1.6,5.2,37.6,27.8,0.04,Vidarbha,470,3,0,0.7,-1.95,Drought,0.9168,Severe
20259999,Hingoli,314.2,29.1,27.0,95.2,0.91,Marathwada,244,3,0,0.68,3.73,Flood,1.0,Severe
20259999,Washim,269.2,38.9,25.3,87.2,0.98,Vidarbha,244,3,0,0.65,2.41,Flood,0.9,Severe
20259999,Sindhudurg,0.0,10.6,42.6,26.6,0.15,Konkan,167,20,1,0.75,-1.43,Heatwave,0.7118,High
20259999,Gadchiroli,0.0,13.9,38.9,30.1,0.09,Vidarbha,74,8,0,0.85,-2.34,Drought,0.9201,Severe
20259999,Osmanabad,0.0,11.8,45.3,17.0,0.12,Marathwada,219,3,0,0.75,-2.2,Heatwave,0.836,Severe
20259999,Beed,167.7,16.1,21.5,80.7,0.95,Marathwada,242,2,0,0.8,-0.84,Landslide,0.5803,High
20259999,Beed,249.5,30.1,24.9,92.5,0.84,Marathwada,242,2,0,0.8,4.81,Flood,1.0,Severe
20259999,Ahmednagar,195.7,83.4,25.9,91.9,0.92,Nashik Division,266,4,0,0.68,3.22,Cyclone,0.6396,High
20259999,Nashik,138.7,28.3,21.1,80.7,0.86,Nashik Division,393,8,0,0.7,0.82,Landslide,0.5801,High
20259999,Raigad,271.3,11.8,20.4,89.1,0.97,Konkan,368,12,1,0.75,0.26,Landslide,0.9504,Severe
20259999,Osmanabad,0.0,8.3,41.5,16.1,0.05,Marathwada,219,3,0,0.75,-1.32,Heatwave,0.69,High
20259999,Mumbai City,1.7,6.8,42.4,26.9,0.07,Konkan,19652,2,1,0.85,-1.59,Drought,0.9372,Severe
20259999,Kolhapur,172.1,78.1,24.8,90.9,0.83,Pune Division,504,12,0,0.75,1.56,Cyclone,0.5935,High
20259999,Nashik,0.0,6.6,41.7,19.7,0.13,Nashik Division,393,8,0,0.7,-1.68,Heatwave,0.6856,High
20259999,Bhandara,243.2,21.1,21.3,86.8,0.92,Vidarbha,294,2,0,0.68,1.09,Landslide,0.7352,Severe
20259999,Satara,0.0,9.8,44.4,14.5,0.06,Pune Division,287,15,0,0.7,-1.79,Heatwave,0.801,Severe
20259999,Pune,0.0,14.6,43.2,20.7,0.1,Pune Division,603,10,0,0.75,-2.14,Heatwave,0.7469,Severe
20259999,Hingoli,0.3,17.2,38.2,25.3,0.04,Marathwada,244,3,0,0.68,-2.89,Drought,0.9218,Severe
20259999,Amravati,0.0,16.1,45.4,20.1,0.08,Vidarbha,237,4,0,0.68,-1.99,Heatwave,0.8267,Severe
20259999,Nanded,135.2,23.6,24.1,96.1,0.95,Marathwada,319,3,0,0.72,1.56,Flood,0.6385,High
20259999,Thane,0.0,8.4,41.9,10.4,0.13,Konkan,1157,5,1,0.75,-1.26,Heatwave,0.717,High
20259999,Sindhudurg,0.0,16.3,43.4,23.6,0.14,Konkan,167,20,1,0.75,-1.87,Heatwave,0.7489,Severe
20259999,Wardha,1.6,12.3,42.2,22.1,0.05,Vidarbha,206,2,0,0.65,-2.32,Drought,0.9257,Severe
20259999,Buldhana,1.5,16.7,40.3,32.1,0.04,Vidarbha,268,3,0,0.68,-1.65,Drought,0.926,Severe
20259999,Bhandara,0.0,14.5,51.6,11.4,0.11,Vidarbha,294,2,0,0.68,-1.31,Heatwave,1.0,Severe
20259999,Raigad,218.5,172.1,26.7,92.0,0.77,Konkan,368,12,1,0.75,0.75,Cyclone,1.0,Severe
20259999,Wardha,0.0,10.3,50.9,17.9,0.11,Vidarbha,206,2,0,0.65,-2.27,Heatwave,1.0,Severe
20259999,Gadchiroli,2.6,15.1,36.6,32.2,0.05,Vidarbha,74,8,0,0.85,-2.0,Drought,0.9198,Severe
20259999,Gadchiroli,0.0,5.5,48.4,21.6,0.08,Vidarbha,74,8,0,0.85,-1.28,Heatwave,0.9574,Severe
20259999,Raigad,96.8,204.1,25.5,94.0,0.92,Konkan,368,12,1,0.75,0.01,Cyclone,1.0,Severe
20259999,Osmanabad,0.7,17.3,37.1,15.7,0.07,Marathwada,219,3,0,0.75,-2.21,Drought,0.9094,Severe
20259999,Chandrapur,270.8,20.8,25.6,90.9,0.85,Vidarbha,193,3,0,0.75,1.32,Landslide,0.8113,Severe
20259999,Pune,276.5,27.0,22.7,94.3,0.94,Pune Division,603,10,0,0.75,5.14,Flood,1.0,Severe
20259999,Nandurbar,83.5,108.3,24.3,90.6,0.76,Nashik Division,277,10,0,0.72,1.42,Cyclone,0.5582,High
20259999,Nagpur,131.8,12.6,21.8,85.7,0.94,Vidarbha,470,3,0,0.7,-0.52,Landslide,0.5025,High
20259999,Amravati,0.0,12.4,52.0,24.0,0.16,Vidarbha,237,4,0,0.68,-2.05,Heatwave,1.0,Severe
20259999,Nandurbar,263.8,29.5,21.4,82.9,0.92,Nashik Division,277,10,0,0.72,0.04,Landslide,0.8976,Severe
20259999,Dhule,0.0,8.1,43.3,25.2,0.13,Nashik Division,285,4,0,0.62,-1.56,Heatwave,0.7288,Severe
20259999,Nagpur,1.6,5.1,39.3,21.7,0.08,Vidarbha,470,3,0,0.7,-2.04,Drought,0.9056,Severe
20259999,Bhandara,132.0,72.0,24.9,94.7,0.81,Vidarbha,294,2,0,0.68,3.27,Cyclone,0.506,High
20259999,Satara,212.4,89.6,26.8,91.1,0.91,Pune Division,287,15,0,0.7,2.08,Cyclone,0.6873,High
20259999,Dhule,0.6,14.0,38.3,21.5,0.05,Nashik Division,285,4,0,0.62,-2.32,Drought,0.9106,Severe
20259999,Buldhana,305.0,33.6,23.7,94.6,0.79,Vidarbha,268,3,0,0.68,5.49,Flood,1.0,Severe
20259999,Ahmednagar,220.6,12.0,26.0,91.3,0.93,Nashik Division,266,4,0,0.68,-0.84,Landslide,0.7133,High
20259999,Latur,0.0,6.3,42.2,20.3,0.15,Marathwada,343,2,0,0.75,-2.13,Heatwave,0.7088,High
20259999,Sindhudurg,333.4,35.2,26.8,85.6,0.9,Konkan,167,20,1,0.75,4.14,Flood,1.0,Severe
20259999,Yavatmal,0.8,12.5,40.9,15.7,0.08,Vidarbha,204,4,0,0.72,-2.74,Drought,0.9168,Severe
20259999,Gondia,341.9,40.1,23.3,88.7,0.95,Vidarbha,253,5,0,0.7,5.95,Flood,1.0,Severe
20259999,Ratnagiri,0.0,8.4,45.1,13.7,0.12,Konkan,197,18,1,0.8,-1.24,Heatwave,0.8398,Severe
20259999,Nashik,179.3,23.5,22.6,93.9,0.88,Nashik Division,393,8,0,0.7,2.53,Flood,0.7531,Severe
20259999,Jalna,189.1,79.5,25.4,90.1,0.8,Marathwada,254,2,0,0.7,2.86,Cyclone,0.6186,High
20259999,Parbhani,173.0,83.4,25.2,92.6,0.93,Marathwada,295,2,0,0.7,0.77,Cyclone,0.6075,High
20259999,Buldhana,210.8,27.4,22.7,90.9,0.95,Vidarbha,268,3,0,0.68,-0.66,Landslide,0.6793,High
20259999,Dhule,265.6,21.5,21.1,81.9,0.85,Nashik Division,285,4,0,0.62,-0.74,Landslide,0.8006,Severe
20259999,Wardha,171.4,28.2,24.8,92.4,0.92,Vidarbha,206,2,0,0.65,1.74,Flood,0.6954,High
20259999,Gondia,196.7,22.9,25.8,93.5,0.88,Vidarbha,253,5,0,0.7,1.36,Landslide,0.6706,High
20259999,Sangli,245.5,17.6,25.0,83.9,0.85,Pune Division,329,5,0,0.65,0.69,Landslide,0.7724,Severe
20259999,Thane,2.0,17.2,36.5,25.3,0.04,Konkan,1157,5,1,0.75,-2.43,Drought,0.916,Severe
20259999,Nashik,236.4,14.9,24.3,86.7,0.85,Nashik Division,393,8,0,0.7,0.31,Landslide,0.7989,Severe
20259999,Dhule,236.2,26.0,24.8,85.7,0.83,Nashik Division,285,4,0,0.62,1.1,Landslide,0.7324,Severe
20259999,Beed,0.0,13.9,40.3,27.7,0.14,Marathwada,242,2,0,0.8,-1.37,Heatwave,0.6252,High
20259999,Beed,2.1,5.6,38.7,32.6,0.04,Marathwada,242,2,0,0.8,-2.38,Drought,0.9295,Severe
20259999,Gondia,1.1,12.3,43.0,20.1,0.09,Vidarbha,253,5,0,0.7,-1.86,Drought,0.9176,Severe
20259999,Gondia,217.6,18.4,25.7,93.4,0.89,Vidarbha,253,5,0,0.7,0.61,Landslide,0.7186,High
20259999,Nandurbar,130.3,98.3,23.9,97.2,0.84,Nashik Division,277,10,0,0.72,2.29,Cyclone,0.5951,High
20259999,Washim,134.3,102.7,25.4,90.1,0.83,Vidarbha,244,3,0,0.65,3.25,Cyclone,0.6088,High
20259999,Amravati,0.8,17.9,40.7,20.7,0.08,Vidarbha,237,4,0,0.68,-2.0,Drought,0.912,Severe
20259999,Nandurbar,128.8,72.2,25.5,92.0,0.76,Nashik Division,277,10,0,0.72,1.67,Cyclone,0.5059,High
20259999,Nandurbar,2.8,16.9,38.8,32.9,0.03,Nashik Division,277,10,0,0.72,-2.47,Drought,0.9239,Severe
20259999,Aurangabad,323.1,42.8,23.5,89.8,0.98,Marathwada,366,3,0,0.72,4.33,Flood,1.0,Severe
20259999,Yavatmal,0.0,15.4,51.6,16.6,0.07,Vidarbha,204,4,0,0.72,-2.26,Heatwave,1.0,Severe
20259999,Mumbai Suburban,228.4,29.9,25.5,87.4,0.89,Konkan,20980,3,1,0.8,0.57,Landslide,0.7249,Severe
20259999,Akola,0.0,14.1,47.2,21.6,0.11,Vidarbha,320,2,0,0.65,-2.1,Heatwave,0.8907,Severe
20259999,Gondia,107.2,84.6,25.7,91.1,0.93,Vidarbha,253,5,0,0.7,0.7,Cyclone,0.5128,High
20259999,Palghar,0.6,10.7,40.7,21.4,0.04,Konkan,362,8,1,0.7,-2.08,Drought,0.9327,Severe
20259999,Chandrapur,225.8,28.0,26.2,90.9,0.81,Vidarbha,193,3,0,0.75,5.9,Flood,1.0,Severe
20259999,Chandrapur,0.0,6.1,47.8,21.7,0.08,Vidarbha,193,3,0,0.75,-1.46,Heatwave,0.9238,Severe
20259999,Sangli,138.9,96.0,26.8,90.7,0.87,Pune Division,329,5,0,0.65,1.08,Cyclone,0.5934,High
20259999,Amravati,108.3,26.2,22.6,85.1,0.91,Vidarbha,237,4,0,0.68,0.75,Landslide,0.4587,Medium
20259999,Mumbai City,222.5,29.6,23.4,90.0,0.84,Konkan,19652,2,1,0.85,3.25,Flood,0.8732,Severe
20259999,Chandrapur,175.3,71.6,25.7,91.3,0.93,Vidarbha,193,3,0,0.75,0.93,Cyclone,0.5766,High
20259999,Gondia,209.1,17.7,20.6,88.7,0.92,Vidarbha,253,5,0,0.7,0.7,Landslide,0.7025,High
20259999,Raigad,193.5,22.7,24.1,89.8,0.91,Konkan,368,12,1,0.75,-0.61,Landslide,0.7694,Severe
20259999,Bhandara,321.1,19.3,27.3,90.3,0.84,Vidarbha,294,2,0,0.68,3.02,Flood,1.0,Severe
20259999,Kolhapur,201.4,34.4,24.6,93.7,0.9,Pune Division,504,12,0,0.75,2.72,Flood,0.8076,Severe
20259999,Mumbai Suburban,0.0,17.0,45.9,13.2,0.14,Konkan,20980,3,1,0.8,-1.37,Heatwave,0.8719,Severe
20259999,Ahmednagar,204.6,37.1,25.6,93.5,0.82,Nashik Division,266,4,0,0.68,3.13,Flood,0.8176,Severe
20259999,Beed,194.0,109.4,26.8,93.9,0.83,Marathwada,242,2,0,0.8,3.43,Cyclone,0.7357,Severe
20259999,Nashik,0.0,15.0,43.9,26.2,0.06,Nashik Division,393,8,0,0.7,-2.09,Heatwave,0.7582,Severe
20259999,Sindhudurg,2.1,5.7,40.6,16.1,0.03,Konkan,167,20,1,0.75,-2.77,Drought,0.9366,Severe
20259999,Hingoli,0.0,5.8,40.1,12.1,0.15,Marathwada,244,3,0,0.68,-1.32,Heatwave,0.6366,High
20259999,Osmanabad,265.7,21.7,24.7,91.3,0.85,Marathwada,219,3,0,0.75,-0.22,Landslide,0.7998,Severe
20259999,Ahmednagar,121.6,70.8,24.9,89.1,0.78,Nashik Division,266,4,0,0.68,1.62,Cyclone,0.4864,Medium
20259999,Raigad,147.0,102.7,26.3,91.8,0.76,Konkan,368,12,1,0.75,1.94,Cyclone,0.7378,Severe
20259999,Akola,290.4,27.1,22.6,92.6,0.85,Vidarbha,320,2,0,0.65,6.23,Flood,1.0,Severe
20259999,Wardha,0.0,12.1,45.8,16.1,0.11,Vidarbha,206,2,0,0.65,-2.1,Heatwave,0.8472,Severe
20259999,Pune,0.0,11.6,43.9,19.0,0.15,Pune Division,603,10,0,0.75,-1.28,Heatwave,0.7776,Severe
20259999,Beed,0.0,17.8,42.9,18.2,0.14,Marathwada,242,2,0,0.8,-2.38,Heatwave,0.7453,Severe
20259999,Jalna,2.0,16.4,43.0,25.4,0.04,Marathwada,254,2,0,0.7,-2.75,Drought,0.937,Severe
20259999,Ratnagiri,1.9,10.8,39.4,33.9,0.09,Konkan,197,18,1,0.8,-2.61,Drought,0.9104,Severe
20259999,Mumbai Suburban,0.0,17.5,41.7,24.8,0.07,Konkan,20980,3,1,0.8,-1.51,Heatwave,0.6854,High
20259999,Parbhani,0.0,9.5,45.1,17.6,0.16,Marathwada,295,2,0,0.7,-2.3,Heatwave,0.822,Severe
20259999,Gadchiroli,171.8,87.0,24.1,88.5,0.82,Vidarbha,74,8,0,0.85,2.99,Cyclone,0.6327,High
20259999,Buldhana,235.8,23.3,23.2,94.0,0.89,Vidarbha,268,3,0,0.68,4.52,Flood,0.9591,Severe
20259999,Thane,2.2,5.6,41.6,25.7,0.06,Konkan,1157,5,1,0.75,-2.19,Drought,0.9267,Severe
20259999,Solapur,0.7,17.9,40.8,23.9,0.1,Pune Division,290,2,0,0.7,-1.81,Drought,0.9058,Severe
20259999,Nashik,0.0,6.0,45.2,23.8,0.14,Nashik Division,393,8,0,0.7,-1.53,Heatwave,0.8135,Severe
20259999,Palghar,142.7,10.9,20.7,88.0,0.81,Konkan,362,8,1,0.7,-0.55,Landslide,0.5841,High
20259999,Raigad,144.2,150.9,26.1,92.6,0.82,Konkan,368,12,1,0.75,3.37,Cyclone,0.8943,Severe
20259999,Buldhana,165.3,82.2,26.1,96.2,0.76,Vidarbha,268,3,0,0.68,2.48,Cyclone,0.59,High
20259999,Washim,0.0,8.2,44.0,23.5,0.08,Vidarbha,244,3,0,0.65,-2.5,Heatwave,0.7624,Severe
20259999,Ratnagiri,211.0,162.4,23.7,95.9,0.76,Konkan,197,18,1,0.8,3.09,Cyclone,1.0,Severe
20259999,Nashik,155.7,16.5,23.6,93.8,0.8,Nashik Division,393,8,0,0.7,-0.02,Landslide,0.6123,High
20259999,Ahmednagar,264.0,17.7,22.1,83.1,0.96,Nashik Division,266,4,0,0.68,-0.46,Landslide,0.814,Severe
20259999,Yavatmal,258.5,10.7,25.0,86.2,0.92,Vidarbha,204,4,0,0.72,-0.07,Landslide,0.8016,Severe
20259999,Chandrapur,275.0,32.4,27.2,86.3,0.84,Vidarbha,193,3,0,0.75,3.98,Flood,0.9898,Severe
20259999,Nashik,0.0,10.1,45.6,26.2,0.15,Nashik Division,393,8,0,0.7,-2.1,Heatwave,0.8243,Severe
20259999,Sindhudurg,2.1,9.3,38.4,27.7,0.05,Konkan,167,20,1,0.75,-2.66,Drought,0.9188,Severe
20259999,Chandrapur,0.0,7.2,48.3,25.9,0.13,Vidarbha,193,3,0,0.75,-1.35,Heatwave,0.9349,Severe
20259999,Satara,199.2,80.9,24.6,95.1,0.78,Pune Division,287,15,0,0.7,2.65,Cyclone,0.6385,High
20259999,Buldhana,0.0,9.0,47.5,22.5,0.05,Vidarbha,268,3,0,0.68,-1.67,Heatwave,0.9036,Severe
20259999,Wardha,235.5,16.1,21.7,87.1,0.92,Vidarbha,206,2,0,0.65,1.32,Landslide,0.7149,High
20259999,Kolhapur,210.1,42.2,27.4,87.7,0.86,Pune Division,504,12,0,0.75,4.3,Flood,0.9077,Severe
20259999,Wardha,1.6,17.6,41.6,34.1,0.09,Vidarbha,206,2,0,0.65,-1.68,Drought,0.9053,Severe
20259999,Nashik,178.4,21.9,27.2,86.1,0.86,Nashik Division,393,8,0,0.7,5.6,Flood,0.9278,Severe
20259999,Kolhapur,0.0,10.9,45.5,25.3,0.1,Pune Division,504,12,0,0.75,-2.5,Heatwave,0.8272,Severe
20259999,Wardha,101.3,79.8,23.7,96.0,0.87,Vidarbha,206,2,0,0.65,3.35,Cyclone,0.483,Medium
20259999,Ratnagiri,0.0,12.3,45.9,24.9,0.13,Konkan,197,18,1,0.8,-2.25,Heatwave,0.8485,Severe
20259999,Gadchiroli,0.0,13.0,48.5,21.0,0.13,Vidarbha,74,8,0,0.85,-1.64,Heatwave,0.9624,Severe
20259999,Parbhani,0.0,11.9,44.0,15.3,0.08,Marathwada,295,2,0,0.7,-2.34,Heatwave,0.7838,Severe
20259999,Jalgaon,347.0,23.6,25.2,94.7,0.78,Nashik Division,360,3,0,0.65,6.0,Flood,1.0,Severe
20259999,Ahmednagar,120.4,74.2,26.9,93.9,0.81,Nashik Division,266,4,0,0.68,1.49,Cyclone,0.4959,Medium
20259999,Raigad,0.0,7.0,44.9,24.0,0.1,Konkan,368,12,1,0.75,-2.22,Heatwave,0.8064,Severe
20259999,Buldhana,0.5,7.5,40.4,34.8,0.1,Vidarbha,268,3,0,0.68,-2.11,Drought,0.9028,Severe
20259999,Osmanabad,147.6,19.4,20.4,87.5,0.82,Marathwada,219,3,0,0.75,1.1,Landslide,0.5311,High
20259999,Aurangabad,205.8,27.7,25.3,97.9,0.82,Marathwada,366,3,0,0.72,3.38,Flood,0.8381,Severe
20259999,Hingoli,287.4,29.5,23.5,93.1,0.89,Marathwada,244,3,0,0.68,2.36,Flood,0.9157,Severe
20259999,Sindhudurg,0.0,18.1,42.4,24.7,0.13,Konkan,167,20,1,0.75,-2.42,Heatwave,0.7078,High
20259999,Jalna,124.2,18.5,23.6,88.6,0.9,Marathwada,254,2,0,0.7,-0.36,Landslide,0.4674,Medium
20259999,Jalgaon,0.0,10.1,43.1,25.4,0.13,Nashik Division,360,3,0,0.65,-1.41,Heatwave,0.7236,Severe
20259999,Nagpur,1.0,5.7,42.5,16.3,0.09,Vidarbha,470,3,0,0.7,-2.43,Drought,0.916,Severe
20259999,Wardha,161.9,106.6,24.5,89.0,0.78,Vidarbha,206,2,0,0.65,2.38,Cyclone,0.6632,High
20259999,Wardha,0.0,18.3,48.3,10.8,0.08,Vidarbha,206,2,0,0.65,-1.73,Heatwave,0.9551,Severe
20259999,Aurangabad,208.8,101.2,26.8,95.3,0.92,Marathwada,366,3,0,0.72,2.14,Cyclone,0.7225,Severe
20259999,Nanded,164.0,18.4,25.0,81.4,0.86,Marathwada,319,3,0,0.72,1.38,Landslide,0.569,High
20259999,Gadchiroli,186.1,100.2,23.2,90.0,0.85,Vidarbha,74,8,0,0.85,1.29,Cyclone,0.6982,High
20259999,Gadchiroli,299.7,15.4,26.0,85.0,0.79,Vidarbha,74,8,0,0.85,3.54,Flood,1.0,Severe
20259999,Kolhapur,171.4,28.0,27.9,87.8,0.95,Pune Division,504,12,0,0.75,5.63,Flood,0.9368,Severe
20259999,Beed,83.8,93.7,23.4,89.6,0.78,Marathwada,242,2,0,0.8,0.91,Cyclone,0.518,High
20259999,Sindhudurg,0.0,10.6,45.3,21.0,0.15,Konkan,167,20,1,0.75,-1.81,Heatwave,0.828,Severe
20259999,Nashik,183.4,26.4,21.2,81.4,0.86,Nashik Division,393,8,0,0.7,-0.03,Landslide,0.6806,High
20259999,Solapur,0.0,19.7,40.4,13.6,0.12,Pune Division,290,2,0,0.7,-2.1,Heatwave,0.6472,High
20259999,Bhandara,0.0,7.1,51.7,26.4,0.15,Vidarbha,294,2,0,0.68,-2.28,Heatwave,1.0,Severe
20259999,Osmanabad,2.4,14.2,39.1,21.2,0.11,Marathwada,219,3,0,0.75,-2.79,Drought,0.8935,Severe
20259999,Beed,0.0,15.1,36.4,25.8,0.06,Marathwada,242,2,0,0.8,-2.78,Drought,0.9186,Severe
20259999,Amravati,0.0,18.3,48.6,27.6,0.06,Vidarbha,237,4,0,0.68,-1.93,Heatwave,0.9361,Severe
20259999,Gondia,183.5,85.2,23.1,94.9,0.94,Vidarbha,253,5,0,0.7,1.34,Cyclone,0.6292,High
20259999,Amravati,1.6,10.4,38.4,17.0,0.11,Vidarbha,237,4,0,0.68,-1.89,Drought,0.8865,Severe
20259999,Washim,200.0,13.4,22.6,89.7,0.85,Vidarbha,244,3,0,0.65,-0.17,Landslide,0.642,High
20259999,Wardha,215.0,32.5,22.7,93.0,0.86,Vidarbha,206,2,0,0.65,4.89,Flood,0.9399,Severe
20259999,Latur,176.7,94.5,26.0,89.4,0.94,Marathwada,343,2,0,0.75,2.95,Cyclone,0.655,High
20259999,Jalna,2.2,6.0,36.4,17.5,0.07,Marathwada,254,2,0,0.7,-2.68,Drought,0.8964,Severe
20259999,Nashik,0.0,9.1,40.8,14.5,0.11,Nashik Division,393,8,0,0.7,-1.31,Heatwave,0.661,High
20259999,Jalgaon,0.0,10.1,42.3,24.7,0.07,Nashik Division,360,3,0,0.65,-2.35,Heatwave,0.6939,High
20259999,Chandrapur,0.0,15.7,43.5,17.7,0.08,Vidarbha,193,3,0,0.75,-1.51,Heatwave,0.7646,Severe
20259999,Aurangabad,150.6,11.9,21.5,81.6,0.86,Marathwada,366,3,0,0.72,0.35,Landslide,0.5388,High
20259999,Aurangabad,0.0,7.5,43.9,21.1,0.08,Marathwada,366,3,0,0.72,-1.89,Heatwave,0.7704,Severe
20259999,Ratnagiri,0.0,16.6,41.4,25.8,0.06,Konkan,197,18,1,0.8,-1.96,Heatwave,0.6717,High
20259999,Jalgaon,2.8,5.5,37.1,33.3,0.08,Nashik Division,360,3,0,0.65,-1.81,Drought,0.8876,Severe
20259999,Nandurbar,175.4,29.7,23.5,92.7,0.97,Nashik Division,277,10,0,0.72,0.71,Landslide,0.7036,High
20259999,Nagpur,0.0,13.4,49.7,21.4,0.12,Vidarbha,470,3,0,0.7,-1.54,Heatwave,0.9933,Severe
20259999,Wardha,338.0,36.2,27.2,94.7,0.92,Vidarbha,206,2,0,0.65,5.08,Flood,1.0,Severe
20259999,Yavatmal,100.8,81.8,24.8,97.0,0.88,Vidarbha,204,4,0,0.72,0.2,Cyclone,0.4959,Medium
20259999,Beed,235.2,18.9,23.8,86.8,0.91,Marathwada,242,2,0,0.8,1.06,Landslide,0.7282,Severe
20259999,Parbhani,2.8,14.1,37.9,21.5,0.06,Marathwada,295,2,0,0.7,-2.89,Drought,0.9048,Severe
20259999,Washim,131.8,26.1,25.1,89.6,0.94,Vidarbha,244,3,0,0.65,-0.57,Landslide,0.4976,Medium
20259999,Beed,96.4,96.5,24.4,91.3,0.86,Marathwada,242,2,0,0.8,2.68,Cyclone,0.5463,High
20259999,Latur,293.6,18.0,27.3,92.0,0.79,Marathwada,343,2,0,0.75,4.72,Flood,1.0,Severe
20259999,Chandrapur,187.0,78.8,26.7,91.2,0.85,Vidarbha,193,3,0,0.75,0.45,Cyclone,0.6182,High
20259999,Beed,135.1,19.6,20.3,83.8,0.81,Marathwada,242,2,0,0.8,-0.68,Landslide,0.493,Medium
20259999,Nashik,1.1,17.7,37.6,26.2,0.06,Nashik Division,393,8,0,0.7,-1.85,Drought,0.9096,Severe
20259999,Washim,172.5,83.6,25.2,90.8,0.8,Vidarbha,244,3,0,0.65,1.89,Cyclone,0.6024,High
20259999,Parbhani,112.4,11.9,22.1,81.8,0.89,Marathwada,295,2,0,0.7,-0.0,Landslide,0.4399,Medium
20259999,Raigad,271.5,25.1,21.1,94.0,0.87,Konkan,368,12,1,0.75,0.19,Landslide,0.9409,Severe
20259999,Nanded,205.3,81.2,24.3,93.8,0.8,Marathwada,319,3,0,0.72,2.79,Cyclone,0.6506,High
20259999,Nandurbar,100.2,14.1,22.5,83.7,0.86,Nashik Division,277,10,0,0.72,-0.02,Landslide,0.5234,High
20259999,Sindhudurg,230.4,19.8,20.1,83.4,0.93,Konkan,167,20,1,0.75,-0.25,Landslide,0.9664,Severe
20259999,Sangli,0.0,15.7,41.7,19.3,0.12,Pune Division,329,5,0,0.65,-2.25,Heatwave,0.6814,High
20259999,Solapur,191.3,28.5,22.1,86.0,0.83,Pune Division,290,2,0,0.7,0.48,Landslide,0.6114,High
20259999,Bhandara,0.0,7.6,47.1,15.7,0.08,Vidarbha,294,2,0,0.68,-1.38,Heatwave,0.9016,Severe
20259999,Gondia,0.6,14.0,39.8,34.7,0.06,Vidarbha,253,5,0,0.7,-1.84,Drought,0.9201,Severe
20259999,Chandrapur,95.5,85.9,24.0,89.6,0.78,Vidarbha,193,3,0,0.75,0.03,Cyclone,0.5046,High
20259999,Satara,0.0,17.1,43.7,25.0,0.11,Pune Division,287,15,0,0.7,-2.38,Heatwave,0.7528,Severe
20259999,Hingoli,212.8,26.0,24.4,86.5,0.95,Marathwada,244,3,0,0.68,0.73,Landslide,0.6838,High
20259999,Kolhapur,197.2,24.6,23.3,94.2,0.82,Pune Division,504,12,0,0.75,0.81,Landslide,0.7687,Severe
20259999,Wardha,2.1,10.0,38.7,26.7,0.06,Vidarbha,206,2,0,0.65,-1.68,Drought,0.9054,Severe
20259999,Chandrapur,114.3,16.5,22.7,82.8,0.83,Vidarbha,193,3,0,0.75,0.06,Landslide,0.4572,Medium
20259999,Satara,95.6,81.9,25.9,91.8,0.77,Pune Division,287,15,0,0.7,2.7,Cyclone,0.4864,Medium
20259999,Wardha,90.7,77.8,25.4,88.3,0.76,Vidarbha,206,2,0,0.65,2.46,Cyclone,0.4604,Medium
20259999,Jalgaon,195.0,31.2,25.5,92.3,0.91,Nashik Division,360,3,0,0.65,6.2,Flood,0.9918,Severe
20259999,Beed,1.3,12.0,42.2,27.7,0.09,Marathwada,242,2,0,0.8,-2.1,Drought,0.9238,Severe
20259999,Gondia,253.0,15.8,28.0,85.4,0.86,Vidarbha,253,5,0,0.7,2.03,Flood,0.8389,Severe
20259999,Mumbai Suburban,248.9,27.1,23.4,89.2,0.83,Konkan,20980,3,1,0.8,2.85,Flood,0.8857,Severe
20259999,Hingoli,142.4,19.0,24.8,86.7,0.97,Marathwada,244,3,0,0.68,-0.63,Landslide,0.5274,High
20259999,Nanded,2.6,12.9,41.7,25.4,0.08,Marathwada,319,3,0,0.72,-1.95,Drought,0.9137,Severe
20259999,Amravati,0.0,14.4,46.7,13.5,0.12,Vidarbha,237,4,0,0.68,-2.35,Heatwave,0.8904,Severe
20259999,Mumbai City,2.8,10.6,37.4,33.7,0.04,Konkan,19652,2,1,0.85,-1.91,Drought,0.9268,Severe
20259999,Amravati,0.3,9.4,37.0,27.1,0.07,Vidarbha,237,4,0,0.68,-2.99,Drought,0.9034,Severe
20259999,Washim,0.8,7.9,37.1,35.0,0.05,Vidarbha,244,3,0,0.65,-2.39,Drought,0.9081,Severe
20259999,Chandrapur,0.0,10.5,51.1,23.5,0.08,Vidarbha,193,3,0,0.75,-1.66,Heatwave,1.0,Severe
20259999,Bhandara,126.4,28.8,21.0,85.6,0.84,Vidarbha,294,2,0,0.68,-0.28,Landslide,0.4644,Medium
20259999,Nandurbar,185.8,13.3,20.3,83.4,0.97,Nashik Division,277,10,0,0.72,1.11,Landslide,0.727,Severe
20259999,Nandurbar,201.5,93.9,25.7,91.8,0.78,Nashik Division,277,10,0,0.72,2.86,Cyclone,0.6872,High
20259999,Mumbai Suburban,2.2,10.3,39.5,31.7,0.04,Konkan,20980,3,1,0.8,-2.2,Drought,0.9323,Severe
20259999,Chandrapur,0.0,19.5,49.3,21.5,0.12,Vidarbha,193,3,0,0.75,-1.98,Heatwave,0.9826,Severe
20259999,Latur,226.0,15.9,20.9,81.9,0.91,Marathwada,343,2,0,0.75,-0.18,Landslide,0.7025,High
20259999,Nanded,206.6,10.5,21.5,85.1,0.93,Marathwada,319,3,0,0.72,0.36,Landslide,0.6718,High
20259999,Buldhana,213.2,71.3,25.0,93.0,0.93,Vidarbha,268,3,0,0.68,1.01,Cyclone,0.6255,High
20259999,Amravati,271.0,38.6,26.2,95.3,0.9,Vidarbha,237,4,0,0.68,5.81,Flood,1.0,Severe
20259999,Jalna,2.8,15.0,41.8,17.7,0.09,Marathwada,254,2,0,0.7,-2.35,Drought,0.9069,Severe
20259999,Parbhani,110.8,23.6,22.2,93.0,0.93,Marathwada,295,2,0,0.7,-0.95,Landslide,0.4403,Medium
20259999,Raigad,134.6,18.5,23.7,93.1,0.88,Konkan,368,12,1,0.75,1.02,Landslide,0.6338,High
20259999,Dhule,1.2,11.5,40.9,15.6,0.1,Nashik Division,285,4,0,0.62,-1.85,Drought,0.8964,Severe
20259999,Nanded,0.0,7.7,45.5,15.8,0.13,Marathwada,319,3,0,0.72,-1.91,Heatwave,0.8432,Severe
20259999,Raigad,94.0,125.0,26.5,91.0,0.89,Konkan,368,12,1,0.75,2.87,Cyclone,0.7327,Severe
20259999,Bhandara,1.3,13.7,41.3,23.7,0.06,Vidarbha,294,2,0,0.68,-1.93,Drought,0.9216,Severe
20259999,Dhule,184.8,13.5,22.3,84.4,0.94,Nashik Division,285,4,0,0.62,-0.17,Landslide,0.6278,High
20259999,Parbhani,0.0,9.5,43.7,23.1,0.05,Marathwada,295,2,0,0.7,-1.81,Heatwave,0.7566,Severe
20259999,Sangli,221.5,17.7,25.9,83.7,0.91,Pune Division,329,5,0,0.65,1.12,Landslide,0.7244,Severe
20259999,Ahmednagar,0.0,17.5,40.6,17.3,0.07,Nashik Division,266,4,0,0.68,-1.36,Heatwave,0.6456,High
20259999,Aurangabad,125.8,15.3,23.7,86.9,0.91,Marathwada,366,3,0,0.72,4.82,Flood,0.8076,Severe
20259999,Sindhudurg,172.2,213.8,23.0,91.6,0.85,Konkan,167,20,1,0.75,1.75,Cyclone,1.0,Severe
20259999,Ratnagiri,0.0,19.4,45.3,12.0,0.08,Konkan,197,18,1,0.8,-1.42,Heatwave,0.851,Severe
20259999,Gondia,183.3,36.9,26.0,91.2,0.82,Vidarbha,253,5,0,0.7,5.94,Flood,0.9494,Severe
20259999,Buldhana,217.8,27.4,23.8,96.4,0.89,Vidarbha,268,3,0,0.68,4.4,Flood,0.9233,Severe
20259999,Pune,0.0,14.9,42.5,18.6,0.15,Pune Division,603,10,0,0.75,-1.66,Heatwave,0.7239,Severe
20259999,Amravati,134.1,96.4,27.0,90.0,0.75,Vidarbha,237,4,0,0.68,0.67,Cyclone,0.5905,High
20259999,Dhule,153.4,29.4,24.5,93.7,0.79,Nashik Division,285,4,0,0.62,4.79,Flood,0.822,Severe
20259999,Ratnagiri,219.0,141.9,23.2,95.9,0.84,Konkan,197,18,1,0.8,1.52,Cyclone,0.9815,Severe
20259999,Washim,0.3,13.0,37.7,29.5,0.08,Vidarbha,244,3,0,0.65,-1.88,Drought,0.8988,Severe
20259999,Ahmednagar,0.0,10.5,45.5,20.4,0.13,Nashik Division,266,4,0,0.68,-1.36,Heatwave,0.83,Severe
20259999,Nashik,197.4,27.0,24.8,90.5,0.91,Nashik Division,393,8,0,0.7,0.54,Landslide,0.7171,High
20259999,Gadchiroli,139.0,89.6,25.6,97.2,0.94,Vidarbha,74,8,0,0.85,0.59,Cyclone,0.5922,High
20259999,Nanded,0.0,12.1,44.1,20.2,0.15,Marathwada,319,3,0,0.72,-2.45,Heatwave,0.7799,Severe
20259999,Beed,0.2,7.5,36.9,29.7,0.06,Marathwada,242,2,0,0.8,-1.61,Drought,0.9199,Severe
20259999,Thane,81.9,175.7,24.9,95.4,0.85,Konkan,1157,5,1,0.75,2.73,Cyclone,0.8835,Severe
20259999,Kolhapur,2.2,13.5,37.1,34.3,0.07,Pune Division,504,12,0,0.75,-2.21,Drought,0.9042,Severe
20259999,Chandrapur,206.7,33.9,26.7,94.9,0.86,Vidarbha,193,3,0,0.75,4.34,Flood,0.9046,Severe
20259999,Washim,246.3,33.6,23.6,95.7,0.81,Vidarbha,244,3,0,0.65,1.5,Flood,0.7847,Severe
20259999,Sangli,340.2,23.3,22.4,95.0,0.95,Pune Division,329,5,0,0.65,3.96,Flood,1.0,Severe
20259999,Thane,2.0,7.4,41.9,20.5,0.1,Konkan,1157,5,1,0.75,-2.36,Drought,0.9106,Severe
20259999,Parbhani,0.4,9.1,40.6,18.1,0.05,Marathwada,295,2,0,0.7,-1.95,Drought,0.9285,Severe
20259999,Solapur,0.0,14.6,41.9,15.2,0.1,Pune Division,290,2,0,0.7,-2.26,Heatwave,0.7024,High
20259999,Latur,299.7,39.9,28.0,90.6,0.95,Marathwada,343,2,0,0.75,6.29,Flood,1.0,Severe
20259999,Hingoli,133.8,33.6,25.5,87.7,0.94,Marathwada,244,3,0,0.68,1.69,Flood,0.6383,High
20259999,Bhandara,0.0,11.6,50.6,13.5,0.1,Vidarbha,294,2,0,0.68,-1.78,Heatwave,1.0,Severe
20259999,Osmanabad,86.9,106.6,26.2,88.7,0.78,Marathwada,219,3,0,0.75,0.42,Cyclone,0.5607,High
20259999,Wardha,1.2,12.3,39.6,33.5,0.09,Vidarbha,206,2,0,0.65,-1.52,Drought,0.8987,Severe
20259999,Thane,341.5,44.5,22.7,96.7,0.91,Konkan,1157,5,1,0.75,6.11,Flood,1.0,Severe
20259999,Kolhapur,108.4,26.8,25.4,84.5,0.81,Pune Division,504,12,0,0.75,0.2,Landslide,0.5679,High
20259999,Satara,109.4,96.6,24.4,95.8,0.88,Pune Division,287,15,0,0.7,1.14,Cyclone,0.5561,High
20259999,Ratnagiri,229.5,21.0,24.3,85.0,0.81,Konkan,197,18,1,0.8,0.93,Landslide,0.9294,Severe
20259999,Sindhudurg,194.9,166.1,24.6,90.0,0.87,Konkan,167,20,1,0.75,2.89,Cyclone,1.0,Severe
20259999,Nanded,207.5,22.9,23.6,89.8,0.91,Marathwada,319,3,0,0.72,-0.67,Landslide,0.6719,High
20259999,Gondia,262.4,15.5,25.8,93.7,0.83,Vidarbha,253,5,0,0.7,4.49,Flood,0.9929,Severe
20259999,Aurangabad,0.0,8.9,42.8,26.4,0.1,Marathwada,366,3,0,0.72,-1.68,Heatwave,0.717,High
20259999,Chandrapur,114.0,11.6,24.7,85.3,0.84,Vidarbha,193,3,0,0.75,0.87,Landslide,0.4575,Medium
20259999,Mumbai Suburban,0.0,11.5,42.0,20.5,0.09,Konkan,20980,3,1,0.8,-1.99,Heatwave,0.7057,High
20259999,Wardha,259.2,26.6,25.2,88.5,0.92,Vidarbha,206,2,0,0.65,0.39,Landslide,0.7682,Severe
20259999,Nandurbar,306.2,37.8,26.9,87.5,0.83,Nashik Division,277,10,0,0.72,2.98,Flood,0.9769,Severe
20259999,Raigad,208.6,20.5,23.6,94.2,0.95,Konkan,368,12,1,0.75,1.61,Flood,0.7618,Severe
20259999,Jalna,0.0,5.5,40.5,22.7,0.13,Marathwada,254,2,0,0.7,-1.44,Heatwave,0.6329,High
20259999,Mumbai City,0.0,17.9,41.0,14.5,0.06,Konkan,19652,2,1,0.85,-1.46,Heatwave,0.6838,High
20259999,Wardha,167.2,76.2,23.3,88.4,0.77,Vidarbha,206,2,0,0.65,0.0,Cyclone,0.5698,High
20259999,Kolhapur,201.2,14.2,21.4,92.2,0.89,Pune Division,504,12,0,0.75,0.75,Landslide,0.7847,Severe
20259999,Ratnagiri,142.8,29.4,23.4,82.0,0.87,Konkan,197,18,1,0.8,-0.18,Landslide,0.7403,Severe
20259999,Washim,0.0,19.0,50.9,13.6,0.09,Vidarbha,244,3,0,0.65,-1.51,Heatwave,1.0,Severe
20259999,Aurangabad,0.0,13.9,44.2,21.8,0.13,Marathwada,366,3,0,0.72,-1.58,Heatwave,0.7806,Severe
20259999,Raigad,1.0,16.4,36.2,20.8,0.03,Konkan,368,12,1,0.75,-2.02,Drought,0.9228,Severe
20259999,Nagpur,314.5,34.4,22.2,94.3,0.95,Vidarbha,470,3,0,0.7,4.81,Flood,1.0,Severe
20259999,Jalna,254.4,24.6,22.3,84.9,0.89,Marathwada,254,2,0,0.7,1.17,Landslide,0.7594,Severe
20259999,Buldhana,0.0,6.5,50.8,10.5,0.15,Vidarbha,268,3,0,0.68,-2.1,Heatwave,1.0,Severe
20259999,Solapur,123.8,28.0,24.5,93.9,0.92,Pune Division,290,2,0,0.7,-0.54,Landslide,0.4686,Medium
20259999,Palghar,232.0,33.2,27.6,90.0,0.92,Konkan,362,8,1,0.7,6.31,Flood,1.0,Severe
20259999,Chandrapur,267.4,28.5,24.2,93.6,0.97,Vidarbha,193,3,0,0.75,0.99,Landslide,0.8156,Severe
20259999,Mumbai City,231.1,42.9,26.0,95.7,0.8,Konkan,19652,2,1,0.85,2.47,Flood,0.8355,Severe
20259999,Sangli,232.4,28.3,23.3,88.9,0.97,Pune Division,329,5,0,0.65,2.94,Flood,0.8705,Severe
20259999,Satara,2.0,16.9,42.7,24.1,0.06,Pune Division,287,15,0,0.7,-2.53,Drought,0.9268,Severe
20259999,Bhandara,0.0,9.2,46.2,10.7,0.15,Vidarbha,294,2,0,0.68,-1.4,Heatwave,0.8766,Severe
20259999,Mumbai City,2.4,15.4,38.3,28.9,0.05,Konkan,19652,2,1,0.85,-2.89,Drought,0.9273,Severe
20259999,Jalna,122.5,91.9,24.4,94.1,0.85,Marathwada,254,2,0,0.7,2.53,Cyclone,0.5601,High
20259999,Kolhapur,266.4,26.6,21.6,88.3,0.91,Pune Division,504,12,0,0.75,-0.67,Landslide,0.9334,Severe
20259999,Parbhani,2.9,16.4,38.0,25.1,0.03,Marathwada,295,2,0,0.7,-2.64,Drought,0.9183,Severe
20259999,Beed,0.0,6.8,41.5,27.0,0.14,Marathwada,242,2,0,0.8,-1.48,Heatwave,0.6732,High
20259999,Sangli,121.7,20.3,22.7,84.7,0.95,Pune Division,329,5,0,0.65,0.16,Landslide,0.5038,High
20259999,Washim,332.8,44.5,25.4,96.5,0.83,Vidarbha,244,3,0,0.65,2.06,Flood,0.9588,Severe
20259999,Sangli,199.8,28.8,25.9,94.9,0.92,Pune Division,329,5,0,0.65,1.33,Landslide,0.6766,High
20259999,Amravati,347.5,27.3,26.1,87.5,0.86,Vidarbha,237,4,0,0.68,3.96,Flood,1.0,Severe
20259999,Ratnagiri,0.0,13.5,43.6,26.8,0.12,Konkan,197,18,1,0.8,-1.48,Heatwave,0.7553,Severe
20259999,Ahmednagar,180.6,21.3,27.6,94.0,0.91,Nashik Division,266,4,0,0.68,3.84,Flood,0.8341,Severe
20259999,Ahmednagar,0.0,13.3,40.7,18.2,0.1,Nashik Division,266,4,0,0.68,-1.8,Heatwave,0.6477,High
20259999,Chandrapur,217.4,27.7,23.3,89.4,0.81,Vidarbha,193,3,0,0.75,-0.67,Landslide,0.6871,High
20259999,Osmanabad,171.2,26.0,23.3,93.2,0.98,Marathwada,219,3,0,0.75,-0.63,Landslide,0.6002,High
20259999,Hingoli,0.0,10.6,44.1,22.1,0.14,Marathwada,244,3,0,0.68,-1.59,Heatwave,0.7721,Severe
20259999,Raigad,0.0,12.8,41.0,27.5,0.08,Konkan,368,12,1,0.75,-1.95,Heatwave,0.6478,High
20259999,Washim,338.5,23.5,22.5,95.7,0.98,Vidarbha,244,3,0,0.65,4.39,Flood,1.0,Severe
20259999,Chandrapur,0.2,12.0,37.9,33.3,0.07,Vidarbha,193,3,0,0.75,-1.65,Drought,0.9144,Severe
20259999,Wardha,136.2,21.6,22.3,91.6,0.82,Vidarbha,206,2,0,0.65,0.09,Landslide,0.4814,Medium
20259999,Gondia,178.2,72.5,24.1,90.3,0.81,Vidarbha,253,5,0,0.7,3.06,Cyclone,0.579,High
20259999,Latur,128.9,26.7,23.9,85.0,0.89,Marathwada,343,2,0,0.75,1.41,Landslide,0.482,Medium
20259999,Nagpur,1.5,13.1,37.0,15.9,0.03,Vidarbha,470,3,0,0.7,-2.51,Drought,0.9192,Severe
20259999,Gadchiroli,274.3,33.1,22.5,97.1,0.87,Vidarbha,74,8,0,0.85,4.87,Flood,1.0,Severe
20259999,Beed,1.5,8.2,36.0,33.0,0.04,Marathwada,242,2,0,0.8,-1.55,Drought,0.9208,Severe
20259999,Sindhudurg,172.4,18.8,23.0,89.9,0.93,Konkan,167,20,1,0.75,0.94,Landslide,0.8359,Severe
20259999,Palghar,0.7,7.1,42.4,18.6,0.03,Konkan,362,8,1,0.7,-2.12,Drought,0.9436,Severe
20259999,Akola,164.2,99.9,24.5,89.7,0.87,Vidarbha,320,2,0,0.65,2.73,Cyclone,0.6443,High
20259999,Sindhudurg,170.2,210.1,26.4,93.6,0.84,Konkan,167,20,1,0.75,1.85,Cyclone,1.0,Severe
20259999,Chandrapur,218.4,27.9,24.7,86.9,0.97,Vidarbha,193,3,0,0.75,1.46,Landslide,0.7054,High
20259999,Satara,0.0,5.6,45.7,11.5,0.12,Pune Division,287,15,0,0.7,-1.36,Heatwave,0.8576,Severe
20259999,Nanded,155.1,19.3,20.4,87.5,0.84,Marathwada,319,3,0,0.72,-0.31,Landslide,0.547,High
20259999,Raigad,347.0,28.9,23.9,97.1,0.88,Konkan,368,12,1,0.75,5.15,Flood,1.0,Severe
20259999,Osmanabad,0.0,18.5,45.5,26.2,0.14,Marathwada,219,3,0,0.75,-1.6,Heatwave,0.8254,Severe
20259999,Mumbai Suburban,150.4,19.0,22.1,86.5,0.96,Konkan,20980,3,1,0.8,4.82,Flood,0.8625,Severe
20259999,Washim,0.0,9.9,51.7,27.7,0.13,Vidarbha,244,3,0,0.65,-1.22,Heatwave,1.0,Severe
20259999,Buldhana,0.0,12.5,50.3,12.8,0.16,Vidarbha,268,3,0,0.68,-2.41,Heatwave,1.0,Severe
20259999,Gadchiroli,0.0,20.0,48.5,21.6,0.05,Vidarbha,74,8,0,0.85,-1.38,Heatwave,0.9612,Severe
20259999,Nashik,204.2,24.3,23.8,92.9,0.94,Nashik Division,393,8,0,0.7,6.18,Flood,1.0,Severe
20259999,Buldhana,227.4,24.7,21.0,91.3,0.92,Vidarbha,268,3,0,0.68,-0.97,Landslide,0.7137,High
20259999,Sangli,263.6,41.2,23.8,86.7,0.94,Pune Division,329,5,0,0.65,3.41,Flood,0.9433,Severe
20259999,Wardha,195.1,30.2,27.4,96.4,0.93,Vidarbha,206,2,0,0.65,5.31,Flood,0.9431,Severe
20259999,Jalgaon,209.2,40.3,24.3,95.8,0.91,Nashik Division,360,3,0,0.65,4.05,Flood,0.8891,Severe
20259999,Amravati,266.0,11.1,24.1,89.3,0.88,Vidarbha,237,4,0,0.68,-0.4,Landslide,0.8105,Severe
20259999,Thane,0.0,18.1,45.0,26.9,0.08,Konkan,1157,5,1,0.75,-2.0,Heatwave,0.8045,Severe
20259999,Solapur,2.7,14.7,42.1,23.3,0.1,Pune Division,290,2,0,0.7,-2.03,Drought,0.904,Severe
20259999,Ratnagiri,265.3,21.2,21.5,80.5,0.86,Konkan,197,18,1,0.8,0.43,Landslide,1.0,Severe
20259999,Nagpur,1.8,11.8,41.5,15.6,0.09,Vidarbha,470,3,0,0.7,-2.22,Drought,0.9092,Severe
20259999,Hingoli,96.2,93.7,24.3,92.8,0.89,Marathwada,244,3,0,0.68,1.12,Cyclone,0.5246,High
20259999,Yavatmal,153.5,23.0,20.8,90.2,0.81,Vidarbha,204,4,0,0.72,-0.16,Landslide,0.5544,High
20259999,Aurangabad,305.2,24.0,28.0,94.9,0.9,Marathwada,366,3,0,0.72,6.42,Flood,1.0,Severe
20259999,Dhule,183.2,76.6,24.1,97.6,0.95,Nashik Division,285,4,0,0.62,3.24,Cyclone,0.5921,High
20259999,Pune,2.0,7.2,41.5,25.1,0.07,Pune Division,603,10,0,0.75,-2.46,Drought,0.9225,Severe
20259999,Beed,157.3,11.9,21.8,90.7,0.92,Marathwada,242,2,0,0.8,-0.53,Landslide,0.5539,High
20259999,Nashik,174.7,96.4,24.5,96.4,0.95,Nashik Division,393,8,0,0.7,0.72,Cyclone,0.6534,High
20259999,Pune,138.0,98.5,23.8,95.5,0.91,Pune Division,603,10,0,0.75,0.39,Cyclone,0.6103,High
20259999,Nashik,160.1,22.5,24.8,88.2,0.9,Nashik Division,393,8,0,0.7,1.0,Landslide,0.6322,High
20259999,Nandurbar,1.5,16.4,37.6,20.3,0.04,Nashik Division,277,10,0,0.72,-1.77,Drought,0.9192,Severe
20259999,Bhandara,0.0,10.2,51.8,26.7,0.16,Vidarbha,294,2,0,0.68,-2.32,Heatwave,1.0,Severe
20259999,Sindhudurg,2.8,13.1,40.4,22.5,0.04,Konkan,167,20,1,0.75,-2.33,Drought,0.9288,Severe
20259999,Thane,266.2,11.0,22.7,84.0,0.96,Konkan,1157,5,1,0.75,-0.76,Landslide,0.84,Severe
20259999,Chandrapur,170.3,78.6,23.5,97.5,0.87,Vidarbha,193,3,0,0.75,2.19,Cyclone,0.5924,High
20259999,Parbhani,0.6,12.9,42.7,22.2,0.1,Marathwada,295,2,0,0.7,-2.78,Drought,0.9137,Severe
20259999,Gondia,1.1,11.0,41.0,29.4,0.07,Vidarbha,253,5,0,0.7,-2.22,Drought,0.9186,Severe
20259999,Akola,162.3,21.2,23.3,90.6,0.93,Vidarbha,320,2,0,0.65,-0.41,Landslide,0.5512,High
20259999,Akola,124.5,36.5,22.6,94.5,0.89,Vidarbha,320,2,0,0.65,3.69,Flood,0.7296,Severe
20259999,Nandurbar,0.0,17.7,42.3,14.7,0.11,Nashik Division,277,10,0,0.72,-1.69,Heatwave,0.7209,Severe
20259999,Wardha,153.3,105.1,23.1,90.2,0.84,Vidarbha,206,2,0,0.65,2.44,Cyclone,0.6453,High
20259999,Solapur,344.5,24.6,25.2,85.2,0.96,Pune Division,290,2,0,0.7,5.44,Flood,1.0,Severe
20259999,Osmanabad,0.0,10.8,43.1,27.6,0.13,Marathwada,219,3,0,0.75,-1.68,Heatwave,0.7292,Severe
20259999,Aurangabad,0.0,15.5,44.0,26.3,0.11,Marathwada,366,3,0,0.72,-1.95,Heatwave,0.7638,Severe
20259999,Jalgaon,0.0,7.5,41.4,27.3,0.1,Nashik Division,360,3,0,0.65,-1.82,Heatwave,0.6537,High
20259999,Buldhana,186.6,24.9,22.9,84.7,0.82,Vidarbha,268,3,0,0.68,1.32,Landslide,0.6118,High
20259999,Solapur,0.0,15.7,45.0,18.1,0.13,Pune Division,290,2,0,0.7,-2.11,Heatwave,0.8171,Severe
20259999,Mumbai City,0.0,7.8,42.2,10.6,0.08,Konkan,19652,2,1,0.85,-1.65,Heatwave,0.7382,Severe
20259999,Osmanabad,302.4,18.5,26.3,86.9,0.97,Marathwada,219,3,0,0.75,3.07,Flood,1.0,Severe
20259999,Palghar,0.0,12.8,40.5,20.5,0.15,Konkan,362,8,1,0.7,-2.3,Heatwave,0.6373,High
20259999,Sangli,118.5,87.6,26.8,91.8,0.88,Pune Division,329,5,0,0.65,0.78,Cyclone,0.5348,High
20259999,Yavatmal,187.9,18.5,23.5,90.0,0.79,Vidarbha,204,4,0,0.72,3.89,Flood,0.8347,Severe
20259999,Yavatmal,0.2,8.3,39.5,32.2,0.1,Vidarbha,204,4,0,0.72,-1.75,Drought,0.9043,Severe
20259999,Nandurbar,190.5,44.6,26.1,89.0,0.85,Nashik Division,277,10,0,0.72,3.67,Flood,0.835,Severe
20259999,Jalna,1.9,5.7,37.9,19.2,0.05,Marathwada,254,2,0,0.7,-1.98,Drought,0.9124,Severe
20259999,Kolhapur,277.7,25.3,25.8,93.2,0.84,Pune Division,504,12,0,0.75,4.68,Flood,1.0,Severe
20259999,Wardha,167.5,19.5,25.1,97.1,0.86,Vidarbha,206,2,0,0.65,1.72,Flood,0.679,High
20259999,Palghar,0.0,9.4,41.5,15.8,0.13,Konkan,362,8,1,0.7,-1.44,Heatwave,0.6856,High
20259999,Ahmednagar,173.9,23.3,23.1,93.0,0.91,Nashik Division,266,4,0,0.68,2.24,Flood,0.7301,Severe
20259999,Aurangabad,0.8,8.7,41.8,33.0,0.1,Marathwada,366,3,0,0.72,-2.78,Drought,0.9114,Severe
20259999,Nanded,153.1,25.5,25.5,86.8,0.95,Marathwada,319,3,0,0.72,1.64,Flood,0.6718,High
20259999,Jalna,3.0,12.7,41.7,23.1,0.09,Marathwada,254,2,0,0.7,-2.42,Drought,0.9058,Severe
20259999,Jalgaon,2.3,6.5,38.5,25.9,0.06,Nashik Division,360,3,0,0.65,-2.54,Drought,0.904,Severe
20259999,Ahmednagar,198.8,79.1,26.7,95.0,0.76,Nashik Division,266,4,0,0.68,2.75,Cyclone,0.6299,High
20259999,Kolhapur,294.4,28.1,22.2,93.9,0.87,Pune Division,504,12,0,0.75,5.87,Flood,1.0,Severe
20259999,Sindhudurg,181.4,136.7,25.0,90.0,0.83,Konkan,167,20,1,0.75,0.78,Cyclone,0.9028,Severe
20259999,Yavatmal,84.3,83.2,26.3,92.9,0.88,Vidarbha,204,4,0,0.72,1.44,Cyclone,0.4758,Medium
20259999,Osmanabad,1.8,15.6,39.5,29.5,0.11,Marathwada,219,3,0,0.75,-2.48,Drought,0.8972,Severe
20259999,Amravati,1.5,17.9,37.6,28.5,0.04,Vidarbha,237,4,0,0.68,-1.61,Drought,0.9152,Severe
20259999,Gondia,158.0,105.8,25.7,95.0,0.84,Vidarbha,253,5,0,0.7,1.52,Cyclone,0.6597,High
20259999,Gondia,110.2,21.2,24.5,87.5,0.91,Vidarbha,253,5,0,0.7,1.25,Landslide,0.479,Medium
20259999,Nashik,176.7,73.9,26.3,96.5,0.88,Nashik Division,393,8,0,0.7,2.92,Cyclone,0.5814,High
20259999,Mumbai Suburban,123.9,15.3,20.2,85.8,0.89,Konkan,20980,3,1,0.8,1.36,Landslide,0.4898,Medium
20259999,Nanded,117.5,101.2,23.6,96.1,0.8,Marathwada,319,3,0,0.72,3.05,Cyclone,0.5856,High
20259999,Raigad,2.6,15.0,40.3,32.0,0.06,Konkan,368,12,1,0.75,-2.75,Drought,0.9201,Severe
20259999,Raigad,156.1,40.6,25.8,95.5,0.93,Konkan,368,12,1,0.75,2.99,Flood,0.7553,Severe
20259999,Dhule,0.5,6.2,37.7,24.2,0.1,Nashik Division,285,4,0,0.62,-1.69,Drought,0.886,Severe
20259999,Chandrapur,120.7,29.3,23.0,85.7,0.83,Vidarbha,193,3,0,0.75,0.04,Landslide,0.4716,Medium
20259999,Parbhani,278.9,15.6,22.9,94.2,0.92,Marathwada,295,2,0,0.7,4.71,Flood,1.0,Severe
20259999,Gadchiroli,1.8,5.9,39.0,20.2,0.07,Vidarbha,74,8,0,0.85,-2.39,Drought,0.9232,Severe
20259999,Wardha,214.1,78.1,26.8,97.9,0.86,Vidarbha,206,2,0,0.65,0.4,Cyclone,0.6465,High
20259999,Gondia,187.4,28.6,20.7,87.8,0.87,Vidarbha,253,5,0,0.7,1.48,Landslide,0.6486,High
20259999,Sindhudurg,1.3,9.9,42.9,34.3,0.05,Konkan,167,20,1,0.75,-1.58,Drought,0.9396,Severe
20259999,Jalna,2.4,8.6,38.1,16.4,0.05,Marathwada,254,2,0,0.7,-2.86,Drought,0.9115,Severe
20259999,Amravati,2.1,14.8,36.4,21.8,0.05,Vidarbha,237,4,0,0.68,-2.84,Drought,0.9038,Severe
20259999,Nagpur,0.0,19.7,49.0,16.8,0.06,Vidarbha,470,3,0,0.7,-1.54,Heatwave,0.9753,Severe
20259999,Pune,0.0,5.1,45.0,11.8,0.06,Pune Division,603,10,0,0.75,-1.32,Heatwave,0.8347,Severe
20259999,Parbhani,186.0,92.8,24.6,92.2,0.88,Marathwada,295,2,0,0.7,1.77,Cyclone,0.6583,High
20259999,Nashik,242.9,25.3,24.4,91.6,0.81,Nashik Division,393,8,0,0.7,1.24,Landslide,0.8095,Severe
20259999,Buldhana,0.0,9.3,47.2,13.4,0.11,Vidarbha,268,3,0,0.68,-1.39,Heatwave,0.9101,Severe
20259999,Pune,2.4,5.8,37.4,28.4,0.1,Pune Division,603,10,0,0.75,-2.22,Drought,0.8912,Severe
20259999,Solapur,85.5,85.8,26.6,95.3,0.8,Pune Division,290,2,0,0.7,1.74,Cyclone,0.4842,Medium
20259999,Kolhapur,0.4,6.6,39.4,21.6,0.09,Pune Division,504,12,0,0.75,-1.65,Drought,0.9107,Severe
20259999,Osmanabad,176.5,14.2,23.8,86.4,0.8,Marathwada,219,3,0,0.75,-0.93,Landslide,0.5941,High
20259999,Wardha,250.4,29.6,25.2,91.3,0.86,Vidarbha,206,2,0,0.65,5.12,Flood,1.0,Severe
20259999,Chandrapur,179.8,94.7,26.6,91.3,0.92,Vidarbha,193,3,0,0.75,3.31,Cyclone,0.6604,High
20259999,Sangli,264.4,26.4,26.8,89.0,0.82,Pune Division,329,5,0,0.65,4.22,Flood,0.9739,Severe
20259999,Parbhani,309.9,28.7,26.9,89.0,0.9,Marathwada,295,2,0,0.7,2.54,Flood,0.9657,Severe
20259999,Nanded,0.0,18.7,43.6,25.2,0.08,Marathwada,319,3,0,0.72,-1.44,Heatwave,0.7505,Severe
20259999,Beed,147.2,23.1,24.2,85.2,0.89,Marathwada,242,2,0,0.8,0.01,Landslide,0.5282,High
20259999,Latur,168.6,14.3,24.5,82.0,0.96,Marathwada,343,2,0,0.75,0.02,Landslide,0.5783,High
20259999,Solapur,194.4,26.9,25.9,84.2,0.94,Pune Division,290,2,0,0.7,-0.94,Landslide,0.6294,High
20259999,Wardha,166.3,76.5,26.6,97.3,0.9,Vidarbha,206,2,0,0.65,0.92,Cyclone,0.5694,High
20259999,Raigad,2.7,9.8,37.3,32.5,0.1,Konkan,368,12,1,0.75,-2.85,Drought,0.8897,Severe
20259999,Sangli,219.1,91.3,24.8,93.3,0.8,Pune Division,329,5,0,0.65,3.15,Cyclone,0.698,High
20259999,Bhandara,246.6,11.6,24.7,87.4,0.8,Vidarbha,294,2,0,0.68,-0.43,Landslide,0.7308,Severe
20259999,Palghar,235.3,19.5,21.0,83.9,0.89,Konkan,362,8,1,0.7,-0.95,Landslide,0.8004,Severe
20259999,Amravati,93.8,71.7,25.1,93.9,0.9,Vidarbha,237,4,0,0.68,0.91,Cyclone,0.4477,Medium
20259999,Gadchiroli,0.0,12.5,49.8,19.4,0.06,Vidarbha,74,8,0,0.85,-2.08,Heatwave,1.0,Severe
20259999,Kolhapur,160.0,96.1,25.1,93.5,0.92,Pune Division,504,12,0,0.75,3.21,Cyclone,0.6353,High
20259999,Latur,2.8,6.8,38.9,16.8,0.04,Marathwada,343,2,0,0.75,-1.64,Drought,0.9228,Severe
20259999,Mumbai City,118.4,160.7,23.9,93.8,0.82,Konkan,19652,2,1,0.85,0.49,Cyclone,0.8983,Severe
20259999,Buldhana,121.8,32.1,25.8,88.9,0.93,Vidarbha,268,3,0,0.68,3.39,Flood,0.7168,High
20259999,Mumbai Suburban,2.0,17.3,40.0,22.9,0.05,Konkan,20980,3,1,0.8,-1.6,Drought,0.9305,Severe
20259999,Kolhapur,273.0,27.8,27.1,94.3,0.84,Pune Division,504,12,0,0.75,4.5,Flood,1.0,Severe
20259999,Nanded,0.4,11.6,38.4,21.8,0.07,Marathwada,319,3,0,0.72,-1.5,Drought,0.9127,Severe
20259999,Raigad,0.0,7.7,43.7,14.3,0.06,Konkan,368,12,1,0.75,-2.43,Heatwave,0.7792,Severe
20259999,Parbhani,232.8,34.6,22.2,86.4,0.98,Marathwada,295,2,0,0.7,6.48,Flood,1.0,Severe
20259999,Nagpur,273.3,16.2,22.7,84.3,0.93,Vidarbha,470,3,0,0.7,0.21,Landslide,0.8199,Severe
20259999,Bhandara,124.8,20.0,24.8,84.2,0.85,Vidarbha,294,2,0,0.68,1.08,Landslide,0.4618,Medium
20259999,Mumbai City,0.0,7.5,45.4,15.3,0.08,Konkan,19652,2,1,0.85,-2.48,Heatwave,0.8533,Severe
20259999,Palghar,2.1,17.5,38.2,19.8,0.1,Konkan,362,8,1,0.7,-1.72,Drought,0.8904,Severe
20259999,Pune,205.9,86.5,26.6,89.3,0.79,Pune Division,603,10,0,0.75,1.43,Cyclone,0.6722,High
20259999,Hingoli,260.7,30.4,25.6,86.3,0.88,Marathwada,244,3,0,0.68,6.46,Flood,1.0,Severe
20259999,Palghar,193.5,15.9,23.2,88.6,0.9,Konkan,362,8,1,0.7,1.13,Landslide,0.7074,High
20259999,Osmanabad,81.5,90.7,26.2,90.6,0.91,Marathwada,219,3,0,0.75,0.93,Cyclone,0.4996,Medium
20259999,Sangli,292.8,36.4,25.9,96.4,0.94,Pune Division,329,5,0,0.65,6.41,Flood,1.0,Severe
20259999,Gondia,165.0,16.7,24.5,93.0,0.91,Vidarbha,253,5,0,0.7,2.84,Flood,0.7528,Severe
20259999,Ratnagiri,0.0,9.5,41.4,20.9,0.11,Konkan,197,18,1,0.8,-1.68,Heatwave,0.6815,High
20259999,Nagpur,155.7,78.4,24.8,91.3,0.91,Vidarbha,470,3,0,0.7,0.33,Cyclone,0.5649,High
20259999,Jalna,188.2,74.7,24.5,96.7,0.76,Marathwada,254,2,0,0.7,1.31,Cyclone,0.6013,High
20259999,Kolhapur,0.0,19.8,41.1,21.3,0.11,Pune Division,504,12,0,0.75,-2.3,Heatwave,0.6641,High
20259999,Pune,99.8,86.7,25.4,98.0,0.93,Pune Division,603,10,0,0.75,0.98,Cyclone,0.5137,High
20259999,Kolhapur,120.8,19.2,23.1,84.7,0.89,Pune Division,504,12,0,0.75,1.3,Landslide,0.6038,High
20259999,Wardha,1.0,17.6,36.7,26.7,0.09,Vidarbha,206,2,0,0.65,-1.78,Drought,0.8878,Severe
20259999,Kolhapur,0.0,14.6,40.6,21.2,0.11,Pune Division,504,12,0,0.75,-2.35,Heatwave,0.6448,High
20259999,Nashik,196.9,71.6,25.0,93.6,0.82,Nashik Division,393,8,0,0.7,0.48,Cyclone,0.604,High
20259999,Wardha,2.5,9.2,40.2,20.5,0.09,Vidarbha,206,2,0,0.65,-1.92,Drought,0.8966,Severe
20259999,Aurangabad,0.0,8.6,41.5,16.9,0.07,Marathwada,366,3,0,0.72,-2.06,Heatwave,0.6854,High
20259999,Pune,306.1,27.1,26.5,86.3,0.96,Pune Division,603,10,0,0.75,2.95,Flood,0.9975,Severe
20259999,Chandrapur,123.2,95.5,23.9,97.6,0.77,Vidarbha,193,3,0,0.75,0.02,Cyclone,0.5781,High
20259999,Pune,0.7,12.9,41.2,34.5,0.06,Pune Division,603,10,0,0.75,-2.9,Drought,0.9304,Severe
20259999,Hingoli,2.8,6.3,38.4,17.7,0.1,Marathwada,244,3,0,0.68,-1.68,Drought,0.8868,Severe
20259999,Aurangabad,149.2,32.6,25.0,94.0,0.84,Marathwada,366,3,0,0.72,3.51,Flood,0.7581,Severe
20259999,Nashik,139.2,94.4,26.7,94.4,0.83,Nashik Division,393,8,0,0.7,0.92,Cyclone,0.5935,High
20259999,Beed,0.0,9.2,42.6,28.1,0.07,Marathwada,242,2,0,0.8,-2.69,Drought,0.9389,Severe
20259999,Wardha,167.0,22.4,23.2,87.1,0.97,Vidarbha,206,2,0,0.65,4.51,Flood,0.8574,Severe
20259999,Solapur,0.0,19.3,41.4,10.1,0.12,Pune Division,290,2,0,0.7,-1.84,Heatwave,0.6931,High
20259999,Ratnagiri,143.6,98.0,24.2,90.7,0.79,Konkan,197,18,1,0.8,1.16,Cyclone,0.7221,Severe
20259999,Amravati,240.0,12.6,21.6,86.8,0.97,Vidarbha,237,4,0,0.68,-0.54,Landslide,0.761,Severe
20259999,Thane,2.2,13.7,41.1,15.6,0.04,Konkan,1157,5,1,0.75,-2.5,Drought,0.9337,Severe
20259999,Sindhudurg,190.0,153.4,26.9,97.6,0.91,Konkan,167,20,1,0.75,1.32,Cyclone,0.9713,Severe
20259999,Jalna,80.3,70.0,26.7,97.3,0.88,Marathwada,254,2,0,0.7,2.54,Cyclone,0.4238,Medium
20259999,Thane,0.0,8.7,45.2,21.7,0.12,Konkan,1157,5,1,0.75,-2.37,Heatwave,0.8227,Severe
20259999,Wardha,195.6,93.2,24.5,91.5,0.84,Vidarbha,206,2,0,0.65,2.26,Cyclone,0.6691,High
20259999,Nashik,0.0,10.8,44.3,13.0,0.08,Nashik Division,393,8,0,0.7,-1.95,Heatwave,0.8001,Severe
20259999,Nagpur,203.2,29.3,20.6,86.9,0.88,Vidarbha,470,3,0,0.7,0.5,Landslide,0.6572,High
20259999,Beed,2.5,13.7,40.5,34.0,0.06,Marathwada,242,2,0,0.8,-1.75,Drought,0.9262,Severe
20259999,Dhule,233.1,36.9,24.3,87.1,0.9,Nashik Division,285,4,0,0.62,2.48,Flood,0.8313,Severe
20259999,Amravati,178.2,36.0,27.5,94.9,0.8,Vidarbha,237,4,0,0.68,3.85,Flood,0.8144,Severe
20259999,Dhule,205.8,70.1,23.9,92.3,0.94,Nashik Division,285,4,0,0.62,2.89,Cyclone,0.6044,High
20259999,Solapur,287.9,36.0,26.6,90.9,0.82,Pune Division,290,2,0,0.7,3.82,Flood,0.9931,Severe
20259999,Hingoli,1.8,5.9,36.5,34.3,0.04,Marathwada,244,3,0,0.68,-2.56,Drought,0.9097,Severe
20259999,Palghar,105.4,143.3,24.9,93.7,0.84,Konkan,362,8,1,0.7,3.22,Cyclone,0.8058,Severe
20259999,Palghar,0.0,14.9,40.7,17.1,0.13,Konkan,362,8,1,0.7,-2.21,Heatwave,0.6519,High
20259999,Chandrapur,0.3,11.8,40.7,17.3,0.1,Vidarbha,193,3,0,0.75,-2.66,Drought,0.9118,Severe
20259999,Nanded,2.5,12.7,38.8,20.3,0.08,Marathwada,319,3,0,0.72,-2.2,Drought,0.9024,Severe
20259999,Nagpur,183.0,22.2,25.0,88.8,0.88,Vidarbha,470,3,0,0.7,4.85,Flood,0.8944,Severe
20259999,Latur,108.8,98.4,23.5,93.4,0.79,Marathwada,343,2,0,0.75,0.3,Cyclone,0.5662,High
20259999,Parbhani,124.0,100.2,26.9,95.6,0.76,Marathwada,295,2,0,0.7,1.78,Cyclone,0.59,High
20259999,Thane,1.5,11.3,38.6,20.4,0.11,Konkan,1157,5,1,0.75,-2.52,Drought,0.8946,Severe
20259999,Mumbai Suburban,0.0,5.8,45.7,20.3,0.1,Konkan,20980,3,1,0.8,-1.38,Heatwave,0.85,Severe
20259999,Thane,193.4,118.6,26.3,88.5,0.89,Konkan,1157,5,1,0.75,0.22,Cyclone,0.8604,Severe
20259999,Gondia,1.1,16.5,41.6,33.5,0.06,Vidarbha,253,5,0,0.7,-2.97,Drought,0.9256,Severe
20259999,Beed,121.1,17.7,24.4,89.3,0.89,Marathwada,242,2,0,0.8,-0.56,Landslide,0.4695,Medium
20259999,Buldhana,0.0,8.2,50.5,17.4,0.12,Vidarbha,268,3,0,0.68,-2.2,Heatwave,1.0,Severe
20259999,Osmanabad,168.0,93.8,23.4,92.0,0.92,Marathwada,219,3,0,0.75,2.92,Cyclone,0.6397,High
20259999,Nandurbar,0.4,13.6,37.7,27.9,0.04,Nashik Division,277,10,0,0.72,-1.58,Drought,0.9234,Severe
20259999,Palghar,214.7,25.2,21.3,81.4,0.86,Konkan,362,8,1,0.7,-0.66,Landslide,0.7511,Severe
20259999,Buldhana,0.1,12.1,41.6,20.5,0.1,Vidarbha,268,3,0,0.68,-2.65,Drought,0.9091,Severe
20259999,Ratnagiri,231.6,17.4,22.0,93.3,0.89,Konkan,197,18,1,0.8,1.25,Landslide,0.9421,Severe
20259999,Ratnagiri,244.4,12.0,23.8,90.5,0.96,Konkan,197,18,1,0.8,-0.44,Landslide,0.9779,Severe
20259999,Kolhapur,338.5,42.8,25.9,93.6,0.83,Pune Division,504,12,0,0.75,5.64,Flood,1.0,Severe
20259999,Bhandara,2.0,8.9,37.3,16.5,0.08,Vidarbha,294,2,0,0.68,-2.57,Drought,0.8942,Severe
20259999,Latur,237.7,11.6,23.5,88.3,0.91,Marathwada,343,2,0,0.75,0.74,Landslide,0.7288,Severe
20259999,Nagpur,0.6,15.8,42.8,25.7,0.07,Vidarbha,470,3,0,0.7,-2.45,Drought,0.9276,Severe
20259999,Latur,155.0,25.9,26.9,87.4,0.93,Marathwada,343,2,0,0.75,4.76,Flood,0.8568,Severe
20259999,Jalgaon,2.3,8.9,42.9,25.0,0.07,Nashik Division,360,3,0,0.65,-2.95,Drought,0.917,Severe
20259999,Ahmednagar,0.0,13.1,42.4,17.5,0.12,Nashik Division,266,4,0,0.68,-1.64,Heatwave,0.7152,High
20259999,Parbhani,103.2,87.7,24.3,90.1,0.78,Marathwada,295,2,0,0.7,1.32,Cyclone,0.5171,High
20259999,Nanded,219.0,94.2,26.9,96.3,0.8,Marathwada,319,3,0,0.72,0.08,Cyclone,0.7145,High
20259999,Gondia,336.2,42.2,25.5,86.8,0.87,Vidarbha,253,5,0,0.7,5.13,Flood,1.0,Severe
20259999,Parbhani,0.0,10.5,44.7,22.3,0.06,Marathwada,295,2,0,0.7,-1.77,Heatwave,0.7971,Severe
20259999,Mumbai Suburban,277.2,33.3,27.8,97.2,0.78,Konkan,20980,3,1,0.8,1.9,Flood,0.868,Severe
20259999,Washim,244.2,15.3,25.1,86.6,0.85,Vidarbha,244,3,0,0.65,-0.97,Landslide,0.7414,Severe
20259999,Jalna,275.6,24.3,20.5,88.8,0.8,Marathwada,254,2,0,0.7,0.39,Landslide,0.7981,Severe
20259999,Gadchiroli,1.5,13.1,42.3,18.8,0.04,Vidarbha,74,8,0,0.85,-2.06,Drought,0.951,Severe
20259999,Sindhudurg,219.6,129.1,24.6,90.1,0.88,Konkan,167,20,1,0.75,0.85,Cyclone,0.9347,Severe
20259999,Hingoli,1.4,10.9,41.6,19.3,0.1,Marathwada,244,3,0,0.68,-1.81,Drought,0.9045,Severe
20259999,Bhandara,155.9,21.3,21.6,94.8,0.81,Vidarbha,294,2,0,0.68,0.12,Landslide,0.5278,High
20259999,Pune,261.5,21.8,27.2,95.4,0.93,Pune Division,603,10,0,0.75,5.74,Flood,1.0,Severe
20259999,Hingoli,1.5,9.9,37.6,26.1,0.1,Marathwada,244,3,0,0.68,-2.11,Drought,0.8882,Severe
20259999,Osmanabad,279.9,34.5,26.0,93.4,0.82,Marathwada,219,3,0,0.75,2.22,Flood,0.892,Severe
20259999,Satara,0.0,13.9,42.3,21.0,0.07,Pune Division,287,15,0,0.7,-2.16,Heatwave,0.7063,High
20259999,Nandurbar,139.1,18.5,23.4,94.6,0.81,Nashik Division,277,10,0,0.72,0.15,Landslide,0.606,High
20259999,Palghar,2.5,15.9,41.2,20.6,0.08,Konkan,362,8,1,0.7,-2.53,Drought,0.91,Severe
20259999,Amravati,264.5,14.7,23.5,85.4,0.92,Vidarbha,237,4,0,0.68,0.41,Landslide,0.8111,Severe
20259999,Akola,0.4,7.8,39.9,30.3,0.04,Vidarbha,320,2,0,0.65,-1.69,Drought,0.9252,Severe
20259999,Pune,182.9,70.1,26.5,91.4,0.89,Pune Division,603,10,0,0.75,0.22,Cyclone,0.583,High
20259999,Amravati,0.0,18.7,46.5,14.2,0.12,Vidarbha,237,4,0,0.68,-1.75,Heatwave,0.8813,Severe
20259999,Solapur,261.5,41.7,22.4,96.6,0.83,Pune Division,290,2,0,0.7,1.89,Flood,0.8398,Severe
20259999,Chandrapur,0.3,8.5,38.2,26.0,0.09,Vidarbha,193,3,0,0.75,-2.41,Drought,0.9062,Severe
20259999,Ratnagiri,202.7,218.0,25.5,94.0,0.78,Konkan,197,18,1,0.8,2.53,Cyclone,1.0,Severe
20259999,Gadchiroli,0.0,11.7,47.7,17.2,0.13,Vidarbha,74,8,0,0.85,-1.36,Heatwave,0.9389,Severe
20259999,Beed,123.2,42.4,23.6,96.5,0.82,Marathwada,242,2,0,0.8,3.7,Flood,0.7326,Severe
20259999,Chandrapur,198.8,15.5,23.9,83.1,0.92,Vidarbha,193,3,0,0.75,-0.99,Landslide,0.6563,High
20259999,Aurangabad,269.7,23.5,24.7,85.0,0.88,Marathwada,366,3,0,0.72,-0.9,Landslide,0.8088,Severe
20259999,Bhandara,88.7,81.0,25.5,92.5,0.87,Vidarbha,294,2,0,0.68,1.91,Cyclone,0.471,Medium
20259999,Bhandara,251.4,27.8,23.4,97.5,0.86,Vidarbha,294,2,0,0.68,5.14,Flood,1.0,Severe
20259999,Mumbai City,210.5,10.2,24.3,88.4,0.89,Konkan,19652,2,1,0.85,0.06,Landslide,0.6756,High
20259999,Yavatmal,270.1,25.3,23.1,87.3,0.9,Vidarbha,204,4,0,0.72,4.23,Flood,1.0,Severe
20259999,Raigad,1.9,15.7,36.2,28.4,0.05,Konkan,368,12,1,0.75,-2.62,Drought,0.9106,Severe
20259999,Palghar,132.0,193.1,26.2,92.4,0.92,Konkan,362,8,1,0.7,0.09,Cyclone,1.0,Severe
20259999,Jalna,298.6,33.7,25.4,93.0,0.97,Marathwada,254,2,0,0.7,4.78,Flood,1.0,Severe
20259999,Buldhana,116.7,104.7,25.5,93.8,0.78,Vidarbha,268,3,0,0.68,1.82,Cyclone,0.592,High
20259999,Nanded,162.5,42.4,22.7,92.5,0.84,Marathwada,319,3,0,0.72,4.28,Flood,0.8243,Severe
20259999,Nagpur,2.6,9.9,38.5,23.9,0.04,Vidarbha,470,3,0,0.7,-2.42,Drought,0.9169,Severe
20259999,Yavatmal,118.6,12.4,24.2,90.0,0.85,Vidarbha,204,4,0,0.72,1.03,Landslide,0.4798,Medium
20259999,Thane,0.0,10.1,41.1,19.5,0.13,Konkan,1157,5,1,0.75,-1.86,Heatwave,0.6677,High
20259999,Thane,201.0,23.6,25.2,91.4,0.87,Konkan,1157,5,1,0.75,1.05,Landslide,0.6842,High
20259999,Mumbai City,172.2,17.2,24.6,96.5,0.81,Konkan,19652,2,1,0.85,5.93,Flood,0.9446,Severe
20259999,Jalna,118.7,99.4,26.5,94.9,0.82,Marathwada,254,2,0,0.7,1.5,Cyclone,0.5794,High
20259999,Osmanabad,168.7,29.1,25.9,92.0,0.9,Marathwada,219,3,0,0.75,4.23,Flood,0.8433,Severe
20259999,Bhandara,1.2,11.9,42.8,15.8,0.07,Vidarbha,294,2,0,0.68,-2.05,Drought,0.9235,Severe
20259999,Gondia,112.0,83.7,25.5,88.4,0.79,Vidarbha,253,5,0,0.7,1.03,Cyclone,0.517,High
20259999,Kolhapur,0.0,17.0,41.1,20.2,0.05,Pune Division,504,12,0,0.75,-2.1,Heatwave,0.6663,High
20259999,Pune,1.7,12.9,39.3,21.5,0.04,Pune Division,603,10,0,0.75,-2.47,Drought,0.9282,Severe
20259999,Nagpur,288.8,29.1,25.9,87.7,0.95,Vidarbha,470,3,0,0.7,5.83,Flood,1.0,Severe
20259999,Chandrapur,246.0,33.2,24.8,96.8,0.93,Vidarbha,193,3,0,0.75,4.86,Flood,1.0,Severe
20259999,Nagpur,253.2,16.7,20.9,84.2,0.96,Vidarbha,470,3,0,0.7,-0.6,Landslide,0.7777,Severe
20259999,Ahmednagar,306.9,21.5,24.7,89.1,0.97,Nashik Division,266,4,0,0.68,5.88,Flood,1.0,Severe
20259999,Ratnagiri,0.0,7.8,42.9,24.1,0.14,Konkan,197,18,1,0.8,-1.38,Heatwave,0.7335,Severe
20259999,Gondia,199.8,40.1,27.2,85.6,0.86,Vidarbha,253,5,0,0.7,1.63,Flood,0.7304,Severe
20259999,Jalna,0.5,13.8,38.5,31.3,0.07,Marathwada,254,2,0,0.7,-2.51,Drought,0.9108,Severe
20259999,Yavatmal,301.4,36.3,23.9,91.4,0.8,Vidarbha,204,4,0,0.72,5.64,Flood,1.0,Severe
20259999,Gondia,1.8,12.4,37.1,16.4,0.07,Vidarbha,253,5,0,0.7,-2.3,Drought,0.9006,Severe
20259999,Thane,0.0,17.5,42.5,14.7,0.14,Konkan,1157,5,1,0.75,-1.31,Heatwave,0.7317,Severe
20259999,Latur,218.9,26.8,22.8,90.8,0.98,Marathwada,343,2,0,0.75,-0.62,Landslide,0.6935,High
20259999,Aurangabad,267.9,41.3,24.5,90.4,0.89,Marathwada,366,3,0,0.72,1.6,Flood,0.8441,Severe
20259999,Parbhani,187.0,42.8,22.5,91.0,0.97,Marathwada,295,2,0,0.7,6.01,Flood,0.9819,Severe
20259999,Solapur,0.0,13.8,41.7,16.6,0.06,Pune Division,290,2,0,0.7,-1.48,Heatwave,0.6918,High
20259999,Mumbai City,220.2,17.2,22.8,88.3,0.94,Konkan,19652,2,1,0.85,-0.47,Landslide,0.7024,High
20259999,Nandurbar,0.1,16.0,37.9,22.2,0.09,Nashik Division,277,10,0,0.72,-2.82,Drought,0.9028,Severe
20259999,Wardha,0.0,6.8,47.0,10.8,0.11,Vidarbha,206,2,0,0.65,-1.47,Heatwave,0.9045,Severe
20259999,Nashik,265.7,27.1,24.8,95.4,0.85,Nashik Division,393,8,0,0.7,2.23,Flood,0.8694,Severe
20259999,Nashik,2.8,7.5,38.3,25.6,0.06,Nashik Division,393,8,0,0.7,-1.69,Drought,0.9064,Severe
20259999,Chandrapur,0.0,6.4,44.9,18.5,0.08,Vidarbha,193,3,0,0.75,-1.91,Heatwave,0.8174,Severe
20259999,Kolhapur,0.0,18.4,46.0,17.5,0.06,Pune Division,504,12,0,0.75,-2.1,Heatwave,0.8622,Severe
20259999,Dhule,0.0,7.0,41.8,11.0,0.1,Nashik Division,285,4,0,0.62,-2.23,Heatwave,0.6989,High
20259999,Satara,174.0,17.0,23.2,91.2,0.82,Pune Division,287,15,0,0.7,0.98,Landslide,0.7535,Severe
20259999,Parbhani,0.0,12.0,43.6,22.8,0.05,Marathwada,295,2,0,0.7,-2.16,Heatwave,0.7533,Severe
20259999,Nashik,183.6,90.1,24.1,96.2,0.93,Nashik Division,393,8,0,0.7,1.23,Cyclone,0.6457,High
20259999,Mumbai Suburban,0.0,6.8,44.5,13.0,0.13,Konkan,20980,3,1,0.8,-1.95,Heatwave,0.8179,Severe
20259999,Mumbai Suburban,212.9,95.1,26.9,88.3,0.89,Konkan,20980,3,1,0.8,0.78,Cyclone,0.8163,Severe
20259999,Sindhudurg,143.2,22.2,22.1,85.6,0.79,Konkan,167,20,1,0.75,5.5,Flood,0.8601,Severe
20259999,Akola,313.9,17.3,27.4,90.1,0.88,Vidarbha,320,2,0,0.65,3.72,Flood,1.0,Severe
20259999,Osmanabad,216.3,22.3,21.6,84.0,0.96,Marathwada,219,3,0,0.75,-0.97,Landslide,0.6997,High
20259999,Chandrapur,2.8,5.2,38.7,30.6,0.05,Vidarbha,193,3,0,0.75,-1.78,Drought,0.9175,Severe
20259999,Jalna,182.6,20.0,23.1,85.5,0.95,Marathwada,254,2,0,0.7,4.14,Flood,0.8628,Severe
20259999,Gondia,186.6,31.3,24.0,96.2,0.82,Vidarbha,253,5,0,0.7,5.91,Flood,0.953,Severe
20259999,Hingoli,340.0,15.5,22.4,91.5,0.96,Marathwada,244,3,0,0.68,5.15,Flood,1.0,Severe
20259999,Nagpur,1.0,12.0,37.8,20.3,0.08,Vidarbha,470,3,0,0.7,-1.58,Drought,0.9017,Severe
20259999,Osmanabad,251.8,41.5,25.1,93.6,0.85,Marathwada,219,3,0,0.75,3.44,Flood,0.9227,Severe
20259999,Aurangabad,179.6,16.9,22.7,85.8,0.97,Marathwada,366,3,0,0.72,1.45,Landslide,0.6151,High
20259999,Palghar,117.2,218.8,26.4,92.1,0.9,Konkan,362,8,1,0.7,0.7,Cyclone,1.0,Severe
20259999,Kolhapur,186.0,97.5,23.8,94.2,0.87,Pune Division,504,12,0,0.75,3.3,Cyclone,0.679,High
20259999,Kolhapur,217.6,24.8,21.7,88.6,0.81,Pune Division,504,12,0,0.75,1.4,Landslide,0.8136,Severe
20259999,Bhandara,251.6,17.8,23.2,80.3,0.81,Vidarbha,294,2,0,0.68,0.49,Landslide,0.7431,Severe
20259999,Sangli,1.2,8.8,37.6,27.9,0.04,Pune Division,329,5,0,0.65,-1.71,Drought,0.9132,Severe
20259999,Sangli,2.1,17.2,42.6,26.0,0.07,Pune Division,329,5,0,0.65,-2.5,Drought,0.9166,Severe
20259999,Beed,0.0,20.0,44.3,22.2,0.12,Marathwada,242,2,0,0.8,-1.6,Heatwave,0.7917,Severe
20259999,Chandrapur,157.6,25.7,20.3,91.4,0.95,Vidarbha,193,3,0,0.75,0.3,Landslide,0.5666,High
20259999,Aurangabad,130.6,77.1,26.6,97.9,0.83,Marathwada,366,3,0,0.72,0.58,Cyclone,0.5249,High
20259999,Aurangabad,162.9,11.4,24.5,88.4,0.9,Marathwada,366,3,0,0.72,-0.28,Landslide,0.5705,High
20259999,Amravati,100.6,16.7,24.0,93.6,0.84,Vidarbha,237,4,0,0.68,0.35,Landslide,0.4344,Medium
20259999,Nandurbar,0.0,5.8,42.5,13.3,0.05,Nashik Division,277,10,0,0.72,-2.31,Heatwave,0.7315,Severe
20259999,Nashik,268.3,14.1,25.6,89.8,0.82,Nashik Division,393,8,0,0.7,0.45,Landslide,0.8677,Severe
20259999,Mumbai Suburban,204.9,99.3,23.7,92.3,0.84,Konkan,20980,3,1,0.8,1.94,Cyclone,0.8183,Severe
20259999,Yavatmal,83.6,88.9,26.1,88.8,0.88,Vidarbha,204,4,0,0.72,2.81,Cyclone,0.4937,Medium
20259999,Sindhudurg,0.0,15.5,40.9,19.6,0.06,Konkan,167,20,1,0.75,-1.96,Drought,0.9316,Severe
20259999,Ahmednagar,152.6,76.5,25.9,91.2,0.77,Nashik Division,266,4,0,0.68,2.9,Cyclone,0.5519,High
20259999,Palghar,124.4,179.9,25.6,92.6,0.86,Konkan,362,8,1,0.7,2.07,Cyclone,0.9563,Severe
20259999,Wardha,117.0,96.3,23.2,88.0,0.93,Vidarbha,206,2,0,0.65,3.3,Cyclone,0.5615,High
20259999,Nashik,154.9,43.5,23.5,91.5,0.81,Nashik Division,393,8,0,0.7,3.16,Flood,0.7403,Severe
20259999,Palghar,0.0,11.3,42.0,11.9,0.1,Konkan,362,8,1,0.7,-1.39,Heatwave,0.7129,High
20259999,Kolhapur,179.2,84.6,24.9,89.5,0.83,Pune Division,504,12,0,0.75,0.46,Cyclone,0.6258,High
20259999,Yavatmal,185.1,24.9,26.2,92.0,0.95,Vidarbha,204,4,0,0.72,2.38,Flood,0.7662,Severe
20259999,Chandrapur,269.4,18.9,24.7,87.4,0.88,Vidarbha,193,3,0,0.75,-0.63,Landslide,0.8112,Severe
20259999,Nandurbar,155.8,23.5,23.0,93.2,0.81,Nashik Division,277,10,0,0.72,0.62,Landslide,0.6436,High
20259999,Nagpur,0.5,14.7,38.9,25.6,0.11,Vidarbha,470,3,0,0.7,-2.27,Drought,0.8944,Severe
20259999,Sangli,205.6,96.5,24.0,96.2,0.83,Pune Division,329,5,0,0.65,2.84,Cyclone,0.6951,High
20259999,Raigad,207.6,20.2,24.7,84.0,0.8,Konkan,368,12,1,0.75,0.02,Landslide,0.7901,Severe
20259999,Palghar,238.4,24.3,25.0,81.5,0.92,Konkan,362,8,1,0.7,-0.34,Landslide,0.8104,Severe
20259999,Akola,151.6,107.6,23.5,90.8,0.9,Vidarbha,320,2,0,0.65,0.05,Cyclone,0.6511,High
20259999,Thane,218.4,157.7,25.0,97.5,0.93,Konkan,1157,5,1,0.75,3.29,Cyclone,1.0,Severe
20259999,Gadchiroli,1.0,9.7,42.9,22.2,0.04,Vidarbha,74,8,0,0.85,-1.83,Drought,0.9551,Severe
20259999,Osmanabad,0.0,13.6,43.8,21.6,0.12,Marathwada,219,3,0,0.75,-2.29,Heatwave,0.7685,Severe
20259999,Solapur,200.2,18.9,22.9,94.9,0.81,Pune Division,290,2,0,0.7,2.8,Flood,0.7918,Severe
20259999,Thane,113.4,27.1,25.2,86.2,0.91,Konkan,1157,5,1,0.75,0.6,Landslide,0.4912,Medium
20259999,Pune,155.0,91.7,25.7,91.4,0.89,Pune Division,603,10,0,0.75,1.12,Cyclone,0.6132,High
20259999,Aurangabad,221.4,17.6,21.2,93.1,0.97,Marathwada,366,3,0,0.72,0.57,Landslide,0.7091,High
20259999,Ahmednagar,2.7,9.7,40.9,16.1,0.09,Nashik Division,266,4,0,0.68,-1.76,Drought,0.9016,Severe
20259999,Dhule,2.9,8.7,37.1,20.7,0.08,Nashik Division,285,4,0,0.62,-2.72,Drought,0.8842,Severe
20259999,Chandrapur,199.0,86.4,24.0,91.1,0.76,Vidarbha,193,3,0,0.75,0.9,Cyclone,0.6615,High
20259999,Nandurbar,159.5,88.9,23.0,90.1,0.93,Nashik Division,277,10,0,0.72,0.08,Cyclone,0.6076,High
20259999,Nagpur,120.4,12.7,21.1,92.0,0.89,Vidarbha,470,3,0,0.7,-0.64,Landslide,0.4719,Medium
20259999,Satara,142.7,16.6,26.8,93.1,0.96,Pune Division,287,15,0,0.7,4.24,Flood,0.8063,Severe
20259999,Jalna,161.8,14.0,23.0,92.6,0.9,Marathwada,254,2,0,0.7,-0.69,Landslide,0.552,High
20259999,Jalgaon,185.5,73.1,26.6,93.1,0.89,Nashik Division,360,3,0,0.65,3.2,Cyclone,0.5869,High
20259999,Dhule,181.0,97.0,24.0,93.8,0.92,Nashik Division,285,4,0,0.62,1.04,Cyclone,0.6568,High
20259999,Mumbai City,0.0,14.3,42.5,21.2,0.09,Konkan,19652,2,1,0.85,-1.41,Heatwave,0.7287,Severe
20259999,Latur,191.8,23.2,26.0,82.2,0.93,Marathwada,343,2,0,0.75,-0.65,Landslide,0.6276,High
20259999,Osmanabad,319.2,17.2,22.8,92.8,0.88,Marathwada,219,3,0,0.75,2.34,Flood,0.9709,Severe
20259999,Buldhana,249.7,16.5,27.2,95.5,0.94,Vidarbha,268,3,0,0.68,1.58,Flood,0.8174,Severe
20259999,Washim,0.0,10.1,46.1,12.4,0.12,Vidarbha,244,3,0,0.65,-1.66,Heatwave,0.8663,Severe
20259999,Parbhani,0.0,8.1,44.0,19.9,0.14,Marathwada,295,2,0,0.7,-2.27,Heatwave,0.7746,Severe
20259999,Ahmednagar,265.9,28.6,22.7,80.7,0.86,Nashik Division,266,4,0,0.68,-0.38,Landslide,0.8083,Severe
20259999,Latur,157.2,26.6,20.0,89.7,0.92,Marathwada,343,2,0,0.75,0.65,Landslide,0.5487,High
20259999,Nashik,2.4,15.2,36.2,15.6,0.1,Nashik Division,393,8,0,0.7,-2.14,Drought,0.8814,Severe
20259999,Gadchiroli,185.2,18.7,23.1,92.1,0.92,Vidarbha,74,8,0,0.85,-0.54,Landslide,0.7057,High
20259999,Mumbai Suburban,0.0,19.4,42.0,23.7,0.11,Konkan,20980,3,1,0.8,-2.21,Heatwave,0.6993,High
20259999,Nandurbar,342.5,18.7,25.0,85.7,0.84,Nashik Division,277,10,0,0.72,4.6,Flood,1.0,Severe
20259999,Mumbai City,157.1,36.1,25.4,88.5,0.97,Konkan,19652,2,1,0.85,2.96,Flood,0.7712,Severe
20259999,Nagpur,220.3,24.8,24.5,87.6,0.8,Vidarbha,470,3,0,0.7,-0.35,Landslide,0.6877,High
20259999,Thane,270.0,27.6,24.4,80.4,0.86,Konkan,1157,5,1,0.75,-0.68,Landslide,0.8385,Severe
20259999,Beed,175.5,84.1,23.7,91.8,0.83,Marathwada,242,2,0,0.8,0.83,Cyclone,0.6236,High
20259999,Sindhudurg,276.1,23.4,23.5,85.2,0.85,Konkan,167,20,1,0.75,4.13,Flood,1.0,Severe
20259999,Amravati,0.9,10.3,39.0,28.3,0.1,Vidarbha,237,4,0,0.68,-2.89,Drought,0.8958,Severe
20259999,Hingoli,147.1,20.5,23.9,92.3,0.81,Marathwada,244,3,0,0.68,2.5,Flood,0.6874,High
20259999,Bhandara,189.2,11.1,20.5,83.9,0.87,Vidarbha,294,2,0,0.68,-0.02,Landslide,0.6087,High
20259999,Akola,125.1,24.2,22.5,93.7,0.87,Vidarbha,320,2,0,0.65,0.11,Landslide,0.4615,Medium
20259999,Ahmednagar,212.2,15.5,24.6,89.4,0.94,Nashik Division,266,4,0,0.68,2.04,Flood,0.7842,Severe
20259999,Satara,284.2,22.3,22.5,95.9,0.83,Pune Division,287,15,0,0.7,2.23,Flood,0.896,Severe
20259999,Satara,158.7,29.5,25.3,93.1,0.87,Pune Division,287,15,0,0.7,1.41,Landslide,0.7241,Severe
20259999,Mumbai City,150.1,198.2,23.6,96.9,0.85,Konkan,19652,2,1,0.85,3.39,Cyclone,1.0,Severe
20259999,Pune,1.4,15.2,36.7,30.5,0.05,Pune Division,603,10,0,0.75,-2.58,Drought,0.9144,Severe
20259999,Ahmednagar,105.5,96.3,24.6,97.7,0.77,Nashik Division,266,4,0,0.68,2.11,Cyclone,0.5472,High
20259999,Jalna,0.0,11.7,43.3,25.8,0.14,Marathwada,254,2,0,0.7,-1.35,Heatwave,0.7356,Severe
